id_interaccion,id_post,id_usuario,tipo_interaccion,fecha_interaccion
1,31,271,like,2026-08-09
2,542,294,like,2026-07-30
3,37,296,compartir,2026-07-19
4,896,72,comentario,2026-08-07
5,1174,30,comentario,2026-07-08
6,49,66,comentario,2026-07-29
7,756,61,like,2026-08-09
8,972,175,like,2026-07-27
9,1101,277,vista,2026-06-24
10,914,193,like,2026-07-08
11,684,120,like,2026-07-22
12,1029,215,like,2026-08-01
13,425,337,comentario,2026-08-10
14,319,24,comentario,2026-06-25
15,129,189,like,2026-06-30
16,1181,236,comentario,2026-08-02
17,298,43,vista,2026-08-05
18,1034,81,comentario,2026-08-03
19,1171,103,vista,2026-07-06
20,54,155,compartir,2026-07-09
21,490,318,like,2026-07-20
22,961,209,comentario,2026-08-10
23,979,115,vista,2026-08-08
24,454,73,compartir,2026-07-18
25,1247,59,compartir,2026-07-11
26,178,225,comentario,2026-08-03
27,414,80,comentario,2026-07-21
28,246,131,compartir,2026-07-26
29,475,5,like,2026-08-01
30,692,154,like,2026-07-12
31,138,76,vista,2026-07-28
32,661,191,like,2026-08-08
33,213,146,compartir,2026-07-18
34,1148,79,compartir,2026-08-11
35,1023,95,compartir,2026-08-09
36,872,298,like,2026-08-04
37,95,24,vista,2026-08-07
38,1004,195,like,2026-07-08
39,1229,130,vista,2026-08-03
40,800,341,like,2026-08-03
41,253,108,compartir,2026-07-03
42,660,188,compartir,2026-07-04
43,905,95,comentario,2026-08-09
44,163,190,like,2026-06-25
45,789,245,like,2026-08-02
46,118,262,comentario,2026-07-21
47,583,189,compartir,2026-07-23
48,493,226,like,2026-07-22
49,334,37,comentario,2026-06-16
50,1169,21,like,2026-07-30
51,732,95,vista,2026-08-04
52,725,56,compartir,2026-07-29
53,1069,160,vista,2026-08-07
54,607,214,compartir,2026-08-01
55,149,47,comentario,2026-07-12
56,864,125,compartir,2026-08-08
57,460,246,compartir,2026-07-24
58,209,312,comentario,2026-07-25
59,913,91,compartir,2026-08-02
60,596,207,like,2026-08-10
61,297,158,comentario,2026-07-25
62,372,59,comentario,2026-08-09
63,818,160,comentario,2026-08-06
64,133,127,vista,2026-07-16
65,500,341,vista,2026-08-10
66,619,230,compartir,2026-07-30
67,778,313,comentario,2026-08-03
68,635,141,compartir,2026-08-11
69,978,320,like,2026-08-09
70,899,72,comentario,2026-08-07
71,1133,170,like,2026-08-10
72,25,247,compartir,2026-07-23
73,128,123,vista,2026-07-30
74,1170,145,compartir,2026-07-25
75,898,284,like,2026-08-06
76,1158,133,comentario,2026-07-20
77,790,12,compartir,2026-08-04
78,1035,42,comentario,2026-08-11
79,139,230,vista,2026-08-10
80,400,75,vista,2026-07-16
81,276,78,vista,2026-07-30
82,1050,254,comentario,2026-08-01
83,440,321,compartir,2026-08-10
84,138,99,comentario,2026-08-05
85,550,245,comentario,2026-07-07
86,265,342,compartir,2026-07-14
87,1088,257,vista,2026-08-11
88,424,51,vista,2026-08-11
89,123,19,compartir,2026-08-04
90,1232,325,comentario,2026-07-23
91,344,205,comentario,2026-07-26
92,202,220,vista,2026-08-08
93,633,171,like,2026-07-22
94,857,303,like,2026-08-09
95,1018,230,like,2026-07-15
96,258,269,comentario,2026-06-29
97,1161,332,comentario,2026-08-08
98,83,350,vista,2026-07-11
99,401,279,like,2026-08-09
100,49,240,vista,2026-07-21
101,1109,273,vista,2026-08-06
102,1102,327,vista,2026-07-26
103,1021,128,compartir,2026-06-29
104,20,265,like,2026-08-03
105,72,30,like,2026-07-07
106,1161,106,compartir,2026-08-01
107,386,317,compartir,2026-08-03
108,462,115,like,2026-08-10
109,699,265,compartir,2026-07-10
110,14,57,vista,2026-08-01
111,75,345,comentario,2026-08-08
112,367,123,vista,2026-08-11
113,1050,242,like,2026-07-21
114,229,100,compartir,2026-07-10
115,749,179,comentario,2026-08-08
116,1154,14,like,2026-08-04
117,1164,176,compartir,2026-07-12
118,666,1,comentario,2026-08-10
119,486,153,comentario,2026-08-11
120,762,80,compartir,2026-07-30
121,1123,222,comentario,2026-07-06
122,976,328,like,2026-08-09
123,712,266,compartir,2026-08-09
124,42,168,vista,2026-06-29
125,77,228,like,2026-08-10
126,114,174,like,2026-08-04
127,898,127,compartir,2026-07-28
128,1085,3,compartir,2026-07-12
129,668,348,comentario,2026-08-07
130,1249,231,like,2026-08-04
131,644,320,comentario,2026-07-06
132,132,139,like,2026-08-11
133,16,255,like,2026-07-23
134,352,299,vista,2026-08-11
135,284,98,like,2026-07-16
136,772,248,comentario,2026-08-08
137,827,281,comentario,2026-07-20
138,1040,24,vista,2026-07-17
139,1063,199,comentario,2026-07-30
140,752,242,compartir,2026-07-17
141,233,314,vista,2026-08-01
142,491,188,comentario,2026-07-12
143,618,291,comentario,2026-07-30
144,827,178,compartir,2026-07-20
145,98,250,vista,2026-07-12
146,157,135,compartir,2026-08-02
147,531,166,vista,2026-08-11
148,1047,294,vista,2026-08-03
149,1206,65,like,2026-08-04
150,997,65,comentario,2026-07-12
151,582,141,comentario,2026-08-10
152,1045,266,like,2026-08-09
153,217,21,compartir,2026-08-08
154,518,89,like,2026-06-26
155,491,175,comentario,2026-07-16
156,1220,117,comentario,2026-07-31
157,827,320,like,2026-07-28
158,670,224,like,2026-08-03
159,325,116,like,2026-08-10
160,1153,315,comentario,2026-07-08
161,719,127,like,2026-08-11
162,1180,334,like,2026-08-10
163,396,132,compartir,2026-07-07
164,1106,205,like,2026-08-11
165,346,146,comentario,2026-08-01
166,1034,86,compartir,2026-08-11
167,983,158,vista,2026-08-11
168,11,293,comentario,2026-08-11
169,353,286,comentario,2026-08-11
170,1083,84,vista,2026-08-09
171,975,79,comentario,2026-07-27
172,804,104,vista,2026-07-30
173,917,33,vista,2026-07-18
174,568,23,comentario,2026-07-28
175,925,182,like,2026-07-13
176,898,191,like,2026-07-29
177,838,51,vista,2026-08-11
178,426,85,compartir,2026-08-03
179,141,173,vista,2026-07-07
180,387,202,vista,2026-07-23
181,923,54,vista,2026-08-11
182,370,83,like,2026-08-05
183,837,28,like,2026-08-11
184,696,132,like,2026-07-26
185,699,57,vista,2026-08-04
186,42,125,compartir,2026-07-20
187,17,326,like,2026-08-11
188,7,110,comentario,2026-08-07
189,270,54,comentario,2026-07-17
190,644,295,comentario,2026-07-12
191,481,261,vista,2026-07-21
192,400,173,comentario,2026-08-05
193,951,260,vista,2026-08-11
194,1054,191,comentario,2026-08-03
195,483,329,compartir,2026-07-04
196,1004,315,vista,2026-07-10
197,238,274,comentario,2026-08-05
198,600,293,like,2026-07-29
199,88,47,vista,2026-07-16
200,682,345,like,2026-08-07
201,916,347,like,2026-08-06
202,618,260,like,2026-07-24
203,1042,8,like,2026-07-31
204,106,173,comentario,2026-08-10
205,694,2,comentario,2026-08-03
206,381,205,vista,2026-08-11
207,252,326,vista,2026-07-19
208,199,276,vista,2026-06-30
209,1035,275,comentario,2026-07-31
210,472,221,vista,2026-08-07
211,1250,299,like,2026-07-30
212,876,78,comentario,2026-07-01
213,271,129,vista,2026-07-17
214,314,164,like,2026-08-11
215,1091,121,vista,2026-08-04
216,747,235,compartir,2026-08-10
217,208,97,vista,2026-08-04
218,632,215,compartir,2026-08-06
219,700,298,vista,2026-08-07
220,757,120,vista,2026-08-09
221,108,281,comentario,2026-08-06
222,426,57,comentario,2026-08-07
223,186,95,compartir,2026-08-07
224,476,231,comentario,2026-08-08
225,227,266,like,2026-08-10
226,182,250,like,2026-08-08
227,978,90,compartir,2026-08-06
228,1250,45,like,2026-07-20
229,36,261,like,2026-06-21
230,430,83,vista,2026-07-16
231,234,48,comentario,2026-08-01
232,890,103,like,2026-08-05
233,737,67,like,2026-08-01
234,450,199,comentario,2026-07-11
235,1,210,like,2026-08-09
236,1076,192,like,2026-07-03
237,19,41,comentario,2026-08-10
238,619,89,vista,2026-07-17
239,1065,96,like,2026-07-29
240,357,229,comentario,2026-06-26
241,86,70,like,2026-07-31
242,861,261,like,2026-08-10
243,483,72,vista,2026-07-15
244,52,23,compartir,2026-08-06
245,1050,99,compartir,2026-06-29
246,1187,106,comentario,2026-07-22
247,199,257,compartir,2026-07-14
248,467,28,comentario,2026-06-28
249,861,319,compartir,2026-08-10
250,876,213,vista,2026-07-28
251,1173,300,comentario,2026-07-24
252,988,226,compartir,2026-07-18
253,295,191,vista,2026-07-29
254,69,95,compartir,2026-08-02
255,431,104,like,2026-07-20
256,716,120,like,2026-07-10
257,260,32,vista,2026-08-07
258,106,202,like,2026-08-07
259,166,292,like,2026-08-02
260,1238,27,comentario,2026-08-08
261,755,144,compartir,2026-08-03
262,852,248,comentario,2026-08-04
263,649,101,compartir,2026-08-04
264,317,236,like,2026-08-11
265,227,241,comentario,2026-08-10
266,150,235,compartir,2026-07-27
267,1033,313,compartir,2026-06-26
268,397,51,comentario,2026-07-11
269,28,321,vista,2026-07-26
270,1058,129,compartir,2026-07-31
271,1204,213,like,2026-08-01
272,5,264,compartir,2026-08-09
273,997,99,like,2026-07-15
274,1107,197,comentario,2026-07-28
275,486,117,compartir,2026-08-07
276,515,81,like,2026-08-10
277,858,25,like,2026-08-11
278,866,53,comentario,2026-07-08
279,246,146,compartir,2026-07-26
280,1111,216,compartir,2026-07-19
281,1219,277,comentario,2026-07-21
282,51,298,compartir,2026-07-14
283,490,22,comentario,2026-07-09
284,308,167,compartir,2026-08-06
285,32,140,vista,2026-07-30
286,365,68,compartir,2026-08-11
287,848,63,like,2026-08-03
288,298,175,like,2026-08-06
289,48,249,vista,2026-08-11
290,65,173,compartir,2026-07-17
291,1144,184,like,2026-07-25
292,155,103,like,2026-08-09
293,645,215,compartir,2026-06-27
294,420,224,comentario,2026-08-09
295,74,114,compartir,2026-08-09
296,707,6,comentario,2026-08-07
297,1165,209,vista,2026-08-07
298,598,211,vista,2026-07-08
299,970,160,like,2026-08-01
300,95,120,like,2026-08-03
301,555,177,like,2026-08-05
302,635,81,comentario,2026-08-11
303,33,263,like,2026-07-26
304,83,267,compartir,2026-06-15
305,82,172,comentario,2026-08-05
306,974,57,vista,2026-07-22
307,748,252,comentario,2026-08-10
308,998,53,like,2026-08-09
309,1018,149,compartir,2026-07-22
310,117,47,compartir,2026-07-03
311,48,253,like,2026-08-11
312,153,178,compartir,2026-08-10
313,750,316,comentario,2026-08-01
314,549,28,comentario,2026-07-28
315,545,71,like,2026-08-02
316,495,241,compartir,2026-07-01
317,55,132,vista,2026-07-30
318,834,337,comentario,2026-07-16
319,551,116,comentario,2026-07-26
320,337,287,comentario,2026-08-10
321,980,124,comentario,2026-06-29
322,431,294,vista,2026-07-10
323,216,121,like,2026-08-02
324,623,173,comentario,2026-07-18
325,1081,59,compartir,2026-08-05
326,1135,331,vista,2026-08-01
327,1117,73,comentario,2026-08-02
328,1212,336,compartir,2026-07-31
329,1142,346,comentario,2026-07-01
330,273,254,like,2026-08-06
331,568,90,vista,2026-07-24
332,591,72,like,2026-08-02
333,1227,172,vista,2026-08-11
334,786,291,comentario,2026-08-02
335,236,297,comentario,2026-07-17
336,3,87,vista,2026-07-11
337,103,81,compartir,2026-07-30
338,175,241,compartir,2026-08-09
339,97,142,comentario,2026-08-11
340,1032,167,comentario,2026-07-04
341,488,334,like,2026-07-26
342,587,17,comentario,2026-08-11
343,637,136,vista,2026-07-30
344,1229,157,compartir,2026-07-28
345,1108,318,compartir,2026-08-02
346,1046,330,like,2026-08-05
347,401,62,compartir,2026-08-09
348,514,267,compartir,2026-08-06
349,274,131,vista,2026-08-06
350,969,264,compartir,2026-08-11
351,804,96,like,2026-08-09
352,691,79,like,2026-07-06
353,965,197,compartir,2026-07-06
354,987,231,comentario,2026-08-10
355,1106,50,compartir,2026-08-06
356,153,121,like,2026-08-08
357,717,203,like,2026-08-03
358,831,160,vista,2026-08-09
359,363,270,compartir,2026-08-11
360,939,81,compartir,2026-07-14
361,1250,112,vista,2026-08-07
362,1219,333,like,2026-07-25
363,738,271,vista,2026-08-11
364,1024,210,comentario,2026-07-26
365,551,349,compartir,2026-08-03
366,189,127,like,2026-07-07
367,239,32,vista,2026-08-07
368,26,343,like,2026-08-04
369,457,29,comentario,2026-08-04
370,162,196,compartir,2026-08-08
371,1002,68,vista,2026-08-11
372,1009,36,like,2026-07-15
373,615,154,compartir,2026-08-03
374,1055,343,compartir,2026-08-09
375,1126,329,like,2026-07-30
376,982,188,compartir,2026-07-07
377,331,11,compartir,2026-07-17
378,914,21,vista,2026-07-10
379,814,164,compartir,2026-08-10
380,461,324,vista,2026-08-01
381,1220,210,compartir,2026-08-04
382,130,272,comentario,2026-07-30
383,663,111,comentario,2026-08-11
384,788,201,vista,2026-07-15
385,86,104,vista,2026-08-11
386,215,67,comentario,2026-07-23
387,109,153,compartir,2026-08-11
388,1248,297,vista,2026-07-02
389,262,91,like,2026-08-09
390,677,347,compartir,2026-08-09
391,297,22,compartir,2026-06-23
392,854,276,comentario,2026-08-11
393,75,55,vista,2026-07-20
394,415,222,compartir,2026-07-24
395,1220,122,vista,2026-08-04
396,884,84,vista,2026-08-10
397,527,189,vista,2026-08-07
398,1112,273,comentario,2026-07-21
399,286,150,vista,2026-08-04
400,491,30,comentario,2026-07-04
401,334,320,like,2026-08-08
402,430,24,compartir,2026-08-08
403,660,169,compartir,2026-07-23
404,643,22,like,2026-08-11
405,87,48,comentario,2026-07-18
406,80,147,compartir,2026-07-23
407,1132,97,comentario,2026-07-03
408,363,102,comentario,2026-08-06
409,1116,335,comentario,2026-07-08
410,524,346,like,2026-07-21
411,226,217,like,2026-07-20
412,1238,345,comentario,2026-07-31
413,994,50,vista,2026-08-06
414,800,129,like,2026-08-05
415,58,241,vista,2026-08-07
416,897,114,vista,2026-08-08
417,574,235,comentario,2026-08-01
418,876,114,vista,2026-06-19
419,1126,12,vista,2026-08-09
420,632,221,vista,2026-08-04
421,1035,245,comentario,2026-07-26
422,745,79,comentario,2026-07-31
423,403,310,like,2026-08-03
424,298,13,like,2026-08-03
425,355,345,vista,2026-06-30
426,218,80,comentario,2026-08-01
427,1190,320,comentario,2026-07-07
428,1005,235,vista,2026-08-07
429,807,16,like,2026-08-08
430,754,219,comentario,2026-06-29
431,375,14,like,2026-07-17
432,217,188,vista,2026-07-13
433,550,349,comentario,2026-07-16
434,1049,255,vista,2026-08-05
435,803,168,compartir,2026-07-03
436,718,177,vista,2026-08-02
437,468,246,vista,2026-07-25
438,831,230,vista,2026-07-10
439,497,135,comentario,2026-07-23
440,421,234,vista,2026-08-05
441,122,245,vista,2026-08-05
442,1211,226,compartir,2026-08-07
443,400,142,comentario,2026-08-05
444,502,225,compartir,2026-08-03
445,17,318,vista,2026-08-11
446,955,63,comentario,2026-08-08
447,47,206,compartir,2026-07-07
448,664,17,vista,2026-07-01
449,705,64,like,2026-07-10
450,561,338,compartir,2026-07-10
451,563,69,comentario,2026-08-05
452,170,76,compartir,2026-07-28
453,272,328,compartir,2026-07-23
454,1148,129,compartir,2026-08-11
455,65,179,like,2026-08-07
456,1249,254,comentario,2026-08-07
457,809,230,comentario,2026-08-09
458,684,248,comentario,2026-07-29
459,1012,257,vista,2026-07-11
460,494,5,comentario,2026-07-27
461,1173,132,comentario,2026-07-26
462,575,238,like,2026-07-08
463,967,323,vista,2026-08-10
464,267,319,vista,2026-08-11
465,654,216,compartir,2026-08-05
466,974,165,vista,2026-07-16
467,179,8,vista,2026-07-30
468,384,183,like,2026-07-21
469,265,117,comentario,2026-06-18
470,890,81,vista,2026-07-23
471,281,68,vista,2026-07-05
472,487,94,like,2026-07-30
473,749,101,vista,2026-08-04
474,560,33,vista,2026-08-11
475,855,311,like,2026-07-26
476,873,290,compartir,2026-08-10
477,746,283,compartir,2026-07-24
478,487,62,vista,2026-08-03
479,877,142,vista,2026-08-11
480,552,151,comentario,2026-08-11
481,134,261,vista,2026-08-08
482,454,199,comentario,2026-07-08
483,360,79,compartir,2026-08-11
484,697,324,vista,2026-07-06
485,160,283,vista,2026-08-09
486,47,97,like,2026-07-17
487,382,145,vista,2026-08-10
488,1127,2,compartir,2026-08-09
489,1035,293,vista,2026-07-30
490,395,174,comentario,2026-07-20
491,103,136,vista,2026-07-21
492,685,306,comentario,2026-08-11
493,322,173,like,2026-08-11
494,1090,128,vista,2026-07-11
495,252,13,like,2026-07-08
496,219,44,like,2026-07-27
497,704,286,vista,2026-07-30
498,187,343,comentario,2026-07-18
499,524,87,vista,2026-07-20
500,984,281,comentario,2026-07-31
501,185,107,like,2026-08-09
502,1056,319,compartir,2026-07-30
503,1091,21,vista,2026-08-10
504,728,204,compartir,2026-08-04
505,238,205,comentario,2026-08-10
506,232,65,vista,2026-08-09
507,392,222,compartir,2026-07-12
508,871,110,compartir,2026-07-03
509,981,96,vista,2026-07-17
510,436,262,compartir,2026-08-07
511,112,343,vista,2026-06-26
512,695,79,compartir,2026-06-18
513,333,222,like,2026-07-28
514,714,316,vista,2026-08-10
515,111,119,like,2026-07-12
516,842,72,like,2026-07-20
517,689,214,compartir,2026-07-22
518,43,117,comentario,2026-08-01
519,410,110,like,2026-06-20
520,1133,309,like,2026-08-08
521,1127,202,like,2026-08-05
522,598,45,comentario,2026-07-20
523,988,276,comentario,2026-07-10
524,510,98,like,2026-08-11
525,404,20,comentario,2026-07-20
526,293,220,comentario,2026-07-13
527,70,175,comentario,2026-07-15
528,89,236,vista,2026-07-21
529,247,36,like,2026-08-01
530,738,249,comentario,2026-08-10
531,971,47,vista,2026-08-08
532,729,304,compartir,2026-07-14
533,1120,320,compartir,2026-08-04
534,1216,207,comentario,2026-07-24
535,134,163,like,2026-08-10
536,15,179,comentario,2026-07-14
537,211,164,compartir,2026-08-07
538,805,204,like,2026-08-09
539,478,271,like,2026-07-29
540,1235,211,compartir,2026-07-29
541,101,120,vista,2026-07-21
542,1212,188,vista,2026-07-16
543,1062,319,comentario,2026-07-04
544,734,332,like,2026-08-10
545,534,226,comentario,2026-07-14
546,962,251,like,2026-08-10
547,213,228,compartir,2026-08-09
548,248,11,like,2026-07-07
549,638,159,like,2026-07-12
550,1241,223,compartir,2026-07-05
551,700,241,vista,2026-07-20
552,517,68,compartir,2026-08-01
553,683,190,like,2026-07-05
554,711,284,compartir,2026-07-16
555,943,99,like,2026-08-11
556,1019,302,vista,2026-07-30
557,636,310,vista,2026-07-05
558,871,223,like,2026-08-01
559,679,152,vista,2026-08-02
560,157,138,compartir,2026-07-12
561,1150,291,vista,2026-08-11
562,356,285,comentario,2026-07-12
563,1035,88,vista,2026-08-08
564,744,134,comentario,2026-07-08
565,479,112,compartir,2026-07-01
566,1018,69,vista,2026-08-08
567,206,221,vista,2026-07-26
568,837,165,vista,2026-08-11
569,792,345,compartir,2026-07-25
570,244,97,compartir,2026-07-19
571,1104,169,comentario,2026-07-05
572,164,100,like,2026-08-11
573,33,265,compartir,2026-08-07
574,33,321,vista,2026-07-05
575,219,125,comentario,2026-07-30
576,1168,201,vista,2026-08-07
577,327,295,vista,2026-07-04
578,343,57,compartir,2026-08-05
579,183,324,like,2026-08-08
580,12,222,vista,2026-08-09
581,784,171,compartir,2026-07-31
582,495,185,comentario,2026-07-06
583,141,146,vista,2026-07-18
584,1106,301,comentario,2026-07-29
585,899,227,compartir,2026-07-29
586,1111,32,compartir,2026-07-01
587,267,108,compartir,2026-07-14
588,1176,257,compartir,2026-07-20
589,1102,247,compartir,2026-07-09
590,521,17,like,2026-08-10
591,779,236,comentario,2026-08-04
592,562,295,like,2026-07-21
593,672,57,comentario,2026-07-28
594,98,221,vista,2026-08-11
595,461,33,vista,2026-07-30
596,785,208,comentario,2026-07-26
597,677,316,vista,2026-08-07
598,480,178,vista,2026-08-08
599,39,217,vista,2026-07-26
600,911,82,like,2026-08-08
601,332,308,like,2026-07-24
602,511,209,compartir,2026-08-04
603,317,166,comentario,2026-08-09
604,818,301,vista,2026-08-06
605,45,235,comentario,2026-07-28
606,633,61,compartir,2026-07-15
607,810,62,compartir,2026-07-24
608,678,208,vista,2026-07-16
609,1233,99,compartir,2026-07-02
610,384,200,vista,2026-08-08
611,211,241,compartir,2026-07-15
612,391,10,compartir,2026-08-08
613,1221,118,vista,2026-08-09
614,838,281,compartir,2026-08-11
615,846,273,compartir,2026-08-04
616,462,308,compartir,2026-08-11
617,821,136,comentario,2026-08-05
618,432,303,like,2026-08-09
619,365,126,comentario,2026-08-10
620,85,61,compartir,2026-08-04
621,1127,339,like,2026-08-05
622,169,13,comentario,2026-08-11
623,784,263,comentario,2026-07-11
624,1101,305,comentario,2026-07-10
625,164,161,vista,2026-08-11
626,637,330,compartir,2026-06-23
627,982,143,compartir,2026-08-08
628,1230,271,like,2026-07-31
629,1058,150,comentario,2026-08-10
630,773,300,compartir,2026-07-20
631,310,1,comentario,2026-07-31
632,8,322,compartir,2026-08-06
633,921,292,comentario,2026-07-02
634,836,62,compartir,2026-07-29
635,1151,273,like,2026-07-17
636,224,157,comentario,2026-08-04
637,37,228,compartir,2026-08-05
638,1118,13,like,2026-07-20
639,353,126,like,2026-08-09
640,148,61,compartir,2026-08-08
641,511,100,comentario,2026-07-29
642,113,329,vista,2026-08-08
643,227,116,like,2026-08-11
644,303,269,like,2026-08-08
645,717,187,compartir,2026-08-03
646,136,209,vista,2026-07-20
647,433,308,vista,2026-08-04
648,307,318,vista,2026-08-05
649,920,25,compartir,2026-08-09
650,43,338,comentario,2026-08-11
651,185,71,like,2026-07-22
652,285,100,compartir,2026-07-31
653,649,233,vista,2026-06-25
654,466,24,like,2026-07-29
655,770,18,like,2026-07-27
656,799,213,vista,2026-08-07
657,317,45,vista,2026-08-11
658,749,10,like,2026-08-09
659,68,39,like,2026-08-06
660,425,43,comentario,2026-08-09
661,530,151,comentario,2026-08-09
662,12,238,compartir,2026-08-10
663,1038,296,like,2026-07-28
664,372,20,comentario,2026-08-11
665,786,262,like,2026-07-17
666,1097,284,vista,2026-08-09
667,1171,262,comentario,2026-07-01
668,706,287,vista,2026-07-24
669,466,15,vista,2026-07-14
670,221,308,vista,2026-07-26
671,680,61,compartir,2026-06-28
672,356,241,vista,2026-07-13
673,1017,8,compartir,2026-07-12
674,922,170,like,2026-08-10
675,484,41,like,2026-08-01
676,527,278,comentario,2026-07-31
677,45,317,comentario,2026-08-06
678,57,262,compartir,2026-06-21
679,1085,89,like,2026-07-17
680,474,350,comentario,2026-08-06
681,1086,155,comentario,2026-07-25
682,759,270,comentario,2026-07-26
683,521,306,like,2026-08-06
684,772,307,comentario,2026-07-27
685,905,251,like,2026-08-09
686,934,103,vista,2026-06-18
687,939,200,vista,2026-07-18
688,579,288,vista,2026-07-01
689,657,19,compartir,2026-07-19
690,679,337,like,2026-08-06
691,888,298,comentario,2026-08-10
692,875,215,compartir,2026-07-26
693,238,260,compartir,2026-08-11
694,786,208,vista,2026-07-05
695,807,266,like,2026-08-08
696,285,22,comentario,2026-07-12
697,820,234,compartir,2026-07-26
698,180,330,comentario,2026-08-03
699,115,342,vista,2026-07-17
700,447,110,like,2026-08-10
701,378,61,comentario,2026-07-20
702,223,110,comentario,2026-08-06
703,4,98,compartir,2026-07-28
704,1077,318,comentario,2026-07-30
705,220,125,like,2026-07-23
706,1139,214,like,2026-08-04
707,1138,28,comentario,2026-06-27
708,212,1,compartir,2026-07-06
709,551,176,compartir,2026-07-22
710,73,28,vista,2026-07-23
711,652,45,like,2026-08-09
712,352,137,vista,2026-08-11
713,377,66,compartir,2026-07-08
714,685,186,vista,2026-08-06
715,1219,226,compartir,2026-08-11
716,904,181,vista,2026-08-02
717,791,320,vista,2026-08-06
718,256,284,like,2026-06-28
719,293,43,like,2026-07-23
720,826,344,vista,2026-07-29
721,76,279,compartir,2026-08-11
722,34,210,compartir,2026-07-08
723,51,319,like,2026-08-06
724,484,140,like,2026-08-06
725,987,126,comentario,2026-08-11
726,234,138,like,2026-08-07
727,323,280,compartir,2026-06-15
728,149,51,like,2026-07-27
729,878,48,comentario,2026-08-10
730,209,81,vista,2026-08-10
731,646,60,vista,2026-07-10
732,615,65,compartir,2026-08-11
733,931,134,comentario,2026-07-25
734,397,324,vista,2026-07-27
735,1137,225,vista,2026-08-09
736,365,26,like,2026-08-11
737,1128,44,vista,2026-07-26
738,865,230,compartir,2026-08-01
739,520,291,vista,2026-07-24
740,716,330,compartir,2026-08-11
741,997,313,compartir,2026-07-05
742,1172,188,like,2026-07-31
743,1096,342,comentario,2026-08-02
744,789,102,compartir,2026-08-09
745,1032,135,vista,2026-08-05
746,774,294,vista,2026-08-10
747,977,37,compartir,2026-07-09
748,635,276,vista,2026-08-11
749,676,329,like,2026-08-04
750,687,229,vista,2026-07-19
751,850,151,like,2026-07-16
752,680,23,compartir,2026-06-21
753,702,148,compartir,2026-08-05
754,1123,123,compartir,2026-08-11
755,589,207,like,2026-08-07
756,918,159,vista,2026-08-07
757,30,344,like,2026-08-10
758,245,155,vista,2026-07-08
759,783,238,vista,2026-07-27
760,459,206,like,2026-08-01
761,281,10,comentario,2026-06-21
762,1002,275,compartir,2026-08-11
763,194,22,vista,2026-07-09
764,83,291,vista,2026-06-19
765,617,293,like,2026-08-10
766,1157,188,comentario,2026-08-11
767,765,126,compartir,2026-08-03
768,432,235,comentario,2026-07-29
769,842,211,compartir,2026-06-28
770,1113,221,vista,2026-07-18
771,54,138,vista,2026-07-06
772,1142,19,like,2026-06-30
773,324,212,like,2026-08-01
774,674,202,comentario,2026-07-29
775,819,280,comentario,2026-08-07
776,740,30,compartir,2026-08-08
777,1186,98,like,2026-07-27
778,118,104,vista,2026-07-07
779,827,302,like,2026-07-24
780,749,22,comentario,2026-08-09
781,785,101,like,2026-06-22
782,1042,276,vista,2026-08-10
783,1025,198,like,2026-08-11
784,276,235,comentario,2026-06-28
785,877,44,vista,2026-08-11
786,87,138,compartir,2026-08-11
787,481,272,compartir,2026-07-30
788,936,305,vista,2026-07-27
789,33,72,vista,2026-07-09
790,954,302,vista,2026-08-02
791,1178,272,comentario,2026-08-10
792,208,322,vista,2026-08-07
793,1051,144,comentario,2026-08-05
794,852,286,vista,2026-08-07
795,41,69,comentario,2026-07-21
796,949,226,comentario,2026-08-11
797,194,180,like,2026-08-11
798,1227,304,compartir,2026-08-11
799,588,101,vista,2026-07-30
800,1058,75,compartir,2026-08-06
801,608,150,compartir,2026-08-11
802,823,176,like,2026-08-05
803,1007,246,compartir,2026-07-24
804,863,313,compartir,2026-08-08
805,914,337,vista,2026-07-31
806,1176,69,comentario,2026-07-14
807,515,231,vista,2026-08-08
808,987,112,vista,2026-08-11
809,112,6,compartir,2026-07-29
810,403,100,compartir,2026-08-03
811,1177,115,vista,2026-08-01
812,45,242,vista,2026-08-05
813,736,272,compartir,2026-08-11
814,672,90,comentario,2026-07-08
815,258,197,comentario,2026-07-08
816,1023,97,vista,2026-08-11
817,286,230,comentario,2026-08-02
818,805,146,vista,2026-08-08
819,653,234,like,2026-06-28
820,757,302,compartir,2026-08-10
821,446,12,vista,2026-07-26
822,462,48,vista,2026-07-16
823,541,328,vista,2026-08-04
824,237,305,comentario,2026-07-10
825,844,8,vista,2026-08-11
826,247,2,like,2026-07-21
827,89,152,comentario,2026-06-14
828,547,68,compartir,2026-07-11
829,145,21,like,2026-07-22
830,187,127,vista,2026-07-29
831,591,140,like,2026-07-31
832,80,17,vista,2026-07-11
833,600,308,like,2026-07-08
834,834,99,comentario,2026-07-13
835,15,15,vista,2026-07-08
836,696,9,comentario,2026-08-07
837,344,314,like,2026-08-07
838,1012,271,vista,2026-07-14
839,684,46,compartir,2026-08-02
840,754,230,compartir,2026-07-11
841,1210,96,vista,2026-07-24
842,1035,97,like,2026-08-01
843,913,251,compartir,2026-08-09
844,12,8,vista,2026-08-06
845,1093,154,compartir,2026-07-13
846,344,108,vista,2026-07-29
847,501,120,like,2026-08-05
848,814,289,like,2026-08-11
849,1211,189,comentario,2026-08-07
850,1147,274,compartir,2026-08-08
851,367,99,comentario,2026-07-24
852,365,86,like,2026-08-10
853,830,161,vista,2026-08-11
854,155,147,like,2026-08-11
855,1171,120,like,2026-06-29
856,847,269,vista,2026-07-29
857,181,103,comentario,2026-06-27
858,849,173,compartir,2026-08-10
859,444,122,like,2026-07-08
860,1019,165,like,2026-08-10
861,731,291,compartir,2026-08-08
862,347,344,like,2026-07-30
863,879,97,compartir,2026-07-31
864,648,294,compartir,2026-08-05
865,815,175,compartir,2026-08-08
866,415,55,vista,2026-08-01
867,987,234,comentario,2026-08-09
868,394,318,comentario,2026-08-03
869,106,258,vista,2026-08-10
870,948,43,comentario,2026-07-26
871,935,221,comentario,2026-07-31
872,899,10,comentario,2026-07-18
873,50,341,like,2026-08-06
874,686,224,vista,2026-08-07
875,21,75,comentario,2026-08-03
876,936,231,vista,2026-07-31
877,1172,343,comentario,2026-07-29
878,1001,199,comentario,2026-07-11
879,16,129,vista,2026-08-10
880,776,3,compartir,2026-08-04
881,1168,248,vista,2026-08-10
882,780,266,compartir,2026-07-27
883,97,169,like,2026-08-06
884,978,5,vista,2026-08-11
885,249,45,compartir,2026-08-09
886,1190,210,comentario,2026-07-07
887,1154,240,like,2026-07-26
888,1191,122,vista,2026-07-08
889,969,176,compartir,2026-08-08
890,700,260,compartir,2026-07-22
891,495,252,vista,2026-07-31
892,1065,175,compartir,2026-07-31
893,340,84,vista,2026-07-12
894,28,153,compartir,2026-07-24
895,1158,341,comentario,2026-07-18
896,199,115,vista,2026-07-10
897,657,230,vista,2026-08-04
898,557,235,like,2026-07-30
899,1017,33,comentario,2026-07-10
900,773,270,vista,2026-08-07
901,690,125,compartir,2026-07-14
902,926,56,compartir,2026-07-25
903,1002,329,compartir,2026-08-11
904,1079,281,like,2026-08-10
905,27,19,vista,2026-08-11
906,528,30,compartir,2026-08-01
907,466,231,like,2026-08-06
908,1107,130,like,2026-07-28
909,502,256,vista,2026-08-08
910,254,165,compartir,2026-06-29
911,574,157,comentario,2026-08-03
912,919,256,compartir,2026-08-08
913,590,255,comentario,2026-07-26
914,1025,32,comentario,2026-08-10
915,1218,323,compartir,2026-08-03
916,706,167,comentario,2026-07-09
917,803,165,like,2026-07-19
918,1062,78,like,2026-07-31
919,20,340,compartir,2026-08-04
920,1221,196,vista,2026-08-09
921,1137,337,like,2026-07-29
922,785,195,compartir,2026-06-23
923,10,129,comentario,2026-08-03
924,990,143,like,2026-07-25
925,471,300,compartir,2026-08-04
926,383,164,compartir,2026-08-07
927,798,171,vista,2026-08-04
928,1115,26,comentario,2026-08-06
929,885,332,comentario,2026-08-09
930,592,26,comentario,2026-08-05
931,94,155,compartir,2026-08-07
932,222,205,compartir,2026-08-10
933,706,130,comentario,2026-08-01
934,137,103,compartir,2026-06-23
935,449,76,vista,2026-06-20
936,582,185,compartir,2026-08-10
937,1112,309,compartir,2026-07-31
938,423,81,like,2026-08-06
939,567,135,vista,2026-08-02
940,1001,254,like,2026-08-04
941,123,2,comentario,2026-08-04
942,599,119,comentario,2026-08-03
943,199,272,vista,2026-07-19
944,116,61,compartir,2026-08-03
945,200,248,like,2026-08-07
946,145,68,vista,2026-07-18
947,660,206,like,2026-07-05
948,738,198,compartir,2026-08-11
949,782,217,like,2026-07-29
950,1201,333,vista,2026-06-15
951,386,134,compartir,2026-08-05
952,17,301,compartir,2026-08-11
953,412,270,vista,2026-07-01
954,1122,19,compartir,2026-08-11
955,1187,199,like,2026-07-26
956,418,169,comentario,2026-08-02
957,932,195,vista,2026-08-11
958,293,25,like,2026-06-26
959,513,222,compartir,2026-07-06
960,368,279,comentario,2026-08-10
961,180,255,like,2026-07-30
962,505,261,vista,2026-08-11
963,547,44,compartir,2026-07-18
964,1060,172,vista,2026-07-24
965,815,17,like,2026-08-10
966,1176,255,comentario,2026-07-27
967,292,204,like,2026-07-30
968,229,256,like,2026-08-08
969,178,48,compartir,2026-08-08
970,1086,136,vista,2026-08-01
971,285,92,like,2026-07-14
972,326,204,like,2026-08-05
973,1126,276,comentario,2026-08-08
974,748,213,comentario,2026-08-10
975,1212,251,vista,2026-08-01
976,325,94,vista,2026-08-10
977,257,248,compartir,2026-08-11
978,811,219,vista,2026-07-27
979,857,45,comentario,2026-08-09
980,1066,129,vista,2026-08-06
981,4,152,like,2026-06-21
982,937,234,vista,2026-08-11
983,176,312,vista,2026-08-05
984,1044,1,compartir,2026-08-06
985,924,129,like,2026-08-03
986,127,51,compartir,2026-08-08
987,871,280,comentario,2026-07-13
988,258,177,vista,2026-07-16
989,1140,194,vista,2026-07-09
990,422,61,comentario,2026-07-25
991,290,307,compartir,2026-07-13
992,343,293,like,2026-08-05
993,1165,282,compartir,2026-07-25
994,384,327,compartir,2026-08-04
995,603,206,like,2026-07-29
996,829,177,vista,2026-07-18
997,1203,43,compartir,2026-07-23
998,182,69,comentario,2026-08-08
999,1190,55,like,2026-07-11
1000,709,93,vista,2026-08-08
1001,1093,333,like,2026-07-15
1002,659,112,comentario,2026-08-05
1003,1214,60,like,2026-07-09
1004,160,284,like,2026-08-09
1005,1106,293,compartir,2026-08-04
1006,1185,321,comentario,2026-07-02
1007,396,195,comentario,2026-07-03
1008,93,322,comentario,2026-07-28
1009,1239,76,like,2026-08-11
1010,200,290,comentario,2026-08-09
1011,950,148,comentario,2026-08-09
1012,496,333,comentario,2026-08-09
1013,1158,114,compartir,2026-07-19
1014,983,9,comentario,2026-08-11
1015,535,210,like,2026-06-25
1016,1132,173,compartir,2026-07-10
1017,101,37,comentario,2026-07-26
1018,1060,341,comentario,2026-07-13
1019,628,322,compartir,2026-07-08
1020,1239,53,comentario,2026-07-10
1021,1151,103,like,2026-07-20
1022,1069,134,like,2026-07-26
1023,624,264,comentario,2026-07-10
1024,815,222,like,2026-07-29
1025,1111,81,compartir,2026-08-09
1026,1213,170,comentario,2026-07-19
1027,630,37,compartir,2026-07-28
1028,259,148,like,2026-07-09
1029,786,314,comentario,2026-07-05
1030,1072,100,compartir,2026-07-26
1031,615,229,like,2026-08-04
1032,515,273,comentario,2026-08-08
1033,316,89,vista,2026-08-06
1034,17,10,like,2026-08-11
1035,95,9,like,2026-08-08
1036,1072,10,vista,2026-07-31
1037,60,165,vista,2026-07-16
1038,809,60,compartir,2026-08-10
1039,161,287,like,2026-08-05
1040,908,41,vista,2026-08-07
1041,1060,12,comentario,2026-07-25
1042,420,125,like,2026-07-18
1043,16,74,compartir,2026-07-28
1044,942,313,vista,2026-08-02
1045,748,271,like,2026-08-11
1046,1022,70,like,2026-08-08
1047,878,242,vista,2026-07-30
1048,547,267,vista,2026-07-28
1049,1122,61,vista,2026-07-20
1050,653,50,like,2026-06-24
1051,474,203,vista,2026-08-08
1052,542,88,vista,2026-07-28
1053,1162,266,like,2026-07-29
1054,586,129,like,2026-07-21
1055,731,28,compartir,2026-07-30
1056,818,212,comentario,2026-08-08
1057,795,200,like,2026-07-30
1058,579,58,comentario,2026-08-03
1059,275,159,compartir,2026-07-30
1060,437,294,compartir,2026-08-06
1061,7,240,vista,2026-08-11
1062,848,205,compartir,2026-08-07
1063,1217,345,vista,2026-08-04
1064,879,349,vista,2026-08-08
1065,368,174,like,2026-08-03
1066,1172,261,like,2026-07-10
1067,112,55,comentario,2026-07-12
1068,978,164,vista,2026-08-08
1069,1055,153,vista,2026-08-11
1070,1108,199,comentario,2026-08-01
1071,1157,249,vista,2026-08-06
1072,951,296,compartir,2026-08-10
1073,195,290,vista,2026-07-15
1074,657,130,vista,2026-08-08
1075,882,324,vista,2026-07-22
1076,445,160,like,2026-08-04
1077,736,126,compartir,2026-08-10
1078,900,10,vista,2026-07-25
1079,379,282,compartir,2026-07-17
1080,413,340,compartir,2026-07-20
1081,1063,118,compartir,2026-08-04
1082,662,281,comentario,2026-06-16
1083,909,231,vista,2026-07-26
1084,1240,308,like,2026-08-11
1085,866,134,like,2026-08-06
1086,55,302,like,2026-07-22
1087,778,214,like,2026-08-11
1088,677,78,vista,2026-08-08
1089,111,10,like,2026-07-30
1090,424,89,compartir,2026-08-11
1091,593,2,comentario,2026-07-02
1092,817,343,like,2026-07-11
1093,6,322,compartir,2026-08-09
1094,785,285,like,2026-07-05
1095,298,59,vista,2026-08-05
1096,1030,154,compartir,2026-07-04
1097,455,236,vista,2026-07-01
1098,1048,310,like,2026-07-16
1099,444,266,compartir,2026-06-19
1100,1125,189,compartir,2026-07-13
1101,33,40,compartir,2026-07-03
1102,765,223,like,2026-08-01
1103,1069,270,comentario,2026-07-16
1104,1250,82,comentario,2026-07-25
1105,165,281,vista,2026-06-25
1106,350,182,comentario,2026-07-14
1107,393,226,like,2026-07-28
1108,1140,94,compartir,2026-08-09
1109,35,11,compartir,2026-07-24
1110,651,33,like,2026-08-01
1111,1115,217,compartir,2026-08-05
1112,423,64,comentario,2026-08-05
1113,35,122,vista,2026-07-23
1114,732,53,like,2026-07-21
1115,425,285,compartir,2026-08-03
1116,866,119,like,2026-06-25
1117,334,69,comentario,2026-07-21
1118,929,78,compartir,2026-08-09
1119,677,87,compartir,2026-08-08
1120,515,280,compartir,2026-08-08
1121,1009,312,compartir,2026-08-08
1122,896,294,like,2026-08-09
1123,768,72,comentario,2026-07-26
1124,1094,109,comentario,2026-07-31
1125,801,39,vista,2026-08-06
1126,920,331,like,2026-07-23
1127,1121,102,comentario,2026-08-04
1128,315,194,like,2026-07-31
1129,1011,162,like,2026-08-10
1130,1185,123,comentario,2026-08-06
1131,589,316,vista,2026-07-26
1132,849,137,vista,2026-08-10
1133,1121,232,vista,2026-08-08
1134,188,331,compartir,2026-08-11
1135,428,222,comentario,2026-07-31
1136,657,242,compartir,2026-07-23
1137,1135,176,compartir,2026-07-21
1138,140,88,compartir,2026-07-13
1139,1212,208,like,2026-07-30
1140,534,205,like,2026-07-20
1141,739,93,comentario,2026-07-12
1142,626,62,comentario,2026-08-10
1143,620,29,like,2026-07-17
1144,285,99,like,2026-07-25
1145,306,155,compartir,2026-07-04
1146,210,230,vista,2026-08-09
1147,161,242,vista,2026-07-15
1148,1134,346,vista,2026-08-09
1149,669,134,vista,2026-08-09
1150,438,261,vista,2026-08-07
1151,496,350,compartir,2026-08-10
1152,855,312,comentario,2026-08-02
1153,274,23,like,2026-08-11
1154,709,124,compartir,2026-07-09
1155,326,179,vista,2026-08-10
1156,578,216,like,2026-08-11
1157,654,123,compartir,2026-08-09
1158,328,22,vista,2026-08-06
1159,1194,176,compartir,2026-07-11
1160,57,225,like,2026-08-04
1161,578,82,comentario,2026-07-17
1162,83,308,vista,2026-08-04
1163,1077,53,like,2026-08-03
1164,275,124,like,2026-07-04
1165,637,120,comentario,2026-08-11
1166,80,319,compartir,2026-08-10
1167,892,42,comentario,2026-07-11
1168,80,191,comentario,2026-08-04
1169,817,309,compartir,2026-08-02
1170,293,305,compartir,2026-07-03
1171,943,246,compartir,2026-08-11
1172,1229,263,like,2026-07-30
1173,934,115,like,2026-07-17
1174,957,37,vista,2026-07-03
1175,1120,134,vista,2026-07-28
1176,203,36,comentario,2026-08-01
1177,1129,94,comentario,2026-07-11
1178,505,278,vista,2026-08-11
1179,401,66,comentario,2026-08-07
1180,347,99,compartir,2026-07-23
1181,1142,336,like,2026-07-08
1182,981,18,vista,2026-08-05
1183,732,44,like,2026-07-23
1184,731,298,vista,2026-08-10
1185,399,346,like,2026-07-31
1186,453,102,vista,2026-08-02
1187,1244,198,like,2026-08-08
1188,615,334,compartir,2026-07-26
1189,16,71,vista,2026-07-27
1190,420,138,vista,2026-07-27
1191,517,333,vista,2026-07-24
1192,321,300,compartir,2026-07-21
1193,812,65,like,2026-07-30
1194,747,349,vista,2026-08-07
1195,569,71,like,2026-08-01
1196,97,187,compartir,2026-08-06
1197,480,4,comentario,2026-08-11
1198,157,86,vista,2026-07-10
1199,430,107,compartir,2026-08-02
1200,17,69,like,2026-08-11
1201,141,296,vista,2026-07-08
1202,571,254,like,2026-07-18
1203,232,328,comentario,2026-07-27
1204,393,46,vista,2026-08-07
1205,884,84,vista,2026-08-10
1206,615,337,like,2026-08-02
1207,849,26,vista,2026-08-10
1208,66,324,compartir,2026-07-02
1209,332,121,compartir,2026-08-09
1210,412,256,comentario,2026-07-23
1211,344,116,compartir,2026-08-04
1212,892,80,comentario,2026-06-29
1213,676,335,like,2026-07-28
1214,753,117,like,2026-08-10
1215,821,287,comentario,2026-08-10
1216,363,116,compartir,2026-08-10
1217,1151,129,compartir,2026-07-11
1218,149,235,comentario,2026-07-29
1219,1028,129,comentario,2026-07-02
1220,306,278,like,2026-07-11
1221,1157,315,comentario,2026-06-23
1222,381,336,compartir,2026-08-09
1223,280,235,comentario,2026-06-29
1224,830,119,comentario,2026-08-11
1225,535,261,comentario,2026-08-01
1226,396,315,like,2026-07-10
1227,687,177,comentario,2026-07-08
1228,392,237,vista,2026-06-17
1229,515,8,vista,2026-08-11
1230,415,238,vista,2026-08-09
1231,154,166,compartir,2026-07-14
1232,402,154,compartir,2026-08-04
1233,537,106,comentario,2026-08-11
1234,811,202,vista,2026-07-20
1235,931,243,like,2026-06-26
1236,207,280,vista,2026-08-11
1237,91,31,vista,2026-07-20
1238,39,266,compartir,2026-08-03
1239,55,324,compartir,2026-08-07
1240,358,113,like,2026-07-09
1241,1191,48,compartir,2026-07-22
1242,1052,92,like,2026-08-11
1243,929,314,compartir,2026-07-29
1244,389,277,vista,2026-08-05
1245,704,228,vista,2026-07-22
1246,486,187,like,2026-08-02
1247,552,337,like,2026-08-10
1248,180,87,compartir,2026-08-07
1249,434,182,compartir,2026-08-03
1250,417,113,like,2026-07-30
1251,59,175,like,2026-07-28
1252,392,248,vista,2026-07-30
1253,884,165,vista,2026-08-10
1254,1067,212,like,2026-07-04
1255,1080,144,vista,2026-07-22
1256,20,142,comentario,2026-08-03
1257,471,52,compartir,2026-08-06
1258,181,109,vista,2026-08-06
1259,484,29,comentario,2026-07-30
1260,358,288,like,2026-08-09
1261,845,120,vista,2026-08-08
1262,49,164,like,2026-07-27
1263,634,331,compartir,2026-08-10
1264,592,186,like,2026-07-29
1265,340,328,comentario,2026-08-09
1266,305,133,like,2026-08-09
1267,871,172,comentario,2026-06-25
1268,465,215,vista,2026-07-22
1269,610,301,vista,2026-08-02
1270,623,75,comentario,2026-08-01
1271,302,333,compartir,2026-07-25
1272,713,340,compartir,2026-08-09
1273,285,10,compartir,2026-08-07
1274,1114,120,vista,2026-08-11
1275,887,121,vista,2026-07-26
1276,373,132,compartir,2026-08-06
1277,488,1,like,2026-07-27
1278,1057,141,compartir,2026-07-09
1279,208,321,like,2026-08-04
1280,1178,92,compartir,2026-08-08
1281,247,299,like,2026-07-16
1282,462,178,vista,2026-07-22
1283,333,96,compartir,2026-07-14
1284,404,31,compartir,2026-07-30
1285,912,26,comentario,2026-08-01
1286,954,78,compartir,2026-08-03
1287,1146,175,like,2026-07-07
1288,1047,162,comentario,2026-08-03
1289,1013,177,compartir,2026-06-25
1290,141,246,compartir,2026-07-17
1291,891,326,vista,2026-07-17
1292,719,285,comentario,2026-08-08
1293,914,81,like,2026-07-04
1294,282,74,compartir,2026-08-09
1295,50,288,vista,2026-07-17
1296,1209,157,compartir,2026-08-11
1297,633,191,comentario,2026-07-25
1298,1163,76,like,2026-07-20
1299,984,114,vista,2026-07-17
1300,874,295,compartir,2026-07-26
1301,13,200,like,2026-07-01
1302,138,22,compartir,2026-08-10
1303,633,175,compartir,2026-07-25
1304,613,239,comentario,2026-08-04
1305,532,99,comentario,2026-07-23
1306,1163,240,compartir,2026-07-24
1307,823,195,vista,2026-07-11
1308,1008,93,comentario,2026-08-10
1309,559,95,comentario,2026-07-14
1310,502,295,comentario,2026-08-04
1311,371,316,comentario,2026-08-05
1312,1057,168,like,2026-07-14
1313,1125,225,compartir,2026-07-21
1314,473,124,like,2026-07-10
1315,627,74,like,2026-08-10
1316,333,39,compartir,2026-07-22
1317,145,270,comentario,2026-07-29
1318,572,138,vista,2026-07-31
1319,906,310,comentario,2026-07-26
1320,331,126,comentario,2026-08-10
1321,1185,57,comentario,2026-07-04
1322,104,62,comentario,2026-08-11
1323,148,336,vista,2026-07-31
1324,898,37,like,2026-07-03
1325,1106,221,vista,2026-07-29
1326,32,105,compartir,2026-08-09
1327,804,223,comentario,2026-08-06
1328,1079,191,vista,2026-07-31
1329,36,339,compartir,2026-07-18
1330,241,164,vista,2026-08-03
1331,953,209,comentario,2026-08-03
1332,258,1,comentario,2026-07-08
1333,354,177,compartir,2026-08-09
1334,1187,91,vista,2026-07-19
1335,332,291,comentario,2026-07-10
1336,186,114,compartir,2026-07-25
1337,590,100,vista,2026-07-15
1338,603,223,vista,2026-07-18
1339,1214,256,compartir,2026-07-08
1340,296,215,vista,2026-07-31
1341,270,228,vista,2026-07-29
1342,84,190,comentario,2026-08-07
1343,1166,61,comentario,2026-07-26
1344,330,119,comentario,2026-08-08
1345,1194,25,compartir,2026-06-22
1346,1194,343,like,2026-06-29
1347,112,336,vista,2026-08-02
1348,460,78,compartir,2026-08-07
1349,708,38,like,2026-08-10
1350,693,78,like,2026-08-06
1351,393,63,compartir,2026-06-23
1352,170,64,like,2026-07-20
1353,881,125,comentario,2026-08-09
1354,1107,52,compartir,2026-08-09
1355,172,39,vista,2026-07-09
1356,20,246,comentario,2026-07-25
1357,611,45,vista,2026-08-07
1358,244,155,like,2026-07-29
1359,22,169,comentario,2026-08-01
1360,1115,12,vista,2026-08-01
1361,606,124,compartir,2026-08-06
1362,170,35,like,2026-07-31
1363,215,52,vista,2026-07-27
1364,42,27,like,2026-07-09
1365,407,14,vista,2026-07-26
1366,108,90,compartir,2026-08-05
1367,860,252,comentario,2026-07-26
1368,156,255,vista,2026-06-22
1369,585,203,like,2026-08-05
1370,593,153,compartir,2026-07-12
1371,544,177,comentario,2026-08-11
1372,1076,53,like,2026-07-26
1373,959,280,compartir,2026-07-16
1374,75,31,like,2026-08-10
1375,710,191,compartir,2026-08-08
1376,130,70,comentario,2026-07-19
1377,194,40,comentario,2026-07-10
1378,994,323,like,2026-08-04
1379,1148,226,compartir,2026-08-10
1380,798,137,vista,2026-08-01
1381,659,122,comentario,2026-07-19
1382,203,214,vista,2026-07-28
1383,1065,258,vista,2026-08-06
1384,857,80,like,2026-08-11
1385,703,217,like,2026-08-07
1386,382,324,like,2026-08-05
1387,625,315,compartir,2026-08-10
1388,1077,181,comentario,2026-06-20
1389,55,267,comentario,2026-08-02
1390,1124,93,vista,2026-06-29
1391,705,260,like,2026-07-31
1392,263,312,compartir,2026-06-23
1393,477,35,comentario,2026-08-11
1394,857,321,compartir,2026-08-11
1395,531,102,like,2026-08-02
1396,537,48,like,2026-08-10
1397,724,58,comentario,2026-08-07
1398,438,236,vista,2026-07-08
1399,1118,23,vista,2026-07-17
1400,97,322,like,2026-08-11
1401,578,3,like,2026-06-20
1402,239,339,vista,2026-07-17
1403,921,83,like,2026-06-30
1404,668,184,comentario,2026-07-30
1405,1134,122,comentario,2026-08-08
1406,458,310,compartir,2026-08-10
1407,181,242,vista,2026-07-01
1408,1079,226,like,2026-08-06
1409,873,281,compartir,2026-07-28
1410,810,261,comentario,2026-07-06
1411,681,335,vista,2026-08-10
1412,818,289,comentario,2026-08-05
1413,1212,296,like,2026-08-03
1414,765,305,compartir,2026-08-07
1415,977,334,like,2026-07-01
1416,317,165,like,2026-08-10
1417,708,130,vista,2026-08-11
1418,281,256,vista,2026-06-24
1419,795,116,like,2026-07-29
1420,760,288,vista,2026-07-23
1421,826,16,compartir,2026-07-28
1422,412,144,compartir,2026-08-03
1423,1125,210,like,2026-07-12
1424,945,65,compartir,2026-08-04
1425,797,124,like,2026-07-07
1426,905,173,compartir,2026-08-11
1427,1155,210,comentario,2026-07-11
1428,662,241,like,2026-06-21
1429,361,53,compartir,2026-08-01
1430,286,242,comentario,2026-08-01
1431,35,208,like,2026-08-05
1432,726,129,compartir,2026-08-10
1433,483,48,compartir,2026-07-07
1434,1000,84,comentario,2026-07-18
1435,1070,252,vista,2026-08-11
1436,568,10,vista,2026-07-28
1437,600,133,comentario,2026-07-12
1438,1099,338,comentario,2026-08-02
1439,784,84,like,2026-08-08
1440,1017,150,vista,2026-08-06
1441,920,1,like,2026-08-04
1442,602,211,compartir,2026-08-04
1443,200,301,comentario,2026-08-11
1444,388,339,like,2026-08-11
1445,1117,161,comentario,2026-08-04
1446,153,122,like,2026-08-08
1447,397,23,compartir,2026-07-19
1448,71,296,compartir,2026-06-28
1449,635,307,vista,2026-08-10
1450,1084,290,vista,2026-08-06
1451,1051,163,compartir,2026-08-06
1452,1203,125,like,2026-08-11
1453,557,15,comentario,2026-08-06
1454,299,106,compartir,2026-07-20
1455,867,116,compartir,2026-08-03
1456,844,81,like,2026-08-11
1457,617,8,compartir,2026-07-15
1458,705,277,compartir,2026-08-07
1459,198,32,like,2026-07-20
1460,652,200,compartir,2026-08-09
1461,1034,290,vista,2026-08-06
1462,791,342,vista,2026-08-03
1463,1162,78,vista,2026-07-03
1464,257,204,vista,2026-08-11
1465,1063,216,compartir,2026-08-11
1466,405,269,comentario,2026-08-09
1467,425,169,vista,2026-08-07
1468,1101,203,vista,2026-07-24
1469,132,264,compartir,2026-08-09
1470,19,328,compartir,2026-08-06
1471,73,98,like,2026-08-05
1472,925,136,vista,2026-06-25
1473,545,321,like,2026-07-05
1474,77,338,vista,2026-08-11
1475,786,156,comentario,2026-07-22
1476,619,291,compartir,2026-06-30
1477,567,9,compartir,2026-08-10
1478,6,92,like,2026-07-31
1479,839,260,like,2026-08-07
1480,1192,212,compartir,2026-07-19
1481,801,183,compartir,2026-08-11
1482,760,88,compartir,2026-08-01
1483,1207,281,vista,2026-08-09
1484,1177,59,vista,2026-08-07
1485,455,121,comentario,2026-08-11
1486,1025,235,vista,2026-08-11
1487,185,277,compartir,2026-08-04
1488,459,272,vista,2026-07-14
1489,755,39,like,2026-07-30
1490,126,22,compartir,2026-08-09
1491,35,183,vista,2026-07-14
1492,626,278,compartir,2026-08-10
1493,276,307,like,2026-08-04
1494,764,134,like,2026-07-26
1495,596,188,vista,2026-08-11
1496,55,282,compartir,2026-07-31
1497,798,297,comentario,2026-08-04
1498,258,3,like,2026-06-23
1499,685,196,comentario,2026-07-25
1500,159,241,vista,2026-08-06
1501,134,56,like,2026-08-09
1502,201,117,comentario,2026-07-31
1503,470,159,like,2026-08-10
1504,271,246,comentario,2026-08-01
1505,778,349,compartir,2026-07-29
1506,157,168,compartir,2026-07-31
1507,523,65,vista,2026-07-23
1508,1015,103,like,2026-08-05
1509,1164,268,comentario,2026-07-02
1510,89,295,vista,2026-06-16
1511,35,316,compartir,2026-07-25
1512,262,46,compartir,2026-08-11
1513,91,237,vista,2026-08-10
1514,16,9,like,2026-08-08
1515,295,191,comentario,2026-08-10
1516,1235,238,compartir,2026-07-07
1517,287,58,vista,2026-08-08
1518,862,241,compartir,2026-07-23
1519,1204,326,compartir,2026-07-26
1520,210,70,comentario,2026-08-03
1521,170,178,like,2026-07-04
1522,208,350,like,2026-08-08
1523,886,327,comentario,2026-08-01
1524,285,180,vista,2026-08-05
1525,636,338,vista,2026-07-30
1526,79,121,like,2026-07-26
1527,829,61,compartir,2026-08-09
1528,977,112,compartir,2026-07-02
1529,19,102,vista,2026-08-05
1530,499,267,comentario,2026-07-22
1531,785,95,compartir,2026-06-19
1532,758,269,vista,2026-08-08
1533,662,196,comentario,2026-08-04
1534,566,189,like,2026-08-10
1535,132,155,comentario,2026-08-09
1536,789,225,like,2026-07-30
1537,606,58,vista,2026-08-03
1538,757,250,comentario,2026-08-09
1539,229,47,vista,2026-08-09
1540,23,340,like,2026-08-08
1541,856,170,compartir,2026-08-08
1542,115,290,compartir,2026-07-13
1543,874,155,like,2026-07-30
1544,32,338,compartir,2026-08-01
1545,792,125,compartir,2026-07-29
1546,769,93,comentario,2026-07-19
1547,352,206,comentario,2026-08-11
1548,47,116,compartir,2026-08-09
1549,690,213,comentario,2026-07-11
1550,361,191,like,2026-07-15
1551,379,268,comentario,2026-07-11
1552,1193,97,comentario,2026-08-01
1553,75,322,comentario,2026-07-23
1554,946,230,vista,2026-07-30
1555,609,289,like,2026-07-09
1556,243,242,compartir,2026-06-25
1557,588,345,compartir,2026-07-22
1558,1146,84,vista,2026-07-07
1559,858,264,comentario,2026-08-11
1560,689,199,like,2026-07-17
1561,163,1,like,2026-08-08
1562,398,60,compartir,2026-08-08
1563,483,274,vista,2026-08-04
1564,1037,206,vista,2026-08-09
1565,518,265,vista,2026-06-27
1566,844,3,vista,2026-08-11
1567,1061,103,like,2026-07-22
1568,447,129,comentario,2026-08-11
1569,1172,113,compartir,2026-06-25
1570,1216,45,like,2026-08-06
1571,24,220,vista,2026-07-08
1572,283,300,vista,2026-08-11
1573,379,314,compartir,2026-07-13
1574,231,236,comentario,2026-08-09
1575,406,323,comentario,2026-08-06
1576,1170,241,comentario,2026-07-31
1577,831,238,vista,2026-08-11
1578,901,160,like,2026-08-08
1579,558,10,like,2026-07-15
1580,437,94,comentario,2026-08-06
1581,536,306,compartir,2026-07-23
1582,65,151,comentario,2026-07-05
1583,961,334,comentario,2026-08-11
1584,947,98,compartir,2026-08-04
1585,1155,178,comentario,2026-07-09
1586,1225,168,compartir,2026-08-04
1587,806,37,compartir,2026-08-08
1588,923,325,like,2026-08-11
1589,551,255,compartir,2026-07-23
1590,861,18,comentario,2026-08-09
1591,147,225,compartir,2026-07-08
1592,978,312,comentario,2026-08-10
1593,18,279,compartir,2026-08-11
1594,863,232,like,2026-07-22
1595,998,182,comentario,2026-08-05
1596,1206,215,comentario,2026-07-27
1597,40,320,comentario,2026-08-10
1598,530,88,compartir,2026-08-10
1599,579,152,like,2026-07-23
1600,727,56,like,2026-08-10
1601,390,225,like,2026-07-18
1602,328,115,like,2026-08-09
1603,1241,61,compartir,2026-08-10
1604,1135,81,comentario,2026-07-15
1605,825,39,vista,2026-08-01
1606,1119,295,like,2026-08-05
1607,1137,261,vista,2026-07-27
1608,224,23,compartir,2026-07-28
1609,223,31,compartir,2026-08-03
1610,525,235,vista,2026-08-11
1611,877,15,comentario,2026-08-09
1612,1140,340,vista,2026-07-08
1613,968,189,compartir,2026-08-03
1614,242,129,vista,2026-08-07
1615,1038,292,like,2026-07-18
1616,1102,323,like,2026-07-19
1617,507,107,comentario,2026-07-19
1618,1006,260,vista,2026-08-09
1619,307,333,vista,2026-08-09
1620,675,310,vista,2026-07-31
1621,1204,145,vista,2026-08-09
1622,868,56,comentario,2026-08-06
1623,446,40,compartir,2026-08-03
1624,570,213,comentario,2026-08-08
1625,454,302,compartir,2026-07-18
1626,423,258,compartir,2026-08-11
1627,929,32,compartir,2026-08-08
1628,235,42,vista,2026-07-30
1629,995,118,comentario,2026-07-27
1630,267,297,compartir,2026-08-02
1631,355,98,like,2026-07-06
1632,1185,170,compartir,2026-06-26
1633,135,343,comentario,2026-07-29
1634,385,27,vista,2026-08-09
1635,1234,282,like,2026-07-21
1636,277,62,compartir,2026-08-04
1637,1078,206,vista,2026-07-21
1638,1211,49,comentario,2026-08-09
1639,549,284,comentario,2026-07-28
1640,1200,175,like,2026-07-12
1641,853,271,like,2026-06-24
1642,144,311,compartir,2026-08-02
1643,1127,12,vista,2026-08-10
1644,712,131,vista,2026-07-27
1645,362,177,comentario,2026-07-25
1646,601,67,comentario,2026-07-10
1647,190,112,compartir,2026-07-08
1648,1218,225,compartir,2026-08-02
1649,10,290,comentario,2026-07-24
1650,969,25,comentario,2026-08-10
1651,234,44,vista,2026-08-07
1652,948,189,vista,2026-08-01
1653,1157,281,vista,2026-08-09
1654,1218,156,compartir,2026-07-30
1655,495,126,vista,2026-07-24
1656,685,122,like,2026-07-22
1657,565,25,like,2026-07-25
1658,580,249,vista,2026-08-09
1659,1035,42,vista,2026-08-07
1660,634,149,comentario,2026-08-10
1661,809,349,comentario,2026-08-10
1662,969,291,compartir,2026-08-10
1663,484,121,like,2026-08-04
1664,801,326,like,2026-07-29
1665,117,63,compartir,2026-07-12
1666,553,304,vista,2026-07-30
1667,158,333,vista,2026-07-31
1668,396,153,compartir,2026-07-12
1669,546,124,like,2026-07-23
1670,1121,108,like,2026-08-11
1671,1187,204,vista,2026-08-05
1672,187,331,comentario,2026-08-03
1673,1077,138,compartir,2026-07-15
1674,458,82,compartir,2026-08-08
1675,20,292,vista,2026-07-21
1676,1165,278,compartir,2026-08-10
1677,528,244,like,2026-06-19
1678,271,23,vista,2026-07-27
1679,704,253,like,2026-07-07
1680,128,76,comentario,2026-06-18
1681,1012,333,compartir,2026-07-22
1682,719,142,compartir,2026-08-09
1683,530,40,like,2026-08-06
1684,765,94,vista,2026-07-27
1685,917,263,vista,2026-07-21
1686,1021,242,compartir,2026-07-05
1687,754,96,like,2026-06-16
1688,100,130,comentario,2026-08-04
1689,543,1,like,2026-08-11
1690,10,192,vista,2026-07-24
1691,625,41,compartir,2026-08-11
1692,1118,104,compartir,2026-07-20
1693,264,159,compartir,2026-07-20
1694,328,59,comentario,2026-08-09
1695,384,51,comentario,2026-07-06
1696,1174,177,vista,2026-08-02
1697,651,103,like,2026-07-04
1698,154,155,like,2026-08-04
1699,885,89,like,2026-08-07
1700,1038,300,comentario,2026-08-07
1701,947,313,compartir,2026-08-07
1702,751,29,vista,2026-07-22
1703,881,103,vista,2026-08-08
1704,279,75,comentario,2026-08-05
1705,795,140,comentario,2026-07-27
1706,464,159,compartir,2026-07-25
1707,1170,345,compartir,2026-07-24
1708,893,81,comentario,2026-07-07
1709,724,83,vista,2026-08-03
1710,134,182,compartir,2026-08-09
1711,407,9,compartir,2026-07-24
1712,617,4,vista,2026-06-28
1713,719,284,compartir,2026-08-08
1714,709,156,vista,2026-08-08
1715,723,29,like,2026-07-29
1716,499,291,compartir,2026-08-07
1717,838,230,compartir,2026-08-11
1718,830,246,like,2026-08-10
1719,748,32,vista,2026-08-08
1720,992,200,compartir,2026-07-14
1721,689,69,like,2026-07-14
1722,1154,69,vista,2026-08-01
1723,250,162,compartir,2026-07-29
1724,765,296,comentario,2026-08-03
1725,244,148,like,2026-07-10
1726,678,28,vista,2026-07-28
1727,171,269,comentario,2026-08-02
1728,326,344,vista,2026-07-23
1729,422,252,comentario,2026-08-09
1730,752,276,comentario,2026-08-05
1731,832,340,like,2026-07-26
1732,502,170,like,2026-08-11
1733,675,192,comentario,2026-08-02
1734,124,255,like,2026-06-26
1735,295,286,vista,2026-08-05
1736,96,165,compartir,2026-07-11
1737,517,270,vista,2026-08-07
1738,652,332,comentario,2026-07-24
1739,584,320,vista,2026-07-20
1740,906,174,comentario,2026-07-05
1741,679,116,vista,2026-08-08
1742,1176,33,vista,2026-07-20
1743,821,164,like,2026-08-05
1744,144,141,comentario,2026-08-04
1745,1109,187,comentario,2026-08-01
1746,214,185,compartir,2026-08-02
1747,945,205,vista,2026-08-06
1748,193,107,vista,2026-07-09
1749,565,128,compartir,2026-07-31
1750,574,140,comentario,2026-06-18
1751,646,19,vista,2026-07-18
1752,197,213,compartir,2026-08-03
1753,482,221,compartir,2026-07-26
1754,946,85,compartir,2026-07-18
1755,125,262,vista,2026-06-24
1756,667,346,comentario,2026-07-31
1757,269,205,comentario,2026-07-29
1758,824,156,compartir,2026-08-10
1759,900,343,compartir,2026-07-28
1760,445,271,comentario,2026-08-11
1761,203,293,compartir,2026-07-23
1762,1000,116,compartir,2026-08-04
1763,1016,4,comentario,2026-08-09
1764,89,149,vista,2026-06-24
1765,914,148,compartir,2026-06-18
1766,4,123,vista,2026-07-22
1767,4,344,compartir,2026-07-26
1768,1062,128,compartir,2026-07-22
1769,588,99,compartir,2026-08-04
1770,635,258,like,2026-08-10
1771,360,97,vista,2026-08-01
1772,231,89,vista,2026-07-28
1773,317,92,compartir,2026-08-10
1774,449,182,comentario,2026-08-02
1775,708,249,compartir,2026-08-06
1776,1118,232,like,2026-07-05
1777,279,152,compartir,2026-08-01
1778,180,11,like,2026-08-10
1779,733,144,compartir,2026-08-11
1780,1126,350,vista,2026-08-11
1781,890,145,compartir,2026-08-11
1782,546,287,vista,2026-07-30
1783,49,8,comentario,2026-07-22
1784,589,286,comentario,2026-07-30
1785,591,149,compartir,2026-08-07
1786,271,339,compartir,2026-07-16
1787,267,198,comentario,2026-07-30
1788,1032,29,like,2026-08-01
1789,212,159,comentario,2026-07-23
1790,893,45,comentario,2026-08-10
1791,1104,288,like,2026-07-01
1792,115,200,comentario,2026-07-02
1793,264,167,comentario,2026-08-03
1794,471,117,like,2026-08-07
1795,856,306,like,2026-08-09
1796,247,86,vista,2026-07-16
1797,797,243,compartir,2026-07-28
1798,852,164,vista,2026-07-17
1799,970,193,like,2026-07-30
1800,659,8,comentario,2026-07-15
1801,1010,236,like,2026-08-08
1802,69,197,comentario,2026-07-08
1803,510,103,vista,2026-08-10
1804,936,162,vista,2026-08-02
1805,230,178,vista,2026-07-25
1806,1124,216,comentario,2026-07-25
1807,120,173,compartir,2026-08-08
1808,1178,152,compartir,2026-08-07
1809,917,53,compartir,2026-07-04
1810,33,273,like,2026-06-26
1811,149,12,like,2026-07-21
1812,326,222,comentario,2026-07-29
1813,226,16,like,2026-07-31
1814,663,170,comentario,2026-08-10
1815,1188,186,vista,2026-07-26
1816,335,248,comentario,2026-07-29
1817,126,158,like,2026-08-02
1818,444,100,vista,2026-06-22
1819,236,333,vista,2026-07-24
1820,1200,62,comentario,2026-07-17
1821,702,161,compartir,2026-08-03
1822,851,139,like,2026-07-26
1823,404,98,like,2026-07-30
1824,112,144,compartir,2026-07-29
1825,105,312,like,2026-06-24
1826,537,129,compartir,2026-08-09
1827,56,154,compartir,2026-08-11
1828,1068,250,vista,2026-08-11
1829,485,127,vista,2026-08-07
1830,970,261,comentario,2026-08-10
1831,643,223,vista,2026-07-02
1832,1237,202,compartir,2026-08-06
1833,554,66,comentario,2026-08-02
1834,1208,84,like,2026-08-11
1835,313,2,compartir,2026-08-09
1836,403,37,comentario,2026-08-06
1837,519,275,vista,2026-08-07
1838,1091,226,compartir,2026-08-04
1839,822,343,comentario,2026-06-20
1840,1160,36,like,2026-08-10
1841,401,238,compartir,2026-08-04
1842,338,78,compartir,2026-06-24
1843,104,20,comentario,2026-08-11
1844,503,333,comentario,2026-07-19
1845,294,232,vista,2026-08-11
1846,74,187,vista,2026-08-07
1847,454,305,compartir,2026-07-15
1848,975,288,like,2026-08-03
1849,639,65,vista,2026-07-14
1850,885,100,like,2026-08-03
1851,67,328,comentario,2026-06-30
1852,885,332,comentario,2026-08-10
1853,472,174,vista,2026-06-24
1854,154,148,compartir,2026-08-11
1855,188,212,comentario,2026-08-10
1856,389,274,like,2026-08-08
1857,844,24,compartir,2026-08-11
1858,1110,106,vista,2026-07-22
1859,354,86,comentario,2026-08-09
1860,395,163,vista,2026-07-13
1861,1207,89,compartir,2026-07-18
1862,1021,230,compartir,2026-06-30
1863,239,144,compartir,2026-08-03
1864,957,206,like,2026-07-20
1865,86,95,compartir,2026-07-31
1866,295,168,compartir,2026-08-10
1867,23,87,comentario,2026-07-26
1868,654,69,like,2026-08-03
1869,36,333,like,2026-07-26
1870,952,39,vista,2026-07-04
1871,480,198,compartir,2026-08-02
1872,259,77,comentario,2026-07-09
1873,501,171,vista,2026-07-23
1874,956,169,compartir,2026-07-13
1875,5,96,like,2026-08-11
1876,603,133,compartir,2026-08-01
1877,694,103,compartir,2026-07-13
1878,957,122,comentario,2026-07-27
1879,637,137,comentario,2026-07-31
1880,253,34,comentario,2026-07-06
1881,1073,254,vista,2026-08-06
1882,451,93,comentario,2026-07-21
1883,724,336,vista,2026-08-04
1884,248,221,compartir,2026-07-30
1885,681,149,vista,2026-08-05
1886,1239,236,vista,2026-07-19
1887,857,114,comentario,2026-08-11
1888,368,75,comentario,2026-08-03
1889,212,78,like,2026-06-28
1890,604,216,vista,2026-07-29
1891,990,82,compartir,2026-07-20
1892,1040,274,like,2026-07-15
1893,1170,181,like,2026-07-24
1894,1079,115,like,2026-08-07
1895,567,181,comentario,2026-08-11
1896,87,93,comentario,2026-07-17
1897,950,14,comentario,2026-08-03
1898,601,285,compartir,2026-07-17
1899,1243,336,vista,2026-07-18
1900,753,78,like,2026-07-14
1901,612,74,comentario,2026-08-11
1902,823,269,vista,2026-08-01
1903,550,245,like,2026-07-17
1904,185,26,vista,2026-06-30
1905,7,291,like,2026-08-11
1906,610,328,vista,2026-08-08
1907,529,116,comentario,2026-08-08
1908,458,291,vista,2026-07-31
1909,445,306,vista,2026-07-31
1910,905,66,like,2026-08-10
1911,1116,127,vista,2026-06-25
1912,306,270,compartir,2026-07-05
1913,103,145,like,2026-07-28
1914,917,239,vista,2026-07-28
1915,226,92,compartir,2026-07-22
1916,97,308,like,2026-08-04
1917,760,344,comentario,2026-07-31
1918,808,134,like,2026-08-02
1919,775,14,like,2026-08-10
1920,111,47,vista,2026-07-31
1921,812,5,compartir,2026-08-05
1922,109,229,like,2026-07-14
1923,165,34,like,2026-08-05
1924,888,123,like,2026-08-08
1925,736,100,vista,2026-08-10
1926,446,186,like,2026-07-29
1927,587,318,compartir,2026-08-10
1928,118,237,vista,2026-07-20
1929,70,201,comentario,2026-07-23
1930,1042,335,comentario,2026-08-04
1931,430,100,vista,2026-07-27
1932,1161,295,compartir,2026-07-30
1933,521,271,vista,2026-08-08
1934,660,252,vista,2026-06-24
1935,424,293,vista,2026-07-29
1936,424,70,vista,2026-08-04
1937,1189,21,like,2026-08-10
1938,656,348,comentario,2026-08-11
1939,791,195,compartir,2026-07-14
1940,900,219,like,2026-07-23
1941,291,169,comentario,2026-08-11
1942,837,114,vista,2026-08-11
1943,153,22,comentario,2026-08-09
1944,554,248,comentario,2026-07-20
1945,1110,57,like,2026-07-28
1946,731,9,like,2026-08-09
1947,1041,131,compartir,2026-07-21
1948,568,212,vista,2026-07-31
1949,715,139,vista,2026-07-28
1950,492,88,vista,2026-08-09
1951,1143,255,comentario,2026-07-20
1952,473,210,comentario,2026-07-03
1953,157,325,vista,2026-08-05
1954,1209,80,compartir,2026-08-07
1955,584,205,comentario,2026-07-10
1956,163,133,compartir,2026-06-19
1957,836,245,comentario,2026-08-04
1958,141,97,like,2026-06-25
1959,3,208,like,2026-07-23
1960,100,4,vista,2026-06-30
1961,391,214,like,2026-08-09
1962,1121,177,comentario,2026-08-05
1963,756,302,comentario,2026-08-07
1964,787,229,like,2026-08-10
1965,812,114,like,2026-07-27
1966,2,185,like,2026-08-04
1967,130,95,vista,2026-07-25
1968,218,183,like,2026-08-08
1969,209,23,comentario,2026-08-07
1970,358,50,like,2026-07-14
1971,407,203,vista,2026-07-10
1972,546,159,vista,2026-08-02
1973,666,52,comentario,2026-07-27
1974,31,138,comentario,2026-08-11
1975,710,307,like,2026-08-05
1976,671,41,comentario,2026-07-25
1977,346,207,compartir,2026-07-21
1978,631,48,comentario,2026-07-07
1979,611,269,compartir,2026-08-09
1980,1243,235,compartir,2026-07-29
1981,1132,32,comentario,2026-08-05
1982,367,344,compartir,2026-07-25
1983,444,332,comentario,2026-07-07
1984,505,262,comentario,2026-08-11
1985,483,264,vista,2026-07-06
1986,441,85,compartir,2026-07-19
1987,771,215,compartir,2026-08-11
1988,784,7,like,2026-07-31
1989,938,247,comentario,2026-07-01
1990,259,47,vista,2026-08-10
1991,983,56,vista,2026-08-11
1992,406,156,like,2026-08-09
1993,545,112,compartir,2026-07-04
1994,542,284,vista,2026-08-03
1995,1029,276,compartir,2026-08-03
1996,544,225,vista,2026-08-10
1997,681,64,vista,2026-08-05
1998,997,218,comentario,2026-08-07
1999,606,141,compartir,2026-08-03
2000,933,48,vista,2026-08-08
2001,922,96,comentario,2026-08-03
2002,531,159,vista,2026-07-30
2003,1071,120,comentario,2026-08-09
2004,464,295,comentario,2026-07-11
2005,443,128,compartir,2026-07-28
2006,822,330,comentario,2026-08-09
2007,1080,198,vista,2026-07-24
2008,529,295,like,2026-08-07
2009,226,134,vista,2026-06-27
2010,818,194,vista,2026-08-11
2011,942,167,comentario,2026-07-31
2012,676,270,vista,2026-08-11
2013,244,62,comentario,2026-08-11
2014,1123,162,compartir,2026-08-02
2015,394,213,comentario,2026-08-04
2016,76,128,compartir,2026-08-11
2017,871,341,like,2026-08-07
2018,11,12,vista,2026-08-11
2019,621,92,compartir,2026-07-29
2020,974,263,like,2026-07-16
2021,404,159,comentario,2026-07-20
2022,889,321,like,2026-07-25
2023,830,260,compartir,2026-08-08
2024,96,174,vista,2026-07-24
2025,353,249,like,2026-08-08
2026,713,324,like,2026-07-24
2027,1076,156,comentario,2026-07-04
2028,857,342,comentario,2026-08-11
2029,322,2,vista,2026-08-11
2030,633,95,comentario,2026-08-04
2031,126,179,compartir,2026-07-19
2032,742,93,compartir,2026-08-09
2033,425,280,like,2026-08-04
2034,860,7,comentario,2026-07-25
2035,717,115,comentario,2026-08-07
2036,884,155,like,2026-08-11
2037,280,85,vista,2026-07-29
2038,907,154,comentario,2026-08-11
2039,893,56,comentario,2026-06-29
2040,232,286,vista,2026-08-07
2041,1005,256,comentario,2026-08-10
2042,717,267,compartir,2026-08-07
2043,347,180,compartir,2026-07-27
2044,794,234,vista,2026-08-04
2045,1190,336,vista,2026-08-09
2046,864,133,compartir,2026-07-22
2047,905,90,compartir,2026-08-10
2048,527,160,compartir,2026-08-09
2049,196,104,compartir,2026-07-14
2050,383,324,vista,2026-06-28
2051,274,49,vista,2026-08-07
2052,287,252,like,2026-08-07
2053,851,268,vista,2026-08-07
2054,342,24,compartir,2026-06-20
2055,554,331,comentario,2026-08-04
2056,601,40,compartir,2026-07-29
2057,799,345,compartir,2026-08-04
2058,919,117,vista,2026-08-07
2059,1074,85,like,2026-08-06
2060,974,321,comentario,2026-07-21
2061,1091,156,comentario,2026-08-07
2062,120,350,like,2026-08-11
2063,1113,172,compartir,2026-07-16
2064,851,167,vista,2026-06-30
2065,213,203,compartir,2026-08-07
2066,1080,198,comentario,2026-07-16
2067,444,191,comentario,2026-08-04
2068,26,227,compartir,2026-08-03
2069,495,173,comentario,2026-07-25
2070,311,332,vista,2026-08-01
2071,729,94,comentario,2026-07-28
2072,502,46,vista,2026-08-03
2073,393,188,compartir,2026-06-22
2074,151,111,compartir,2026-07-29
2075,144,255,vista,2026-07-28
2076,277,200,vista,2026-08-11
2077,392,48,vista,2026-06-27
2078,349,73,comentario,2026-08-09
2079,991,101,compartir,2026-08-11
2080,139,111,comentario,2026-07-25
2081,542,252,comentario,2026-08-09
2082,477,75,vista,2026-08-08
2083,1179,54,comentario,2026-08-07
2084,432,124,like,2026-07-26
2085,252,196,like,2026-08-05
2086,539,238,like,2026-08-03
2087,359,106,like,2026-08-10
2088,859,37,like,2026-08-04
2089,152,289,vista,2026-08-09
2090,571,139,comentario,2026-07-12
2091,242,206,comentario,2026-07-16
2092,902,147,like,2026-07-31
2093,203,246,comentario,2026-07-26
2094,754,77,like,2026-08-01
2095,793,346,comentario,2026-07-25
2096,494,175,vista,2026-08-07
2097,598,345,compartir,2026-08-04
2098,584,32,like,2026-07-08
2099,1013,58,vista,2026-06-23
2100,280,210,vista,2026-07-10
2101,426,184,like,2026-08-06
2102,1119,278,like,2026-07-29
2103,301,222,vista,2026-07-21
2104,5,191,like,2026-08-09
2105,695,277,like,2026-06-26
2106,563,129,compartir,2026-08-08
2107,713,289,compartir,2026-08-02
2108,762,186,like,2026-08-07
2109,605,67,vista,2026-07-28
2110,1205,53,comentario,2026-08-04
2111,1130,107,like,2026-07-04
2112,20,47,like,2026-07-05
2113,1210,341,comentario,2026-07-30
2114,468,286,comentario,2026-06-18
2115,286,302,comentario,2026-07-30
2116,801,205,compartir,2026-08-10
2117,848,342,compartir,2026-08-11
2118,286,174,compartir,2026-07-16
2119,1062,196,vista,2026-07-02
2120,419,22,like,2026-08-09
2121,892,205,compartir,2026-07-27
2122,495,295,vista,2026-07-19
2123,943,36,vista,2026-08-11
2124,558,58,comentario,2026-08-05
2125,914,73,comentario,2026-07-11
2126,356,188,compartir,2026-08-06
2127,878,333,like,2026-07-24
2128,852,49,like,2026-07-28
2129,526,34,like,2026-07-27
2130,1234,262,vista,2026-08-04
2131,692,146,vista,2026-07-10
2132,462,206,vista,2026-08-03
2133,44,280,vista,2026-08-01
2134,307,254,like,2026-07-21
2135,642,21,like,2026-08-08
2136,63,190,comentario,2026-07-01
2137,1200,249,like,2026-06-20
2138,534,26,vista,2026-07-17
2139,731,82,vista,2026-08-07
2140,465,181,compartir,2026-07-30
2141,790,219,like,2026-07-29
2142,544,320,like,2026-08-11
2143,713,199,comentario,2026-08-01
2144,1079,242,comentario,2026-08-07
2145,385,125,vista,2026-08-07
2146,978,186,compartir,2026-08-10
2147,510,192,like,2026-08-11
2148,1188,129,like,2026-08-09
2149,574,247,compartir,2026-07-01
2150,998,342,like,2026-08-11
2151,387,323,comentario,2026-07-19
2152,770,92,compartir,2026-07-29
2153,638,285,like,2026-07-18
2154,530,178,comentario,2026-08-05
2155,218,97,comentario,2026-08-09
2156,293,314,vista,2026-06-30
2157,991,174,like,2026-08-11
2158,743,99,compartir,2026-07-17
2159,51,296,comentario,2026-07-28
2160,89,138,comentario,2026-06-28
2161,449,192,vista,2026-07-02
2162,606,183,compartir,2026-07-14
2163,632,107,vista,2026-08-07
2164,716,95,comentario,2026-08-08
2165,1126,237,like,2026-08-05
2166,502,134,compartir,2026-08-06
2167,694,154,like,2026-07-19
2168,942,156,like,2026-07-14
2169,711,242,vista,2026-07-15
2170,40,140,comentario,2026-07-10
2171,600,134,like,2026-08-03
2172,803,38,compartir,2026-06-29
2173,947,260,vista,2026-08-07
2174,205,129,compartir,2026-07-16
2175,44,147,like,2026-07-30
2176,1241,90,compartir,2026-07-16
2177,629,98,vista,2026-08-04
2178,296,136,vista,2026-07-20
2179,607,117,comentario,2026-08-10
2180,119,53,compartir,2026-07-07
2181,321,207,vista,2026-07-25
2182,301,103,vista,2026-07-03
2183,1092,89,comentario,2026-07-19
2184,361,305,vista,2026-07-18
2185,450,40,like,2026-07-30
2186,993,17,compartir,2026-08-04
2187,252,301,comentario,2026-07-08
2188,1178,248,like,2026-08-11
2189,265,221,like,2026-06-22
2190,735,330,compartir,2026-07-02
2191,1203,313,comentario,2026-06-30
2192,493,43,vista,2026-07-06
2193,1104,189,comentario,2026-07-22
2194,22,330,vista,2026-06-25
2195,293,245,compartir,2026-08-02
2196,800,101,compartir,2026-08-06
2197,679,159,like,2026-07-31
2198,459,132,like,2026-07-22
2199,1230,100,like,2026-07-28
2200,699,103,compartir,2026-07-11
2201,57,286,vista,2026-08-09
2202,541,314,compartir,2026-07-03
2203,1079,14,compartir,2026-07-30
2204,50,144,like,2026-07-04
2205,1240,179,comentario,2026-08-11
2206,587,49,like,2026-08-11
2207,350,48,comentario,2026-07-28
2208,599,43,vista,2026-07-30
2209,55,203,vista,2026-08-10
2210,1155,72,vista,2026-07-20
2211,680,202,like,2026-07-31
2212,1140,8,like,2026-07-13
2213,790,238,like,2026-08-01
2214,741,334,compartir,2026-08-04
2215,460,289,like,2026-07-15
2216,409,350,compartir,2026-08-08
2217,601,128,vista,2026-07-11
2218,627,235,like,2026-08-11
2219,779,27,compartir,2026-08-03
2220,1215,67,vista,2026-07-30
2221,77,216,vista,2026-08-11
2222,635,52,like,2026-08-10
2223,1091,148,comentario,2026-08-09
2224,1216,239,comentario,2026-07-22
2225,243,238,vista,2026-07-29
2226,1101,156,comentario,2026-07-04
2227,1227,245,comentario,2026-08-11
2228,828,23,compartir,2026-08-01
2229,527,231,compartir,2026-08-01
2230,47,40,compartir,2026-08-11
2231,344,239,vista,2026-07-20
2232,1118,333,comentario,2026-07-17
2233,864,2,like,2026-07-23
2234,1202,243,comentario,2026-08-06
2235,274,250,vista,2026-08-07
2236,1132,117,compartir,2026-07-24
2237,708,334,vista,2026-08-05
2238,649,259,compartir,2026-08-09
2239,1075,240,vista,2026-07-11
2240,501,31,like,2026-08-03
2241,1145,134,compartir,2026-07-25
2242,61,145,compartir,2026-07-12
2243,161,154,comentario,2026-07-21
2244,159,219,vista,2026-08-08
2245,1224,28,comentario,2026-07-11
2246,394,78,vista,2026-07-28
2247,678,289,like,2026-07-27
2248,452,317,comentario,2026-08-04
2249,153,107,compartir,2026-08-09
2250,1037,180,like,2026-07-12
2251,804,340,vista,2026-08-04
2252,595,281,compartir,2026-08-07
2253,591,271,vista,2026-07-31
2254,1005,335,compartir,2026-08-06
2255,542,340,vista,2026-07-24
2256,764,257,compartir,2026-08-05
2257,467,316,vista,2026-07-08
2258,387,47,comentario,2026-07-13
2259,1158,228,compartir,2026-08-07
2260,698,188,compartir,2026-08-01
2261,345,298,comentario,2026-07-12
2262,387,114,vista,2026-07-07
2263,933,229,compartir,2026-06-24
2264,428,31,comentario,2026-07-25
2265,498,346,vista,2026-07-03
2266,745,217,compartir,2026-08-03
2267,1137,197,compartir,2026-07-16
2268,868,198,vista,2026-08-05
2269,92,14,comentario,2026-08-11
2270,866,288,compartir,2026-07-11
2271,363,290,vista,2026-08-08
2272,614,275,compartir,2026-08-09
2273,1246,242,vista,2026-08-10
2274,1005,48,compartir,2026-08-11
2275,374,134,like,2026-08-09
2276,303,91,comentario,2026-07-29
2277,96,201,comentario,2026-06-25
2278,190,72,like,2026-07-01
2279,657,33,vista,2026-07-23
2280,499,321,comentario,2026-07-30
2281,565,202,vista,2026-08-06
2282,738,192,compartir,2026-08-11
2283,736,75,like,2026-08-10
2284,555,96,vista,2026-07-13
2285,420,163,vista,2026-07-28
2286,545,112,comentario,2026-07-04
2287,18,35,compartir,2026-08-11
2288,950,243,comentario,2026-07-25
2289,408,76,compartir,2026-08-09
2290,1028,91,comentario,2026-07-05
2291,646,175,vista,2026-07-21
2292,1135,238,vista,2026-07-03
2293,1187,109,like,2026-08-06
2294,413,37,vista,2026-07-31
2295,68,32,vista,2026-07-26
2296,864,273,vista,2026-07-23
2297,717,314,vista,2026-08-08
2298,503,306,like,2026-07-24
2299,565,247,compartir,2026-06-27
2300,433,282,like,2026-07-23
2301,371,276,like,2026-08-10
2302,136,46,comentario,2026-06-27
2303,505,146,compartir,2026-08-11
2304,655,192,comentario,2026-07-18
2305,701,309,like,2026-08-10
2306,332,219,vista,2026-07-27
2307,228,138,compartir,2026-08-07
2308,309,131,vista,2026-07-20
2309,1089,344,like,2026-06-20
2310,276,73,like,2026-07-23
2311,865,55,like,2026-08-08
2312,166,149,compartir,2026-07-20
2313,1085,171,comentario,2026-06-23
2314,869,194,comentario,2026-08-10
2315,155,217,vista,2026-08-11
2316,27,312,compartir,2026-08-11
2317,73,135,vista,2026-07-07
2318,284,73,vista,2026-07-06
2319,232,177,comentario,2026-08-06
2320,469,134,compartir,2026-07-31
2321,948,35,like,2026-07-12
2322,1182,11,vista,2026-08-10
2323,871,3,like,2026-08-11
2324,1038,1,compartir,2026-08-06
2325,697,343,vista,2026-08-08
2326,425,198,like,2026-08-06
2327,685,66,like,2026-07-27
2328,477,301,comentario,2026-08-06
2329,407,316,compartir,2026-08-03
2330,575,59,compartir,2026-07-10
2331,1166,208,compartir,2026-08-07
2332,150,211,vista,2026-08-04
2333,1008,75,comentario,2026-08-05
2334,292,99,vista,2026-06-18
2335,425,212,compartir,2026-08-07
2336,230,218,vista,2026-07-26
2337,1000,152,like,2026-07-01
2338,812,209,vista,2026-08-07
2339,722,273,vista,2026-07-01
2340,1003,292,compartir,2026-08-11
2341,1111,278,like,2026-07-24
2342,770,70,compartir,2026-07-25
2343,76,202,like,2026-08-11
2344,1104,254,like,2026-07-17
2345,106,211,like,2026-08-07
2346,681,265,compartir,2026-08-10
2347,737,215,like,2026-07-25
2348,1153,157,comentario,2026-07-01
2349,798,145,comentario,2026-08-09
2350,119,222,comentario,2026-08-09
2351,1067,335,comentario,2026-07-04
2352,635,90,compartir,2026-08-10
2353,468,221,vista,2026-07-29
2354,955,319,vista,2026-07-20
2355,1101,47,comentario,2026-08-02
2356,35,220,vista,2026-07-13
2357,533,300,comentario,2026-08-04
2358,232,101,comentario,2026-07-22
2359,1240,140,vista,2026-08-11
2360,762,107,vista,2026-07-31
2361,637,253,like,2026-07-29
2362,837,314,comentario,2026-08-09
2363,593,15,vista,2026-08-05
2364,409,233,vista,2026-07-20
2365,982,42,vista,2026-08-01
2366,50,32,like,2026-08-09
2367,501,161,comentario,2026-08-04
2368,630,204,comentario,2026-08-02
2369,658,318,compartir,2026-08-04
2370,721,186,like,2026-07-29
2371,298,19,like,2026-08-05
2372,220,78,comentario,2026-06-28
2373,719,177,compartir,2026-08-11
2374,721,242,compartir,2026-08-08
2375,889,243,comentario,2026-08-02
2376,954,54,vista,2026-08-06
2377,971,227,like,2026-08-10
2378,994,181,compartir,2026-08-08
2379,23,22,vista,2026-07-13
2380,579,188,compartir,2026-07-15
2381,36,275,vista,2026-07-17
2382,148,58,vista,2026-08-04
2383,636,315,like,2026-07-28
2384,464,189,compartir,2026-07-22
2385,184,150,compartir,2026-07-28
2386,930,246,vista,2026-06-21
2387,652,256,comentario,2026-07-25
2388,886,317,compartir,2026-07-25
2389,1099,248,like,2026-07-29
2390,152,54,comentario,2026-08-08
2391,1183,227,compartir,2026-07-14
2392,997,81,like,2026-07-25
2393,346,42,comentario,2026-07-26
2394,380,91,compartir,2026-07-31
2395,1248,264,like,2026-07-18
2396,913,89,comentario,2026-08-06
2397,542,155,compartir,2026-08-04
2398,489,48,comentario,2026-08-08
2399,827,163,vista,2026-08-06
2400,88,225,vista,2026-07-08
2401,200,275,comentario,2026-08-07
2402,1120,306,vista,2026-08-04
2403,470,308,vista,2026-08-10
2404,938,254,comentario,2026-07-24
2405,114,237,vista,2026-07-31
2406,279,5,comentario,2026-07-16
2407,314,273,comentario,2026-07-27
2408,388,198,vista,2026-08-11
2409,1210,285,compartir,2026-07-15
2410,259,158,comentario,2026-07-11
2411,1228,191,comentario,2026-08-06
2412,38,46,compartir,2026-07-31
2413,708,40,vista,2026-08-10
2414,230,191,like,2026-07-03
2415,239,283,compartir,2026-07-22
2416,698,136,like,2026-07-08
2417,361,36,vista,2026-07-12
2418,919,23,comentario,2026-08-07
2419,21,261,comentario,2026-08-07
2420,290,116,vista,2026-07-31
2421,585,173,vista,2026-07-26
2422,1240,296,vista,2026-08-11
2423,637,4,vista,2026-08-03
2424,1209,111,vista,2026-08-08
2425,708,119,vista,2026-08-09
2426,161,5,vista,2026-07-18
2427,275,252,comentario,2026-06-29
2428,911,264,like,2026-08-06
2429,851,168,like,2026-07-24
2430,1232,118,comentario,2026-07-29
2431,450,158,compartir,2026-07-01
2432,236,254,like,2026-07-06
2433,827,300,compartir,2026-08-11
2434,675,328,comentario,2026-07-30
2435,330,178,compartir,2026-08-02
2436,395,253,comentario,2026-07-08
2437,848,85,vista,2026-08-05
2438,143,21,vista,2026-06-23
2439,77,333,like,2026-08-10
2440,506,117,like,2026-08-11
2441,581,299,compartir,2026-08-09
2442,1163,239,compartir,2026-08-04
2443,359,332,like,2026-08-10
2444,695,166,vista,2026-06-24
2445,559,222,comentario,2026-07-06
2446,425,216,vista,2026-08-06
2447,573,224,like,2026-07-17
2448,345,104,comentario,2026-07-15
2449,1111,244,compartir,2026-07-15
2450,190,215,like,2026-08-09
2451,790,346,vista,2026-07-30
2452,615,117,compartir,2026-07-23
2453,223,109,compartir,2026-08-08
2454,403,53,like,2026-07-27
2455,861,345,vista,2026-08-11
2456,606,17,like,2026-08-03
2457,451,222,comentario,2026-08-09
2458,1198,90,comentario,2026-07-12
2459,175,103,compartir,2026-08-02
2460,1198,262,vista,2026-06-21
2461,1082,31,comentario,2026-08-05
2462,431,125,comentario,2026-07-10
2463,717,284,comentario,2026-08-04
2464,1167,50,comentario,2026-07-04
2465,1071,93,like,2026-07-30
2466,746,340,compartir,2026-07-04
2467,586,72,compartir,2026-08-03
2468,66,22,comentario,2026-08-06
2469,455,327,compartir,2026-07-11
2470,1109,261,compartir,2026-08-05
2471,347,239,compartir,2026-08-08
2472,1029,340,compartir,2026-08-11
2473,930,20,like,2026-08-05
2474,292,243,comentario,2026-07-08
2475,558,75,vista,2026-07-19
2476,395,187,like,2026-08-01
2477,960,146,compartir,2026-07-05
2478,1158,330,comentario,2026-07-23
2479,208,135,comentario,2026-08-08
2480,202,263,comentario,2026-07-27
2481,332,276,comentario,2026-07-18
2482,517,39,compartir,2026-07-25
2483,1062,208,comentario,2026-07-05
2484,74,208,vista,2026-08-08
2485,255,253,vista,2026-07-29
2486,571,312,comentario,2026-06-29
2487,1227,327,compartir,2026-08-11
2488,716,280,vista,2026-08-11
2489,247,321,vista,2026-06-21
2490,650,193,vista,2026-07-16
2491,231,235,like,2026-07-13
2492,1083,260,like,2026-07-30
2493,651,304,vista,2026-07-16
2494,837,227,compartir,2026-08-11
2495,425,266,compartir,2026-08-07
2496,439,76,vista,2026-07-13
2497,117,206,vista,2026-06-20
2498,1038,221,compartir,2026-08-06
2499,992,10,like,2026-07-19
2500,180,213,like,2026-08-08
2501,204,107,vista,2026-07-03
2502,173,11,compartir,2026-07-25
2503,809,154,like,2026-08-03
2504,1012,117,vista,2026-07-15
2505,1180,272,comentario,2026-08-03
2506,481,218,vista,2026-07-12
2507,1142,30,comentario,2026-07-31
2508,249,329,vista,2026-08-08
2509,1109,231,compartir,2026-08-10
2510,703,159,compartir,2026-08-06
2511,999,135,compartir,2026-08-08
2512,1092,324,compartir,2026-07-23
2513,30,178,comentario,2026-08-10
2514,1248,174,vista,2026-08-04
2515,1242,248,compartir,2026-07-13
2516,186,308,like,2026-07-27
2517,314,346,like,2026-08-11
2518,763,242,like,2026-07-03
2519,777,348,vista,2026-08-02
2520,667,205,like,2026-07-22
2521,580,336,like,2026-07-12
2522,78,250,comentario,2026-07-27
2523,20,128,vista,2026-07-01
2524,888,73,vista,2026-08-10
2525,707,128,like,2026-08-05
2526,254,300,vista,2026-08-03
2527,909,293,comentario,2026-08-08
2528,528,306,comentario,2026-08-08
2529,213,108,compartir,2026-07-24
2530,861,84,comentario,2026-08-10
2531,586,43,compartir,2026-08-08
2532,1073,203,like,2026-08-10
2533,242,295,compartir,2026-08-07
2534,36,110,compartir,2026-07-30
2535,674,317,like,2026-07-24
2536,117,331,compartir,2026-07-04
2537,866,5,comentario,2026-07-19
2538,710,200,like,2026-08-03
2539,880,222,vista,2026-07-04
2540,138,178,compartir,2026-08-09
2541,408,162,comentario,2026-08-05
2542,687,88,vista,2026-07-30
2543,108,76,like,2026-08-07
2544,662,307,like,2026-06-20
2545,862,50,like,2026-08-01
2546,1128,348,comentario,2026-08-06
2547,1184,55,vista,2026-07-22
2548,74,222,like,2026-08-11
2549,79,176,comentario,2026-07-29
2550,690,52,comentario,2026-07-11
2551,875,20,vista,2026-07-14
2552,135,322,like,2026-07-13
2553,1184,57,like,2026-08-07
2554,51,172,compartir,2026-07-24
2555,1,279,like,2026-07-26
2556,286,133,vista,2026-08-11
2557,71,44,comentario,2026-06-29
2558,1146,187,vista,2026-07-13
2559,1141,125,like,2026-08-05
2560,938,214,comentario,2026-07-04
2561,442,156,vista,2026-07-27
2562,39,278,like,2026-08-04
2563,888,221,like,2026-08-10
2564,132,86,like,2026-08-07
2565,1038,224,compartir,2026-08-07
2566,356,169,compartir,2026-07-13
2567,1140,133,compartir,2026-07-22
2568,505,51,comentario,2026-08-11
2569,253,176,vista,2026-08-06
2570,578,97,comentario,2026-06-30
2571,959,85,comentario,2026-08-03
2572,587,7,like,2026-08-10
2573,334,329,like,2026-06-24
2574,288,293,comentario,2026-07-02
2575,320,213,vista,2026-07-24
2576,864,128,compartir,2026-07-24
2577,1106,87,comentario,2026-08-11
2578,642,252,comentario,2026-07-29
2579,83,282,vista,2026-07-08
2580,344,147,vista,2026-08-01
2581,130,256,comentario,2026-07-21
2582,314,212,like,2026-07-22
2583,910,265,like,2026-06-30
2584,173,173,comentario,2026-08-07
2585,23,45,like,2026-07-18
2586,595,2,vista,2026-08-05
2587,469,136,compartir,2026-08-02
2588,1159,114,vista,2026-07-16
2589,210,212,compartir,2026-07-23
2590,50,26,comentario,2026-07-22
2591,336,12,comentario,2026-08-06
2592,802,92,compartir,2026-08-09
2593,180,133,like,2026-07-31
2594,637,77,comentario,2026-07-17
2595,921,191,compartir,2026-07-13
2596,1110,323,like,2026-07-08
2597,207,332,compartir,2026-08-11
2598,913,80,comentario,2026-08-09
2599,1141,249,comentario,2026-08-08
2600,1065,177,vista,2026-08-04
2601,370,147,compartir,2026-08-07
2602,483,54,like,2026-07-28
2603,406,136,comentario,2026-08-06
2604,351,344,vista,2026-08-06
2605,174,159,vista,2026-08-09
2606,78,100,like,2026-07-29
2607,1101,169,comentario,2026-07-26
2608,754,135,vista,2026-07-11
2609,32,346,like,2026-08-09
2610,543,186,like,2026-08-11
2611,404,297,compartir,2026-07-19
2612,132,169,compartir,2026-08-07
2613,518,153,comentario,2026-06-26
2614,24,109,vista,2026-08-01
2615,116,24,vista,2026-07-17
2616,946,96,compartir,2026-07-04
2617,878,32,comentario,2026-08-01
2618,98,21,vista,2026-08-02
2619,887,54,like,2026-07-18
2620,218,170,like,2026-08-08
2621,721,333,like,2026-08-06
2622,175,160,like,2026-08-03
2623,151,291,compartir,2026-08-06
2624,472,317,comentario,2026-07-07
2625,271,23,like,2026-08-04
2626,248,11,like,2026-06-27
2627,220,206,vista,2026-08-02
2628,207,311,compartir,2026-08-11
2629,767,172,vista,2026-07-17
2630,190,230,vista,2026-07-25
2631,1032,151,vista,2026-06-27
2632,503,314,like,2026-07-19
2633,592,272,comentario,2026-08-02
2634,201,221,compartir,2026-07-17
2635,147,139,like,2026-07-24
2636,720,186,compartir,2026-07-19
2637,1206,46,like,2026-07-26
2638,32,312,comentario,2026-07-31
2639,360,20,comentario,2026-07-22
2640,942,134,compartir,2026-07-12
2641,306,198,vista,2026-07-28
2642,534,336,like,2026-07-04
2643,654,53,compartir,2026-07-28
2644,566,329,vista,2026-08-10
2645,946,124,comentario,2026-07-03
2646,896,60,like,2026-08-11
2647,496,65,comentario,2026-08-11
2648,972,86,like,2026-07-24
2649,1062,140,vista,2026-08-08
2650,464,232,like,2026-07-16
2651,178,138,vista,2026-08-02
2652,1181,20,like,2026-07-31
2653,753,308,compartir,2026-07-15
2654,639,157,comentario,2026-08-08
2655,1240,346,like,2026-08-11
2656,934,111,like,2026-08-05
2657,118,256,comentario,2026-08-11
2658,389,250,like,2026-08-06
2659,417,294,comentario,2026-08-02
2660,1056,342,vista,2026-07-31
2661,146,86,compartir,2026-07-11
2662,894,5,compartir,2026-07-26
2663,1000,244,comentario,2026-07-28
2664,673,87,compartir,2026-06-15
2665,1085,21,comentario,2026-06-21
2666,688,179,compartir,2026-08-10
2667,982,317,like,2026-08-07
2668,185,221,like,2026-08-07
2669,901,121,compartir,2026-07-26
2670,1049,211,vista,2026-08-02
2671,952,248,compartir,2026-07-07
2672,1235,72,like,2026-08-05
2673,397,24,compartir,2026-07-31
2674,1148,345,like,2026-08-11
2675,553,77,vista,2026-08-08
2676,624,4,vista,2026-07-31
2677,173,178,compartir,2026-07-15
2678,647,225,like,2026-08-07
2679,939,233,vista,2026-08-11
2680,1062,119,comentario,2026-08-03
2681,370,213,compartir,2026-08-09
2682,898,111,comentario,2026-07-15
2683,675,112,compartir,2026-07-21
2684,172,2,like,2026-07-13
2685,428,27,like,2026-08-10
2686,1077,111,comentario,2026-07-21
2687,800,48,like,2026-08-07
2688,1175,19,like,2026-08-10
2689,513,44,like,2026-08-03
2690,490,349,comentario,2026-07-08
2691,64,319,like,2026-08-03
2692,211,77,vista,2026-07-03
2693,74,328,compartir,2026-08-11
2694,1012,235,vista,2026-08-07
2695,106,72,comentario,2026-08-10
2696,465,273,comentario,2026-06-26
2697,338,87,like,2026-07-19
2698,252,107,vista,2026-07-01
2699,1216,254,comentario,2026-07-23
2700,350,234,compartir,2026-07-18
2701,1080,264,comentario,2026-07-26
2702,947,22,vista,2026-08-11
2703,235,45,compartir,2026-08-08
2704,1137,277,compartir,2026-07-19
2705,147,141,like,2026-07-30
2706,478,179,compartir,2026-07-07
2707,304,125,like,2026-07-28
2708,42,37,like,2026-06-30
2709,669,169,comentario,2026-08-09
2710,178,286,comentario,2026-08-05
2711,75,196,like,2026-07-14
2712,568,320,vista,2026-08-03
2713,583,106,like,2026-08-06
2714,1192,229,vista,2026-07-29
2715,272,19,compartir,2026-07-23
2716,99,197,compartir,2026-07-31
2717,948,120,compartir,2026-07-14
2718,670,198,like,2026-08-02
2719,428,121,vista,2026-08-05
2720,1119,153,like,2026-08-10
2721,769,253,compartir,2026-07-28
2722,82,57,comentario,2026-07-28
2723,20,150,compartir,2026-07-13
2724,42,222,compartir,2026-07-12
2725,973,130,comentario,2026-08-05
2726,509,76,vista,2026-07-14
2727,137,23,compartir,2026-06-23
2728,351,249,vista,2026-07-10
2729,1068,130,comentario,2026-08-11
2730,1194,187,comentario,2026-06-24
2731,569,289,comentario,2026-08-02
2732,279,205,like,2026-07-08
2733,949,338,vista,2026-08-01
2734,893,250,like,2026-08-10
2735,505,315,comentario,2026-08-11
2736,334,71,compartir,2026-07-24
2737,1190,221,like,2026-07-27
2738,78,189,compartir,2026-07-19
2739,307,139,like,2026-07-23
2740,152,293,vista,2026-08-07
2741,870,7,compartir,2026-07-14
2742,1047,90,like,2026-08-11
2743,471,208,comentario,2026-08-05
2744,270,108,comentario,2026-07-12
2745,308,293,vista,2026-08-07
2746,1016,238,vista,2026-08-10
2747,1206,219,like,2026-08-04
2748,172,159,comentario,2026-07-26
2749,309,201,compartir,2026-07-22
2750,818,282,like,2026-08-06
2751,674,209,like,2026-07-24
2752,1062,329,comentario,2026-07-08
2753,231,89,vista,2026-07-23
2754,2,28,compartir,2026-08-05
2755,149,276,vista,2026-08-10
2756,463,279,like,2026-07-28
2757,584,345,like,2026-08-09
2758,488,339,comentario,2026-07-28
2759,332,256,vista,2026-08-10
2760,957,338,like,2026-07-28
2761,565,210,like,2026-07-18
2762,575,223,vista,2026-07-21
2763,250,255,comentario,2026-07-14
2764,954,147,comentario,2026-08-11
2765,1199,77,compartir,2026-07-12
2766,711,267,compartir,2026-07-15
2767,258,1,compartir,2026-07-08
2768,26,58,vista,2026-07-25
2769,738,184,compartir,2026-08-11
2770,199,253,compartir,2026-07-28
2771,101,303,vista,2026-07-16
2772,372,349,compartir,2026-08-08
2773,29,243,comentario,2026-08-07
2774,797,270,like,2026-07-30
2775,38,212,comentario,2026-07-17
2776,206,200,comentario,2026-07-29
2777,949,139,like,2026-08-07
2778,601,331,comentario,2026-07-09
2779,64,9,like,2026-07-18
2780,66,173,comentario,2026-07-14
2781,777,178,vista,2026-08-04
2782,1086,159,vista,2026-07-20
2783,101,113,compartir,2026-07-26
2784,1247,269,vista,2026-06-25
2785,779,27,like,2026-07-23
2786,1119,292,compartir,2026-08-08
2787,680,233,comentario,2026-06-30
2788,1051,252,vista,2026-07-31
2789,978,97,compartir,2026-08-07
2790,973,66,vista,2026-07-17
2791,716,196,compartir,2026-07-20
2792,1049,99,like,2026-06-30
2793,892,254,like,2026-08-04
2794,816,177,comentario,2026-08-01
2795,866,6,compartir,2026-06-26
2796,951,329,like,2026-08-11
2797,1243,179,comentario,2026-07-31
2798,326,350,compartir,2026-08-05
2799,451,49,comentario,2026-08-10
2800,268,313,like,2026-07-07
2801,194,28,comentario,2026-07-31
2802,711,131,compartir,2026-07-28
2803,336,243,vista,2026-07-25
2804,1001,337,like,2026-07-28
2805,52,291,compartir,2026-08-06
2806,1020,211,compartir,2026-08-10
2807,635,267,comentario,2026-08-10
2808,956,85,like,2026-07-05
2809,1225,36,vista,2026-08-07
2810,953,343,vista,2026-08-01
2811,216,79,comentario,2026-08-10
2812,910,78,like,2026-06-18
2813,624,133,vista,2026-07-08
2814,318,284,like,2026-06-25
2815,1233,307,comentario,2026-07-02
2816,411,279,like,2026-07-22
2817,995,329,like,2026-07-31
2818,876,130,like,2026-07-28
2819,482,340,comentario,2026-07-25
2820,973,17,comentario,2026-07-03
2821,102,84,comentario,2026-07-24
2822,580,124,vista,2026-07-17
2823,1091,151,compartir,2026-08-04
2824,308,206,like,2026-08-03
2825,739,184,compartir,2026-08-02
2826,463,7,like,2026-07-27
2827,1056,80,like,2026-07-21
2828,555,244,like,2026-07-18
2829,712,337,comentario,2026-07-11
2830,736,23,vista,2026-08-10
2831,576,121,comentario,2026-08-11
2832,57,282,like,2026-08-02
2833,1114,163,compartir,2026-08-08
2834,1235,68,like,2026-06-24
2835,254,163,like,2026-07-27
2836,22,165,vista,2026-08-05
2837,1091,301,like,2026-08-10
2838,222,340,comentario,2026-08-10
2839,637,167,vista,2026-07-25
2840,1142,136,vista,2026-07-23
2841,246,13,vista,2026-08-04
2842,254,164,like,2026-07-09
2843,839,121,vista,2026-08-04
2844,822,338,vista,2026-07-19
2845,1094,11,comentario,2026-07-23
2846,827,246,compartir,2026-07-28
2847,444,300,comentario,2026-06-28
2848,724,195,comentario,2026-08-11
2849,775,212,compartir,2026-08-10
2850,1115,13,compartir,2026-07-30
2851,147,172,vista,2026-06-21
2852,1118,64,comentario,2026-07-21
2853,1160,17,like,2026-07-28
2854,739,204,comentario,2026-07-27
2855,98,81,compartir,2026-07-25
2856,518,261,vista,2026-08-07
2857,678,69,vista,2026-07-09
2858,967,183,vista,2026-08-10
2859,415,103,like,2026-07-19
2860,1228,219,like,2026-08-05
2861,1109,321,compartir,2026-07-28
2862,426,250,vista,2026-07-30
2863,719,111,comentario,2026-08-06
2864,462,106,vista,2026-07-25
2865,1001,210,comentario,2026-07-31
2866,888,190,comentario,2026-08-08
2867,70,173,like,2026-06-24
2868,269,216,vista,2026-08-04
2869,1034,277,compartir,2026-08-09
2870,157,167,vista,2026-07-17
2871,509,200,vista,2026-07-29
2872,815,57,compartir,2026-08-10
2873,1199,59,compartir,2026-08-11
2874,415,50,vista,2026-08-07
2875,1110,59,compartir,2026-07-27
2876,595,59,comentario,2026-08-11
2877,157,38,like,2026-08-11
2878,341,250,compartir,2026-08-08
2879,562,194,comentario,2026-08-05
2880,609,317,like,2026-07-12
2881,316,329,compartir,2026-07-19
2882,885,234,like,2026-08-09
2883,43,41,vista,2026-08-08
2884,502,296,compartir,2026-08-05
2885,1061,242,comentario,2026-08-05
2886,803,22,comentario,2026-07-12
2887,165,211,like,2026-06-28
2888,1194,52,comentario,2026-08-03
2889,944,319,comentario,2026-07-22
2890,1014,92,compartir,2026-08-08
2891,54,292,like,2026-07-07
2892,42,153,comentario,2026-08-11
2893,95,144,vista,2026-08-01
2894,184,233,compartir,2026-07-15
2895,108,3,comentario,2026-08-08
2896,275,66,comentario,2026-07-04
2897,96,333,comentario,2026-06-23
2898,392,36,compartir,2026-08-08
2899,1089,23,compartir,2026-08-11
2900,1231,309,like,2026-07-25
2901,704,41,compartir,2026-07-12
2902,550,211,comentario,2026-07-16
2903,1162,34,comentario,2026-07-07
2904,66,223,vista,2026-08-03
2905,1147,339,compartir,2026-08-09
2906,216,54,comentario,2026-08-08
2907,248,233,vista,2026-07-02
2908,476,22,like,2026-08-08
2909,909,54,like,2026-07-24
2910,949,281,like,2026-08-09
2911,897,185,comentario,2026-07-29
2912,1222,202,comentario,2026-08-09
2913,959,271,like,2026-08-09
2914,810,174,vista,2026-07-10
2915,1013,97,like,2026-06-25
2916,711,34,compartir,2026-06-29
2917,264,276,comentario,2026-07-29
2918,237,100,comentario,2026-07-26
2919,839,177,compartir,2026-08-04
2920,942,9,comentario,2026-08-03
2921,963,299,compartir,2026-08-06
2922,43,268,like,2026-08-08
2923,890,219,like,2026-08-11
2924,1114,312,comentario,2026-08-01
2925,58,202,comentario,2026-08-09
2926,995,88,like,2026-07-22
2927,199,119,compartir,2026-07-23
2928,213,168,like,2026-07-15
2929,935,137,compartir,2026-08-07
2930,197,315,vista,2026-07-11
2931,628,227,like,2026-08-03
2932,480,202,compartir,2026-08-03
2933,886,332,compartir,2026-07-31
2934,1008,245,compartir,2026-07-18
2935,915,330,comentario,2026-08-09
2936,274,203,comentario,2026-08-10
2937,710,249,vista,2026-08-05
2938,984,227,vista,2026-08-08
2939,984,246,compartir,2026-07-24
2940,409,156,comentario,2026-07-27
2941,517,23,compartir,2026-07-24
2942,1125,93,comentario,2026-07-17
2943,182,306,comentario,2026-08-04
2944,506,348,vista,2026-08-04
2945,534,280,compartir,2026-08-07
2946,587,248,compartir,2026-08-11
2947,677,219,comentario,2026-08-08
2948,913,195,comentario,2026-08-05
2949,157,305,like,2026-07-25
2950,1093,336,vista,2026-07-10
2951,496,58,like,2026-08-11
2952,453,186,comentario,2026-08-04
2953,842,329,compartir,2026-07-24
2954,408,207,comentario,2026-07-28
2955,571,133,like,2026-08-01
2956,424,102,vista,2026-08-07
2957,30,29,comentario,2026-08-09
2958,1041,182,compartir,2026-07-05
2959,6,14,like,2026-08-09
2960,764,38,comentario,2026-08-04
2961,137,19,compartir,2026-06-26
2962,17,221,compartir,2026-08-11
2963,384,214,comentario,2026-07-21
2964,93,312,like,2026-07-22
2965,1101,183,compartir,2026-08-07
2966,461,279,vista,2026-07-29
2967,425,268,like,2026-08-06
2968,722,200,compartir,2026-07-21
2969,181,143,comentario,2026-07-21
2970,282,28,comentario,2026-07-29
2971,632,45,like,2026-08-08
2972,99,24,compartir,2026-07-08
2973,1174,266,compartir,2026-08-07
2974,1030,345,like,2026-07-14
2975,449,262,like,2026-07-25
2976,1135,113,like,2026-07-10
2977,776,134,vista,2026-08-08
2978,595,210,vista,2026-08-08
2979,809,323,vista,2026-08-03
2980,204,303,comentario,2026-07-02
2981,1192,183,vista,2026-07-11
2982,462,87,vista,2026-08-09
2983,335,90,vista,2026-07-21
2984,328,51,compartir,2026-08-04
2985,1056,198,vista,2026-07-30
2986,88,197,like,2026-07-03
2987,1239,339,vista,2026-07-07
2988,798,124,comentario,2026-07-20
2989,438,275,comentario,2026-06-30
2990,765,245,vista,2026-08-04
2991,541,94,like,2026-07-05
2992,665,190,like,2026-08-08
2993,1120,297,compartir,2026-07-14
2994,1237,21,like,2026-08-05
2995,659,20,compartir,2026-07-25
2996,1047,219,compartir,2026-07-21
2997,1003,100,like,2026-07-04
2998,815,30,like,2026-08-09
2999,797,218,compartir,2026-07-12
3000,475,262,comentario,2026-08-09
3001,452,168,vista,2026-07-26
3002,364,162,comentario,2026-08-04
3003,636,304,like,2026-07-25
3004,979,83,like,2026-08-01
3005,509,108,compartir,2026-07-02
3006,866,322,vista,2026-07-07
3007,376,50,like,2026-07-01
3008,1047,157,vista,2026-07-21
3009,339,265,comentario,2026-08-08
3010,668,307,vista,2026-08-03
3011,1210,308,comentario,2026-07-24
3012,584,315,like,2026-07-01
3013,298,195,like,2026-08-07
3014,852,118,compartir,2026-07-24
3015,817,69,comentario,2026-07-15
3016,119,211,comentario,2026-07-16
3017,37,182,vista,2026-07-26
3018,673,236,compartir,2026-07-10
3019,99,160,compartir,2026-06-24
3020,83,231,compartir,2026-08-09
3021,678,6,comentario,2026-07-16
3022,1162,142,like,2026-07-05
3023,25,104,like,2026-07-28
3024,908,57,vista,2026-08-03
3025,213,45,vista,2026-07-30
3026,363,325,comentario,2026-08-03
3027,79,197,like,2026-08-01
3028,472,4,compartir,2026-07-26
3029,545,241,like,2026-07-28
3030,438,112,vista,2026-07-09
3031,625,185,like,2026-08-09
3032,715,332,compartir,2026-08-02
3033,318,198,vista,2026-07-04
3034,317,173,comentario,2026-08-08
3035,529,327,like,2026-08-10
3036,270,10,like,2026-08-02
3037,820,170,comentario,2026-08-09
3038,693,260,comentario,2026-08-11
3039,571,123,compartir,2026-07-17
3040,1,123,like,2026-08-03
3041,237,104,vista,2026-07-15
3042,1037,265,like,2026-07-26
3043,1007,127,compartir,2026-08-01
3044,790,38,vista,2026-07-30
3045,1101,28,vista,2026-07-30
3046,578,168,vista,2026-08-02
3047,541,72,compartir,2026-08-10
3048,241,7,like,2026-08-11
3049,904,76,vista,2026-08-09
3050,653,286,comentario,2026-07-29
3051,1001,324,compartir,2026-07-13
3052,548,266,vista,2026-06-25
3053,792,345,compartir,2026-07-06
3054,125,220,comentario,2026-08-08
3055,879,50,vista,2026-07-23
3056,915,79,like,2026-08-05
3057,1181,208,compartir,2026-07-31
3058,41,276,vista,2026-07-17
3059,213,297,vista,2026-07-19
3060,401,272,compartir,2026-08-10
3061,815,22,comentario,2026-08-10
3062,138,190,compartir,2026-08-08
3063,199,159,like,2026-08-05
3064,1099,2,comentario,2026-08-07
3065,447,29,like,2026-08-10
3066,305,242,like,2026-08-11
3067,677,158,compartir,2026-08-08
3068,1192,305,vista,2026-08-04
3069,14,243,comentario,2026-08-09
3070,816,201,like,2026-08-07
3071,182,178,vista,2026-08-02
3072,551,272,vista,2026-08-02
3073,443,268,vista,2026-08-11
3074,467,322,comentario,2026-07-24
3075,1085,256,vista,2026-07-13
3076,871,113,compartir,2026-07-26
3077,876,79,like,2026-06-26
3078,1082,19,vista,2026-08-07
3079,973,208,like,2026-07-31
3080,1094,233,comentario,2026-06-30
3081,1229,266,like,2026-07-01
3082,1225,253,vista,2026-07-07
3083,1165,298,comentario,2026-08-08
3084,179,263,comentario,2026-08-03
3085,76,220,comentario,2026-08-11
3086,666,211,comentario,2026-08-10
3087,182,328,comentario,2026-08-08
3088,760,11,like,2026-07-22
3089,863,90,vista,2026-08-04
3090,1100,2,like,2026-07-31
3091,69,101,vista,2026-08-02
3092,772,108,comentario,2026-07-31
3093,1196,303,comentario,2026-08-04
3094,1099,126,compartir,2026-07-30
3095,486,114,compartir,2026-08-02
3096,454,211,like,2026-08-09
3097,1030,318,like,2026-07-02
3098,923,318,vista,2026-08-11
3099,446,280,vista,2026-07-26
3100,1161,224,compartir,2026-07-21
3101,108,278,compartir,2026-08-08
3102,638,10,vista,2026-08-03
3103,217,265,like,2026-08-05
3104,439,34,vista,2026-07-25
3105,613,164,like,2026-07-31
3106,657,289,vista,2026-07-21
3107,354,131,comentario,2026-08-11
3108,120,230,comentario,2026-08-10
3109,1070,242,like,2026-08-11
3110,60,158,like,2026-07-29
3111,210,47,like,2026-08-04
3112,142,171,compartir,2026-08-10
3113,729,211,compartir,2026-07-28
3114,1088,266,vista,2026-08-07
3115,1019,267,compartir,2026-07-31
3116,816,213,vista,2026-08-07
3117,536,68,vista,2026-07-28
3118,258,14,vista,2026-07-24
3119,148,338,like,2026-08-05
3120,173,192,comentario,2026-06-28
3121,378,70,compartir,2026-07-07
3122,1245,149,vista,2026-08-09
3123,159,216,comentario,2026-08-03
3124,420,35,vista,2026-07-25
3125,626,256,like,2026-08-10
3126,564,97,vista,2026-07-03
3127,1023,116,compartir,2026-08-10
3128,661,101,comentario,2026-08-08
3129,621,288,like,2026-08-09
3130,587,203,vista,2026-08-10
3131,424,32,compartir,2026-08-09
3132,35,214,compartir,2026-07-11
3133,939,273,like,2026-07-15
3134,101,114,compartir,2026-08-11
3135,611,5,compartir,2026-08-08
3136,649,347,compartir,2026-07-13
3137,214,317,compartir,2026-08-11
3138,117,188,vista,2026-08-01
3139,11,130,like,2026-08-07
3140,1049,270,comentario,2026-07-09
3141,687,179,comentario,2026-07-29
3142,21,153,compartir,2026-07-18
3143,1045,23,vista,2026-07-14
3144,1214,304,compartir,2026-07-05
3145,834,340,compartir,2026-06-27
3146,835,14,vista,2026-07-31
3147,712,208,like,2026-07-20
3148,475,84,comentario,2026-08-05
3149,977,244,vista,2026-07-25
3150,1136,342,comentario,2026-08-08
3151,113,182,vista,2026-07-10
3152,238,19,vista,2026-08-05
3153,945,179,compartir,2026-08-09
3154,238,208,like,2026-08-07
3155,1231,159,comentario,2026-07-24
3156,135,236,like,2026-07-17
3157,139,240,compartir,2026-07-29
3158,1085,144,vista,2026-07-23
3159,225,132,comentario,2026-07-22
3160,687,56,like,2026-08-07
3161,472,242,comentario,2026-07-27
3162,1096,195,comentario,2026-07-20
3163,444,350,comentario,2026-08-01
3164,1147,120,like,2026-08-09
3165,571,138,comentario,2026-07-21
3166,381,93,like,2026-08-09
3167,622,238,vista,2026-07-04
3168,67,242,like,2026-08-06
3169,765,81,compartir,2026-08-09
3170,1028,266,comentario,2026-06-22
3171,129,163,compartir,2026-08-09
3172,622,275,compartir,2026-07-22
3173,1013,311,vista,2026-07-11
3174,634,97,vista,2026-08-09
3175,873,186,like,2026-07-30
3176,689,326,like,2026-07-30
3177,1203,312,comentario,2026-07-04
3178,816,121,compartir,2026-08-01
3179,764,39,vista,2026-08-07
3180,1089,350,vista,2026-07-08
3181,448,338,comentario,2026-07-27
3182,752,141,vista,2026-08-11
3183,217,339,compartir,2026-08-09
3184,233,22,compartir,2026-08-08
3185,109,125,comentario,2026-06-28
3186,956,341,compartir,2026-07-01
3187,462,339,like,2026-07-12
3188,667,348,compartir,2026-07-29
3189,908,238,like,2026-08-11
3190,672,319,vista,2026-06-28
3191,1014,267,like,2026-08-02
3192,678,230,comentario,2026-07-03
3193,815,323,comentario,2026-07-30
3194,879,140,comentario,2026-08-06
3195,109,146,comentario,2026-08-10
3196,819,17,comentario,2026-07-13
3197,68,239,compartir,2026-07-22
3198,948,320,vista,2026-08-01
3199,1127,147,like,2026-08-02
3200,145,83,like,2026-07-25
3201,675,102,vista,2026-07-29
3202,590,41,comentario,2026-07-23
3203,536,130,comentario,2026-08-04
3204,166,166,like,2026-08-08
3205,671,262,comentario,2026-07-22
3206,1087,250,compartir,2026-08-11
3207,279,242,compartir,2026-08-06
3208,1040,53,compartir,2026-07-18
3209,179,247,vista,2026-07-22
3210,753,194,vista,2026-08-05
3211,175,80,compartir,2026-08-11
3212,611,134,vista,2026-08-05
3213,614,247,compartir,2026-08-10
3214,129,241,comentario,2026-07-19
3215,925,80,vista,2026-06-25
3216,503,105,compartir,2026-06-27
3217,1213,85,vista,2026-07-23
3218,882,148,like,2026-07-11
3219,973,79,like,2026-06-27
3220,674,315,compartir,2026-08-07
3221,1143,62,compartir,2026-08-01
3222,437,202,compartir,2026-08-08
3223,294,265,like,2026-07-29
3224,1182,308,vista,2026-07-23
3225,682,230,like,2026-07-16
3226,580,32,compartir,2026-07-25
3227,1052,129,compartir,2026-07-07
3228,2,185,compartir,2026-08-04
3229,1059,116,compartir,2026-06-25
3230,904,129,compartir,2026-08-09
3231,626,315,compartir,2026-08-09
3232,198,222,comentario,2026-07-21
3233,505,195,comentario,2026-08-11
3234,968,38,comentario,2026-08-03
3235,21,32,like,2026-07-27
3236,688,319,vista,2026-08-09
3237,1069,14,compartir,2026-07-19
3238,838,145,comentario,2026-08-09
3239,651,323,like,2026-07-27
3240,1103,255,vista,2026-08-08
3241,774,216,compartir,2026-08-08
3242,646,271,compartir,2026-07-21
3243,293,98,vista,2026-07-04
3244,465,244,vista,2026-08-07
3245,83,347,vista,2026-07-02
3246,986,18,like,2026-07-25
3247,113,98,comentario,2026-08-11
3248,751,305,compartir,2026-08-07
3249,155,275,comentario,2026-08-06
3250,329,231,vista,2026-07-03
3251,222,22,compartir,2026-08-10
3252,785,271,compartir,2026-06-30
3253,1086,271,comentario,2026-07-28
3254,1153,179,comentario,2026-07-28
3255,461,160,compartir,2026-08-05
3256,446,42,like,2026-08-04
3257,492,246,vista,2026-06-28
3258,211,210,comentario,2026-07-05
3259,67,203,compartir,2026-08-02
3260,248,315,comentario,2026-07-07
3261,925,330,compartir,2026-07-26
3262,32,349,like,2026-07-31
3263,748,23,comentario,2026-08-11
3264,338,260,compartir,2026-07-23
3265,263,202,comentario,2026-06-25
3266,80,37,compartir,2026-07-07
3267,80,63,vista,2026-07-25
3268,635,87,compartir,2026-08-11
3269,1,179,compartir,2026-07-29
3270,581,292,compartir,2026-07-29
3271,641,109,compartir,2026-08-07
3272,453,168,vista,2026-08-09
3273,150,316,like,2026-07-24
3274,162,281,vista,2026-08-09
3275,528,317,like,2026-06-17
3276,271,32,like,2026-08-01
3277,676,291,vista,2026-07-30
3278,93,189,comentario,2026-07-30
3279,78,252,like,2026-07-29
3280,371,163,vista,2026-08-10
3281,740,151,compartir,2026-07-11
3282,230,201,vista,2026-08-07
3283,421,132,like,2026-08-01
3284,98,44,comentario,2026-08-10
3285,114,330,comentario,2026-07-26
3286,225,133,comentario,2026-07-30
3287,659,286,compartir,2026-07-18
3288,994,89,vista,2026-08-10
3289,439,340,vista,2026-08-04
3290,511,297,comentario,2026-07-17
3291,868,334,compartir,2026-08-01
3292,858,131,comentario,2026-08-11
3293,90,334,like,2026-07-28
3294,590,110,vista,2026-07-30
3295,839,284,compartir,2026-08-06
3296,826,156,comentario,2026-08-06
3297,451,180,compartir,2026-07-28
3298,946,157,like,2026-07-11
3299,569,154,like,2026-08-03
3300,1194,266,vista,2026-07-10
3301,1197,300,compartir,2026-07-30
3302,377,79,comentario,2026-07-05
3303,204,285,comentario,2026-08-03
3304,1144,81,comentario,2026-07-30
3305,372,89,vista,2026-08-10
3306,269,318,like,2026-07-30
3307,48,193,comentario,2026-08-09
3308,937,227,vista,2026-08-11
3309,120,124,vista,2026-08-09
3310,333,87,vista,2026-08-05
3311,892,299,vista,2026-08-03
3312,1009,35,vista,2026-07-14
3313,1206,80,vista,2026-07-30
3314,161,66,like,2026-07-17
3315,952,227,like,2026-07-23
3316,1215,50,comentario,2026-08-01
3317,1120,218,compartir,2026-07-20
3318,133,94,like,2026-08-07
3319,102,185,compartir,2026-08-09
3320,807,350,comentario,2026-08-01
3321,1194,187,like,2026-07-08
3322,614,240,like,2026-08-08
3323,675,46,comentario,2026-07-17
3324,1088,125,comentario,2026-07-13
3325,287,273,compartir,2026-08-02
3326,396,121,compartir,2026-06-30
3327,180,286,comentario,2026-07-27
3328,677,40,like,2026-08-10
3329,660,63,vista,2026-07-04
3330,1229,129,compartir,2026-07-12
3331,905,222,comentario,2026-08-11
3332,596,279,like,2026-08-10
3333,362,2,like,2026-07-24
3334,155,235,compartir,2026-08-07
3335,1032,264,compartir,2026-07-02
3336,333,273,vista,2026-08-06
3337,827,241,compartir,2026-07-24
3338,883,274,vista,2026-08-07
3339,601,5,comentario,2026-07-18
3340,220,218,compartir,2026-07-14
3341,1217,9,vista,2026-08-05
3342,331,158,compartir,2026-08-10
3343,814,218,comentario,2026-08-08
3344,678,221,comentario,2026-08-02
3345,158,240,vista,2026-07-30
3346,231,247,like,2026-07-08
3347,464,93,comentario,2026-07-16
3348,1088,209,comentario,2026-07-10
3349,1037,128,comentario,2026-08-09
3350,334,322,comentario,2026-07-12
3351,769,342,like,2026-06-28
3352,256,166,comentario,2026-08-06
3353,985,143,like,2026-08-08
3354,900,195,compartir,2026-08-11
3355,828,58,like,2026-07-29
3356,189,67,vista,2026-06-23
3357,465,343,compartir,2026-07-13
3358,1193,348,like,2026-08-08
3359,295,240,like,2026-07-31
3360,966,252,like,2026-07-02
3361,967,278,like,2026-08-10
3362,484,288,like,2026-08-02
3363,1164,174,like,2026-06-29
3364,262,277,vista,2026-08-10
3365,402,243,vista,2026-08-04
3366,777,14,vista,2026-07-05
3367,1241,322,like,2026-07-27
3368,236,273,compartir,2026-08-03
3369,38,87,vista,2026-07-27
3370,10,112,comentario,2026-07-16
3371,318,227,comentario,2026-07-15
3372,369,288,like,2026-07-02
3373,941,216,compartir,2026-07-22
3374,406,228,vista,2026-08-10
3375,364,184,like,2026-07-23
3376,1072,81,compartir,2026-08-01
3377,817,6,comentario,2026-06-20
3378,681,92,vista,2026-08-05
3379,184,345,like,2026-07-31
3380,858,40,like,2026-08-11
3381,151,157,compartir,2026-07-29
3382,9,8,like,2026-07-22
3383,171,165,like,2026-07-22
3384,744,59,vista,2026-07-13
3385,630,215,comentario,2026-07-16
3386,908,305,comentario,2026-08-06
3387,758,227,compartir,2026-07-28
3388,639,276,comentario,2026-07-06
3389,109,43,compartir,2026-07-30
3390,773,255,vista,2026-07-14
3391,838,71,compartir,2026-08-11
3392,733,248,comentario,2026-08-10
3393,310,304,like,2026-07-31
3394,1154,20,vista,2026-08-11
3395,830,74,comentario,2026-08-10
3396,592,137,vista,2026-08-02
3397,338,335,compartir,2026-06-25
3398,209,319,comentario,2026-07-12
3399,782,208,like,2026-07-26
3400,552,312,like,2026-08-10
3401,929,105,like,2026-07-31
3402,531,163,like,2026-08-08
3403,2,192,vista,2026-08-08
3404,905,185,comentario,2026-08-11
3405,83,101,like,2026-07-18
3406,196,61,like,2026-07-15
3407,1078,310,like,2026-06-28
3408,711,8,compartir,2026-07-21
3409,275,161,comentario,2026-06-21
3410,1200,143,vista,2026-07-20
3411,808,113,compartir,2026-08-02
3412,1231,329,compartir,2026-08-01
3413,1229,4,vista,2026-07-28
3414,5,28,like,2026-08-09
3415,528,95,like,2026-08-11
3416,197,19,comentario,2026-07-15
3417,888,268,like,2026-08-11
3418,1103,129,compartir,2026-08-06
3419,219,75,compartir,2026-07-19
3420,1229,74,compartir,2026-08-07
3421,700,139,vista,2026-07-14
3422,931,318,like,2026-08-09
3423,333,16,like,2026-08-08
3424,373,340,like,2026-07-29
3425,369,69,like,2026-07-01
3426,304,320,comentario,2026-07-31
3427,682,110,comentario,2026-07-20
3428,914,320,compartir,2026-07-29
3429,768,62,compartir,2026-08-11
3430,147,31,vista,2026-07-26
3431,339,178,compartir,2026-08-11
3432,500,142,like,2026-08-04
3433,67,256,compartir,2026-07-29
3434,164,56,compartir,2026-08-11
3435,702,223,comentario,2026-07-31
3436,6,168,like,2026-08-07
3437,960,269,vista,2026-08-07
3438,120,148,vista,2026-08-10
3439,517,187,vista,2026-07-04
3440,1164,140,compartir,2026-06-28
3441,775,153,vista,2026-08-11
3442,252,341,vista,2026-07-20
3443,1225,8,vista,2026-07-28
3444,1058,39,comentario,2026-08-04
3445,600,308,like,2026-07-14
3446,936,180,comentario,2026-07-30
3447,290,241,like,2026-07-29
3448,37,346,comentario,2026-08-03
3449,37,54,like,2026-07-19
3450,911,349,vista,2026-08-11
3451,961,200,vista,2026-08-11
3452,869,288,vista,2026-08-03
3453,77,107,comentario,2026-08-10
3454,424,335,vista,2026-07-31
3455,1244,133,compartir,2026-08-06
3456,394,330,like,2026-07-04
3457,385,181,comentario,2026-08-11
3458,94,199,vista,2026-07-30
3459,1238,297,vista,2026-08-01
3460,1087,305,like,2026-08-11
3461,973,243,vista,2026-07-02
3462,1008,129,vista,2026-08-03
3463,200,216,like,2026-08-08
3464,1036,138,like,2026-07-16
3465,731,180,compartir,2026-07-29
3466,532,217,compartir,2026-08-07
3467,1154,231,like,2026-07-20
3468,1028,204,comentario,2026-08-06
3469,707,236,compartir,2026-07-16
3470,671,162,like,2026-07-26
3471,380,306,vista,2026-08-08
3472,365,27,comentario,2026-08-10
3473,468,285,vista,2026-06-27
3474,1121,130,compartir,2026-08-02
3475,55,141,vista,2026-07-19
3476,1200,268,comentario,2026-08-09
3477,151,212,like,2026-08-01
3478,1071,130,like,2026-07-22
3479,736,8,comentario,2026-08-10
3480,243,4,vista,2026-07-13
3481,3,244,vista,2026-07-20
3482,77,56,comentario,2026-08-11
3483,610,249,like,2026-08-10
3484,797,282,vista,2026-07-25
3485,1050,298,compartir,2026-07-28
3486,479,281,comentario,2026-07-09
3487,758,100,compartir,2026-07-28
3488,1045,277,compartir,2026-07-25
3489,219,95,like,2026-07-12
3490,257,118,comentario,2026-08-09
3491,637,259,vista,2026-07-03
3492,66,103,vista,2026-08-05
3493,408,55,comentario,2026-08-10
3494,758,51,like,2026-08-02
3495,519,199,vista,2026-08-06
3496,1161,56,vista,2026-07-30
3497,515,222,vista,2026-08-09
3498,537,18,like,2026-08-10
3499,224,208,vista,2026-08-07
3500,634,224,vista,2026-08-11
3501,280,57,compartir,2026-07-11
3502,707,315,like,2026-07-13
3503,580,90,vista,2026-07-08
3504,278,293,like,2026-07-22
3505,760,119,like,2026-08-07
3506,1087,269,vista,2026-08-11
3507,682,173,vista,2026-07-23
3508,48,318,like,2026-08-10
3509,819,61,like,2026-07-21
3510,874,176,like,2026-07-14
3511,212,332,compartir,2026-07-28
3512,545,92,comentario,2026-07-18
3513,728,69,vista,2026-08-06
3514,322,1,compartir,2026-08-04
3515,208,209,compartir,2026-08-06
3516,951,10,like,2026-08-10
3517,808,278,comentario,2026-08-04
3518,216,323,vista,2026-07-29
3519,1136,157,compartir,2026-07-08
3520,861,224,vista,2026-08-11
3521,1148,308,compartir,2026-08-11
3522,566,28,vista,2026-08-07
3523,1036,64,like,2026-08-10
3524,1209,234,like,2026-08-08
3525,942,169,comentario,2026-07-25
3526,630,17,like,2026-07-18
3527,484,294,compartir,2026-08-11
3528,1068,81,compartir,2026-08-11
3529,663,26,compartir,2026-07-13
3530,302,275,compartir,2026-07-28
3531,872,323,like,2026-08-06
3532,911,144,like,2026-08-08
3533,64,182,comentario,2026-07-24
3534,1101,289,vista,2026-06-26
3535,73,159,comentario,2026-07-27
3536,267,3,vista,2026-08-11
3537,888,251,like,2026-08-09
3538,1175,111,compartir,2026-08-11
3539,1032,95,comentario,2026-06-29
3540,131,323,comentario,2026-07-26
3541,685,218,like,2026-08-10
3542,280,184,vista,2026-07-30
3543,474,239,comentario,2026-08-10
3544,1165,321,vista,2026-07-23
3545,546,247,comentario,2026-07-14
3546,480,18,compartir,2026-08-08
3547,690,134,like,2026-07-07
3548,91,94,vista,2026-07-26
3549,785,138,like,2026-07-15
3550,574,136,like,2026-06-23
3551,1202,253,vista,2026-07-21
3552,1148,48,vista,2026-08-11
3553,763,275,comentario,2026-06-20
3554,82,64,vista,2026-07-13
3555,1036,56,like,2026-07-12
3556,59,143,like,2026-07-20
3557,634,8,vista,2026-08-11
3558,867,222,vista,2026-08-06
3559,717,181,comentario,2026-08-09
3560,417,73,comentario,2026-07-26
3561,304,37,comentario,2026-07-29
3562,228,332,like,2026-08-03
3563,627,224,vista,2026-08-10
3564,590,111,compartir,2026-08-04
3565,748,194,vista,2026-08-09
3566,1127,261,vista,2026-08-06
3567,913,58,comentario,2026-08-11
3568,809,289,compartir,2026-08-04
3569,1081,282,vista,2026-08-05
3570,445,242,compartir,2026-08-01
3571,589,322,compartir,2026-07-21
3572,800,172,vista,2026-08-11
3573,546,123,comentario,2026-08-02
3574,1012,319,comentario,2026-07-07
3575,1242,253,vista,2026-07-24
3576,1047,121,compartir,2026-08-08
3577,638,290,compartir,2026-07-14
3578,297,152,comentario,2026-06-16
3579,1225,123,comentario,2026-07-24
3580,273,298,comentario,2026-07-06
3581,146,211,compartir,2026-07-13
3582,1184,149,compartir,2026-07-30
3583,1103,284,comentario,2026-07-29
3584,704,15,comentario,2026-07-15
3585,727,314,compartir,2026-08-05
3586,729,38,like,2026-08-04
3587,869,120,compartir,2026-08-04
3588,695,192,vista,2026-07-10
3589,1161,232,vista,2026-08-07
3590,897,93,compartir,2026-08-04
3591,984,22,vista,2026-07-28
3592,282,327,like,2026-06-16
3593,1131,257,like,2026-07-17
3594,1157,218,like,2026-07-09
3595,767,21,vista,2026-07-30
3596,641,322,comentario,2026-07-29
3597,1070,219,like,2026-08-11
3598,219,173,like,2026-08-02
3599,116,191,comentario,2026-08-09
3600,710,36,compartir,2026-08-06
3601,1031,256,comentario,2026-08-08
3602,1040,126,compartir,2026-07-18
3603,623,239,compartir,2026-07-21
3604,339,106,comentario,2026-08-07
3605,97,307,like,2026-08-05
3606,641,133,compartir,2026-07-30
3607,1018,126,comentario,2026-08-07
3608,805,84,like,2026-08-05
3609,288,105,compartir,2026-07-12
3610,1067,71,vista,2026-07-09
3611,880,241,like,2026-07-11
3612,420,256,comentario,2026-08-05
3613,990,287,vista,2026-07-23
3614,1059,15,comentario,2026-07-01
3615,818,266,compartir,2026-08-06
3616,404,233,like,2026-07-16
3617,228,102,vista,2026-08-03
3618,290,57,vista,2026-08-11
3619,1228,76,vista,2026-08-05
3620,830,2,compartir,2026-08-10
3621,666,111,like,2026-08-06
3622,614,139,like,2026-08-10
3623,928,131,compartir,2026-08-04
3624,588,28,comentario,2026-08-01
3625,1214,209,vista,2026-07-30
3626,1166,92,comentario,2026-07-22
3627,221,193,compartir,2026-08-11
3628,657,29,comentario,2026-07-16
3629,808,229,comentario,2026-08-08
3630,434,56,compartir,2026-07-30
3631,742,255,vista,2026-08-11
3632,1191,112,comentario,2026-07-30
3633,972,108,like,2026-08-08
3634,190,270,comentario,2026-07-26
3635,190,81,comentario,2026-07-25
3636,772,335,like,2026-07-30
3637,106,234,vista,2026-08-09
3638,1064,250,like,2026-07-26
3639,61,145,vista,2026-07-22
3640,817,229,compartir,2026-06-24
3641,796,251,compartir,2026-08-11
3642,414,327,comentario,2026-07-25
3643,1184,136,comentario,2026-08-09
3644,1077,350,compartir,2026-07-26
3645,172,20,like,2026-08-02
3646,64,55,compartir,2026-08-04
3647,453,229,vista,2026-07-25
3648,977,281,comentario,2026-06-29
3649,459,302,like,2026-08-03
3650,149,40,comentario,2026-07-19
3651,1036,9,compartir,2026-07-11
3652,300,84,like,2026-07-26
3653,435,257,compartir,2026-07-29
3654,342,265,vista,2026-07-07
3655,91,105,compartir,2026-06-25
3656,99,243,like,2026-07-27
3657,250,105,compartir,2026-06-29
3658,989,308,comentario,2026-07-28
3659,702,61,comentario,2026-07-14
3660,956,81,like,2026-07-12
3661,360,42,comentario,2026-07-19
3662,226,14,vista,2026-07-21
3663,181,279,vista,2026-07-29
3664,514,321,like,2026-08-07
3665,7,282,compartir,2026-08-07
3666,96,211,comentario,2026-07-10
3667,1059,109,comentario,2026-07-03
3668,675,227,compartir,2026-07-22
3669,150,202,compartir,2026-07-19
3670,776,92,compartir,2026-07-15
3671,28,197,compartir,2026-07-31
3672,900,144,comentario,2026-08-05
3673,81,213,vista,2026-08-04
3674,322,41,like,2026-08-09
3675,788,333,like,2026-08-04
3676,446,342,compartir,2026-08-03
3677,417,213,vista,2026-07-28
3678,254,167,comentario,2026-08-03
3679,125,132,comentario,2026-07-01
3680,117,196,like,2026-06-20
3681,285,5,compartir,2026-08-05
3682,306,309,vista,2026-08-10
3683,1203,105,like,2026-07-04
3684,1,161,vista,2026-08-04
3685,901,162,compartir,2026-07-19
3686,950,110,compartir,2026-08-06
3687,134,20,like,2026-08-03
3688,1041,330,compartir,2026-07-08
3689,171,168,vista,2026-07-16
3690,826,68,vista,2026-08-08
3691,523,74,like,2026-07-24
3692,222,238,compartir,2026-08-11
3693,353,111,comentario,2026-08-08
3694,70,21,compartir,2026-07-25
3695,834,265,like,2026-07-12
3696,474,88,like,2026-08-03
3697,1107,124,comentario,2026-07-24
3698,1211,345,like,2026-08-10
3699,553,110,like,2026-07-30
3700,44,171,comentario,2026-08-04
3701,534,135,comentario,2026-07-12
3702,1077,59,vista,2026-08-02
3703,1128,199,like,2026-07-09
3704,354,189,comentario,2026-08-10
3705,1078,212,vista,2026-07-07
3706,1194,22,like,2026-06-27
3707,296,281,comentario,2026-07-16
3708,935,135,like,2026-07-21
3709,296,170,vista,2026-08-01
3710,639,228,compartir,2026-07-18
3711,654,221,like,2026-08-11
3712,1028,177,like,2026-07-05
3713,1065,125,like,2026-07-30
3714,1121,201,like,2026-08-06
3715,321,217,comentario,2026-07-16
3716,776,89,compartir,2026-08-03
3717,77,319,like,2026-08-11
3718,1137,213,comentario,2026-08-08
3719,16,84,compartir,2026-07-31
3720,1055,124,vista,2026-08-09
3721,8,93,vista,2026-07-17
3722,119,207,vista,2026-07-08
3723,149,12,vista,2026-08-02
3724,510,340,vista,2026-08-11
3725,252,87,compartir,2026-08-02
3726,741,106,like,2026-07-28
3727,122,43,vista,2026-06-30
3728,466,77,like,2026-07-26
3729,247,238,like,2026-07-08
3730,345,312,like,2026-08-02
3731,970,340,like,2026-07-31
3732,333,242,like,2026-07-19
3733,605,347,compartir,2026-08-11
3734,213,331,like,2026-07-29
3735,1179,110,compartir,2026-08-11
3736,425,286,compartir,2026-08-10
3737,151,213,like,2026-08-06
3738,487,335,compartir,2026-08-11
3739,561,322,vista,2026-07-30
3740,109,195,vista,2026-07-25
3741,482,59,vista,2026-08-04
3742,228,171,like,2026-08-11
3743,9,291,vista,2026-07-14
3744,20,289,comentario,2026-07-01
3745,629,334,comentario,2026-08-08
3746,79,66,comentario,2026-07-29
3747,525,149,vista,2026-08-11
3748,5,64,compartir,2026-08-11
3749,23,111,comentario,2026-07-27
3750,369,173,compartir,2026-07-24
3751,310,302,compartir,2026-08-01
3752,778,299,like,2026-08-08
3753,944,144,comentario,2026-07-17
3754,125,263,like,2026-07-29
3755,1117,148,like,2026-07-28
3756,231,276,like,2026-06-27
3757,192,97,vista,2026-08-11
3758,469,254,like,2026-07-10
3759,229,292,compartir,2026-07-07
3760,928,114,comentario,2026-07-21
3761,487,269,compartir,2026-07-25
3762,742,260,comentario,2026-08-10
3763,344,251,vista,2026-07-30
3764,881,300,comentario,2026-08-08
3765,1014,285,comentario,2026-08-05
3766,624,3,comentario,2026-08-08
3767,445,322,comentario,2026-07-29
3768,876,324,compartir,2026-07-26
3769,799,293,comentario,2026-07-27
3770,94,158,like,2026-08-04
3771,1127,85,comentario,2026-08-01
3772,297,244,like,2026-06-26
3773,992,326,vista,2026-08-04
3774,1191,262,like,2026-07-04
3775,793,272,compartir,2026-06-21
3776,1142,226,like,2026-08-05
3777,771,15,compartir,2026-08-11
3778,1237,197,like,2026-08-05
3779,547,75,comentario,2026-07-09
3780,631,96,vista,2026-07-05
3781,781,147,compartir,2026-07-28
3782,912,127,compartir,2026-08-11
3783,1197,148,comentario,2026-07-18
3784,236,249,comentario,2026-07-18
3785,340,184,like,2026-08-04
3786,50,209,compartir,2026-06-18
3787,413,42,like,2026-07-21
3788,399,231,comentario,2026-08-11
3789,324,18,compartir,2026-07-27
3790,709,179,vista,2026-07-29
3791,979,18,vista,2026-08-02
3792,1094,217,compartir,2026-06-26
3793,882,298,compartir,2026-07-05
3794,341,45,comentario,2026-07-24
3795,302,128,compartir,2026-07-14
3796,1006,2,compartir,2026-07-19
3797,917,234,vista,2026-07-23
3798,104,296,comentario,2026-08-10
3799,609,303,like,2026-07-15
3800,906,63,compartir,2026-07-22
3801,26,284,comentario,2026-07-28
3802,199,251,comentario,2026-07-13
3803,531,128,vista,2026-07-31
3804,488,175,compartir,2026-08-01
3805,657,343,compartir,2026-07-24
3806,741,111,comentario,2026-07-28
3807,1160,96,compartir,2026-08-07
3808,675,48,vista,2026-08-01
3809,625,44,vista,2026-08-09
3810,367,22,vista,2026-08-05
3811,412,202,compartir,2026-07-03
3812,305,216,compartir,2026-08-04
3813,246,19,vista,2026-07-31
3814,884,219,like,2026-08-11
3815,879,98,comentario,2026-08-02
3816,284,257,like,2026-08-08
3817,1210,145,compartir,2026-07-17
3818,760,223,comentario,2026-07-22
3819,86,52,comentario,2026-08-06
3820,1210,242,compartir,2026-08-09
3821,764,214,like,2026-08-10
3822,139,50,like,2026-07-29
3823,1176,76,like,2026-07-27
3824,730,10,like,2026-07-29
3825,319,204,vista,2026-08-08
3826,1144,149,comentario,2026-08-05
3827,828,198,like,2026-08-06
3828,446,214,compartir,2026-08-04
3829,936,96,vista,2026-07-24
3830,542,25,comentario,2026-07-24
3831,979,10,compartir,2026-08-01
3832,509,217,vista,2026-08-11
3833,818,315,comentario,2026-08-10
3834,1159,305,compartir,2026-07-13
3835,731,290,comentario,2026-08-04
3836,445,57,vista,2026-07-28
3837,300,246,like,2026-07-25
3838,976,35,vista,2026-08-10
3839,596,95,compartir,2026-08-10
3840,720,80,like,2026-07-23
3841,46,257,comentario,2026-07-07
3842,1181,114,comentario,2026-08-04
3843,870,114,comentario,2026-07-26
3844,513,191,vista,2026-07-13
3845,1200,294,comentario,2026-07-23
3846,770,216,comentario,2026-08-07
3847,724,74,comentario,2026-07-31
3848,1214,90,vista,2026-07-24
3849,192,211,compartir,2026-08-08
3850,115,39,like,2026-08-01
3851,157,133,comentario,2026-07-12
3852,1032,176,vista,2026-08-08
3853,860,63,comentario,2026-07-20
3854,1130,161,like,2026-07-10
3855,1099,308,compartir,2026-07-23
3856,1226,331,compartir,2026-07-26
3857,795,85,comentario,2026-07-28
3858,458,271,like,2026-06-20
3859,433,7,comentario,2026-08-04
3860,116,89,compartir,2026-08-06
3861,332,168,vista,2026-07-26
3862,763,267,vista,2026-07-07
3863,785,235,vista,2026-06-26
3864,847,246,like,2026-07-29
3865,1071,231,like,2026-07-31
3866,182,200,compartir,2026-08-10
3867,764,253,like,2026-07-25
3868,925,266,compartir,2026-06-29
3869,12,195,compartir,2026-08-06
3870,398,208,comentario,2026-08-07
3871,433,305,vista,2026-07-21
3872,936,286,vista,2026-08-05
3873,64,120,compartir,2026-07-21
3874,197,80,like,2026-07-01
3875,946,31,compartir,2026-07-29
3876,745,320,vista,2026-08-04
3877,1196,130,comentario,2026-08-09
3878,748,230,vista,2026-08-09
3879,1097,109,compartir,2026-08-08
3880,586,3,compartir,2026-08-03
3881,856,68,vista,2026-07-30
3882,471,341,vista,2026-08-11
3883,462,220,like,2026-08-10
3884,473,265,comentario,2026-07-07
3885,56,186,vista,2026-08-08
3886,672,345,comentario,2026-07-09
3887,12,193,comentario,2026-08-08
3888,258,283,like,2026-07-04
3889,160,330,compartir,2026-08-09
3890,1173,185,comentario,2026-06-24
3891,503,227,comentario,2026-07-25
3892,559,17,comentario,2026-08-10
3893,487,334,comentario,2026-08-08
3894,662,349,compartir,2026-06-17
3895,966,247,like,2026-07-22
3896,1092,52,comentario,2026-07-26
3897,530,91,vista,2026-08-06
3898,1096,141,compartir,2026-07-14
3899,451,153,like,2026-07-19
3900,792,239,vista,2026-07-07
3901,1035,146,vista,2026-08-11
3902,51,342,vista,2026-08-02
3903,156,173,comentario,2026-07-23
3904,810,299,comentario,2026-07-30
3905,336,347,vista,2026-07-31
3906,1047,227,like,2026-07-22
3907,1109,233,comentario,2026-07-29
3908,810,273,like,2026-07-08
3909,1191,176,comentario,2026-07-25
3910,552,141,comentario,2026-08-11
3911,818,206,comentario,2026-08-05
3912,452,103,like,2026-07-19
3913,868,231,comentario,2026-08-06
3914,376,61,like,2026-06-27
3915,375,145,comentario,2026-07-28
3916,219,212,compartir,2026-07-18
3917,997,59,comentario,2026-07-14
3918,1132,76,vista,2026-07-06
3919,672,332,like,2026-07-26
3920,992,35,compartir,2026-07-10
3921,145,163,like,2026-07-12
3922,519,285,comentario,2026-08-09
3923,949,192,vista,2026-08-08
3924,153,307,vista,2026-08-11
3925,447,104,vista,2026-08-10
3926,1156,49,comentario,2026-08-05
3927,1212,104,comentario,2026-07-16
3928,905,311,vista,2026-08-09
3929,135,226,comentario,2026-07-23
3930,333,4,comentario,2026-07-18
3931,429,61,compartir,2026-08-08
3932,1079,340,comentario,2026-08-02
3933,64,307,compartir,2026-08-02
3934,518,239,vista,2026-07-23
3935,843,287,like,2026-07-30
3936,74,315,comentario,2026-08-09
3937,763,249,vista,2026-07-26
3938,255,323,vista,2026-06-27
3939,836,74,comentario,2026-08-04
3940,371,59,like,2026-08-08
3941,76,38,like,2026-08-11
3942,587,40,comentario,2026-08-11
3943,876,331,vista,2026-08-08
3944,244,317,comentario,2026-06-20
3945,872,69,like,2026-08-03
3946,1134,75,comentario,2026-08-10
3947,306,344,vista,2026-08-11
3948,771,149,like,2026-08-11
3949,1126,172,like,2026-07-31
3950,1030,39,like,2026-06-24
3951,108,322,vista,2026-08-08
3952,579,258,comentario,2026-06-22
3953,1214,288,like,2026-08-07
3954,1201,67,vista,2026-08-11
3955,785,268,vista,2026-07-02
3956,286,238,compartir,2026-07-26
3957,933,109,like,2026-06-27
3958,558,272,vista,2026-07-26
3959,826,313,comentario,2026-08-09
3960,680,15,vista,2026-07-21
3961,588,253,vista,2026-08-11
3962,16,29,compartir,2026-08-05
3963,930,113,like,2026-07-25
3964,1124,142,vista,2026-07-17
3965,681,347,comentario,2026-08-05
3966,49,209,compartir,2026-08-05
3967,301,108,vista,2026-07-26
3968,324,25,comentario,2026-08-09
3969,280,224,like,2026-08-04
3970,520,118,compartir,2026-08-05
3971,558,295,vista,2026-06-19
3972,859,21,compartir,2026-08-03
3973,870,287,comentario,2026-07-20
3974,81,315,like,2026-07-16
3975,944,141,like,2026-08-10
3976,943,164,like,2026-08-11
3977,981,292,like,2026-08-10
3978,772,342,vista,2026-08-02
3979,266,173,comentario,2026-08-11
3980,25,86,compartir,2026-07-31
3981,1080,268,vista,2026-08-06
3982,780,284,compartir,2026-08-03
3983,697,113,like,2026-08-11
3984,1044,107,comentario,2026-07-20
3985,304,311,vista,2026-08-04
3986,775,177,compartir,2026-08-10
3987,230,306,compartir,2026-07-14
3988,746,272,vista,2026-07-26
3989,1100,40,compartir,2026-07-31
3990,627,153,compartir,2026-08-11
3991,1222,76,vista,2026-08-05
3992,4,134,comentario,2026-07-14
3993,1028,180,vista,2026-06-27
3994,636,80,vista,2026-07-25
3995,1141,186,comentario,2026-08-04
3996,24,94,compartir,2026-07-28
3997,523,123,vista,2026-08-11
3998,822,320,compartir,2026-06-14
3999,979,132,compartir,2026-08-08
4000,486,342,compartir,2026-08-02
4001,889,106,vista,2026-07-20
4002,337,116,comentario,2026-08-11
4003,701,80,like,2026-08-02
4004,95,7,comentario,2026-08-11
4005,879,82,vista,2026-08-08
4006,1061,197,comentario,2026-08-10
4007,1091,233,like,2026-08-10
4008,205,203,comentario,2026-07-16
4009,818,195,vista,2026-08-05
4010,321,162,compartir,2026-08-10
4011,818,139,like,2026-08-10
4012,371,211,comentario,2026-08-11
4013,112,300,vista,2026-07-28
4014,404,220,like,2026-08-11
4015,546,115,like,2026-08-05
4016,648,223,comentario,2026-08-09
4017,716,55,vista,2026-08-02
4018,860,56,vista,2026-07-27
4019,476,110,like,2026-07-21
4020,232,60,like,2026-08-06
4021,264,295,compartir,2026-07-24
4022,100,156,comentario,2026-07-08
4023,20,11,compartir,2026-07-08
4024,701,15,like,2026-08-02
4025,300,329,like,2026-07-18
4026,646,305,vista,2026-07-22
4027,1064,322,vista,2026-07-09
4028,529,182,compartir,2026-08-09
4029,679,291,like,2026-08-10
4030,1181,316,comentario,2026-08-04
4031,151,96,vista,2026-08-04
4032,997,121,vista,2026-06-24
4033,906,167,like,2026-07-28
4034,1091,213,comentario,2026-08-07
4035,637,279,compartir,2026-07-04
4036,400,73,comentario,2026-07-20
4037,130,47,like,2026-07-12
4038,437,211,comentario,2026-08-04
4039,418,103,comentario,2026-08-05
4040,56,198,like,2026-08-09
4041,794,213,compartir,2026-07-12
4042,1043,27,comentario,2026-08-09
4043,29,197,like,2026-08-07
4044,547,178,comentario,2026-08-08
4045,874,191,like,2026-07-13
4046,1150,209,compartir,2026-08-11
4047,866,293,vista,2026-07-30
4048,432,50,compartir,2026-08-06
4049,1200,180,vista,2026-06-29
4050,471,331,vista,2026-08-11
4051,605,324,comentario,2026-07-30
4052,471,102,like,2026-08-07
4053,565,69,like,2026-07-14
4054,1043,2,like,2026-07-24
4055,835,106,compartir,2026-07-26
4056,820,268,compartir,2026-07-27
4057,654,67,compartir,2026-08-11
4058,14,345,compartir,2026-08-02
4059,574,155,comentario,2026-07-05
4060,358,282,comentario,2026-07-28
4061,455,212,vista,2026-07-25
4062,958,124,vista,2026-08-07
4063,731,160,like,2026-08-07
4064,366,71,compartir,2026-07-29
4065,236,90,comentario,2026-07-19
4066,934,202,vista,2026-07-20
4067,312,344,like,2026-08-06
4068,1239,234,like,2026-08-09
4069,146,152,compartir,2026-07-13
4070,401,127,compartir,2026-08-09
4071,862,106,like,2026-07-24
4072,18,309,compartir,2026-08-11
4073,592,254,compartir,2026-07-29
4074,199,16,vista,2026-07-01
4075,424,297,vista,2026-08-06
4076,552,196,vista,2026-08-09
4077,301,199,comentario,2026-08-02
4078,1140,307,compartir,2026-07-13
4079,374,255,vista,2026-07-30
4080,462,173,vista,2026-08-06
4081,493,236,like,2026-07-27
4082,995,55,vista,2026-08-03
4083,443,238,like,2026-07-30
4084,906,81,compartir,2026-07-11
4085,1079,225,like,2026-08-03
4086,463,11,vista,2026-07-12
4087,1241,161,comentario,2026-07-17
4088,762,88,comentario,2026-08-06
4089,1170,271,compartir,2026-07-31
4090,806,43,vista,2026-07-30
4091,933,199,compartir,2026-07-20
4092,448,275,like,2026-08-09
4093,478,288,compartir,2026-07-10
4094,434,76,comentario,2026-08-11
4095,791,213,compartir,2026-08-05
4096,7,139,like,2026-08-11
4097,804,313,vista,2026-07-26
4098,989,245,compartir,2026-07-13
4099,435,308,like,2026-06-20
4100,1240,337,comentario,2026-08-11
4101,285,312,vista,2026-08-06
4102,868,261,compartir,2026-08-04
4103,1064,122,compartir,2026-06-29
4104,684,302,comentario,2026-07-06
4105,334,38,compartir,2026-06-16
4106,444,58,comentario,2026-06-26
4107,986,8,comentario,2026-08-04
4108,56,243,vista,2026-08-11
4109,69,36,comentario,2026-07-08
4110,528,33,comentario,2026-07-03
4111,1242,43,comentario,2026-07-15
4112,236,49,compartir,2026-07-25
4113,969,190,comentario,2026-08-09
4114,289,16,comentario,2026-07-24
4115,647,156,comentario,2026-07-26
4116,46,167,comentario,2026-07-18
4117,319,346,compartir,2026-07-25
4118,926,20,comentario,2026-07-24
4119,201,328,like,2026-08-11
4120,722,331,like,2026-08-09
4121,351,279,like,2026-07-05
4122,794,89,vista,2026-07-19
4123,429,331,like,2026-08-07
4124,358,177,like,2026-08-04
4125,851,105,vista,2026-07-30
4126,1140,268,compartir,2026-08-06
4127,34,182,compartir,2026-08-02
4128,897,112,vista,2026-08-03
4129,1010,125,compartir,2026-08-09
4130,47,311,vista,2026-07-02
4131,872,122,comentario,2026-08-04
4132,437,46,compartir,2026-08-05
4133,1064,193,vista,2026-08-01
4134,875,341,comentario,2026-08-01
4135,233,294,comentario,2026-08-04
4136,546,186,like,2026-07-11
4137,390,67,vista,2026-08-05
4138,461,46,vista,2026-08-03
4139,1232,80,like,2026-07-28
4140,611,212,compartir,2026-08-08
4141,140,318,vista,2026-07-22
4142,475,41,comentario,2026-08-04
4143,935,328,vista,2026-07-10
4144,1225,318,like,2026-07-05
4145,627,8,vista,2026-08-10
4146,998,273,compartir,2026-08-11
4147,651,246,like,2026-08-11
4148,1140,234,like,2026-08-05
4149,735,300,comentario,2026-07-21
4150,1172,185,vista,2026-07-28
4151,779,153,like,2026-08-06
4152,490,232,compartir,2026-07-22
4153,1174,243,compartir,2026-08-08
4154,256,175,compartir,2026-08-03
4155,1115,62,comentario,2026-07-20
4156,171,158,compartir,2026-07-29
4157,363,302,comentario,2026-08-03
4158,387,200,compartir,2026-07-29
4159,744,326,vista,2026-07-07
4160,1228,228,compartir,2026-08-10
4161,790,282,compartir,2026-08-01
4162,1116,263,comentario,2026-07-22
4163,204,284,vista,2026-07-16
4164,50,343,vista,2026-08-06
4165,664,72,comentario,2026-07-30
4166,1154,194,vista,2026-08-06
4167,765,147,compartir,2026-08-06
4168,53,108,compartir,2026-07-23
4169,166,320,vista,2026-07-13
4170,1135,338,compartir,2026-08-05
4171,66,204,vista,2026-07-28
4172,38,4,comentario,2026-08-11
4173,52,248,comentario,2026-07-10
4174,1188,313,comentario,2026-08-11
4175,1143,254,like,2026-07-24
4176,709,293,compartir,2026-08-03
4177,755,59,comentario,2026-08-02
4178,1140,318,vista,2026-07-23
4179,1018,83,vista,2026-07-17
4180,281,224,comentario,2026-07-22
4181,597,14,comentario,2026-08-10
4182,991,311,comentario,2026-08-11
4183,1073,104,vista,2026-08-08
4184,435,129,like,2026-07-28
4185,167,126,comentario,2026-08-11
4186,639,30,vista,2026-07-09
4187,566,331,vista,2026-08-04
4188,880,326,comentario,2026-07-25
4189,404,35,compartir,2026-07-18
4190,1229,232,vista,2026-07-31
4191,359,51,compartir,2026-08-10
4192,961,193,compartir,2026-08-08
4193,787,277,like,2026-08-07
4194,394,254,vista,2026-07-20
4195,1072,195,like,2026-08-06
4196,872,214,comentario,2026-08-11
4197,181,127,like,2026-08-05
4198,186,112,comentario,2026-08-09
4199,274,55,compartir,2026-08-07
4200,848,265,vista,2026-08-10
4201,245,281,like,2026-07-13
4202,589,174,vista,2026-07-29
4203,799,185,compartir,2026-08-11
4204,1235,197,compartir,2026-07-01
4205,381,210,compartir,2026-08-11
4206,934,85,compartir,2026-06-18
4207,895,8,compartir,2026-07-19
4208,1088,69,compartir,2026-08-05
4209,345,109,like,2026-07-18
4210,313,163,vista,2026-08-10
4211,1246,22,like,2026-07-20
4212,1063,225,compartir,2026-07-30
4213,419,263,comentario,2026-08-06
4214,480,283,comentario,2026-08-10
4215,166,156,compartir,2026-08-06
4216,701,338,compartir,2026-08-09
4217,145,83,compartir,2026-07-29
4218,39,203,vista,2026-07-25
4219,1076,313,vista,2026-07-02
4220,998,32,like,2026-08-09
4221,626,212,vista,2026-08-10
4222,529,131,compartir,2026-08-06
4223,961,277,vista,2026-08-09
4224,152,256,comentario,2026-08-09
4225,1162,148,comentario,2026-07-27
4226,1097,105,compartir,2026-08-08
4227,531,160,vista,2026-08-08
4228,1096,252,vista,2026-07-13
4229,155,336,like,2026-08-09
4230,1117,258,like,2026-08-02
4231,264,316,comentario,2026-07-28
4232,797,257,compartir,2026-07-12
4233,828,209,comentario,2026-07-18
4234,874,6,compartir,2026-07-18
4235,1058,206,compartir,2026-08-02
4236,344,156,compartir,2026-08-11
4237,632,150,compartir,2026-08-11
4238,607,175,vista,2026-07-09
4239,767,223,compartir,2026-07-17
4240,788,273,vista,2026-07-23
4241,1131,47,compartir,2026-08-03
4242,681,233,vista,2026-08-02
4243,1033,203,vista,2026-07-01
4244,436,215,comentario,2026-08-10
4245,412,298,comentario,2026-07-14
4246,791,15,like,2026-07-26
4247,432,143,comentario,2026-08-11
4248,178,185,comentario,2026-08-04
4249,1091,85,compartir,2026-08-11
4250,1144,251,like,2026-07-30
4251,10,29,comentario,2026-08-07
4252,619,138,comentario,2026-08-05
4253,878,240,vista,2026-07-07
4254,771,203,like,2026-08-11
4255,908,206,like,2026-08-03
4256,781,114,like,2026-07-20
4257,1186,322,vista,2026-07-22
4258,99,173,like,2026-08-10
4259,1052,237,like,2026-07-12
4260,61,182,vista,2026-08-11
4261,80,160,like,2026-08-08
4262,639,268,like,2026-07-07
4263,994,329,compartir,2026-08-08
4264,1027,250,comentario,2026-07-29
4265,586,285,like,2026-07-25
4266,639,73,vista,2026-07-18
4267,680,299,compartir,2026-07-16
4268,568,122,comentario,2026-07-31
4269,1025,178,comentario,2026-08-10
4270,591,268,compartir,2026-08-03
4271,648,272,vista,2026-08-02
4272,471,252,comentario,2026-08-07
4273,407,88,comentario,2026-06-29
4274,142,167,comentario,2026-08-08
4275,188,143,like,2026-08-03
4276,746,337,like,2026-07-16
4277,751,125,compartir,2026-08-10
4278,370,221,compartir,2026-08-09
4279,676,69,vista,2026-07-29
4280,640,136,vista,2026-08-03
4281,96,134,compartir,2026-07-14
4282,1055,177,vista,2026-08-09
4283,72,329,comentario,2026-06-23
4284,487,172,comentario,2026-07-23
4285,787,180,vista,2026-08-08
4286,791,89,vista,2026-07-22
4287,344,275,compartir,2026-07-11
4288,396,102,compartir,2026-07-05
4289,1246,112,vista,2026-08-09
4290,755,49,comentario,2026-07-30
4291,203,262,like,2026-07-22
4292,579,171,vista,2026-06-26
4293,1070,16,compartir,2026-08-11
4294,842,270,compartir,2026-06-30
4295,442,106,vista,2026-08-11
4296,907,348,compartir,2026-07-22
4297,214,226,comentario,2026-08-10
4298,1104,30,compartir,2026-06-25
4299,204,215,like,2026-08-07
4300,1076,205,like,2026-07-22
4301,160,259,comentario,2026-08-01
4302,876,92,compartir,2026-07-23
4303,701,275,compartir,2026-08-11
4304,1245,200,vista,2026-08-02
4305,1102,41,like,2026-07-14
4306,435,136,vista,2026-07-29
4307,16,113,vista,2026-07-29
4308,726,251,compartir,2026-07-27
4309,722,116,like,2026-07-10
4310,372,58,vista,2026-08-09
4311,536,334,compartir,2026-08-10
4312,805,210,comentario,2026-08-06
4313,718,72,like,2026-08-07
4314,241,136,compartir,2026-08-04
4315,1083,271,comentario,2026-07-30
4316,684,315,vista,2026-07-09
4317,314,20,vista,2026-07-18
4318,282,30,vista,2026-06-24
4319,159,26,comentario,2026-08-08
4320,1241,144,comentario,2026-07-30
4321,314,193,vista,2026-06-22
4322,1134,10,vista,2026-08-08
4323,688,300,comentario,2026-08-11
4324,641,123,compartir,2026-08-03
4325,693,139,like,2026-08-06
4326,774,212,vista,2026-08-10
4327,1077,102,comentario,2026-06-21
4328,689,341,compartir,2026-07-15
4329,849,83,compartir,2026-08-10
4330,947,37,compartir,2026-08-06
4331,1190,104,vista,2026-07-02
4332,224,212,comentario,2026-07-27
4333,870,316,like,2026-07-25
4334,122,241,comentario,2026-07-31
4335,405,307,comentario,2026-08-09
4336,1049,284,compartir,2026-08-05
4337,764,73,like,2026-07-27
4338,52,262,vista,2026-06-28
4339,229,96,vista,2026-07-16
4340,831,287,compartir,2026-07-08
4341,172,220,vista,2026-07-23
4342,1041,77,comentario,2026-08-09
4343,742,291,compartir,2026-08-10
4344,627,157,like,2026-08-10
4345,1026,181,comentario,2026-08-03
4346,636,342,like,2026-07-06
4347,155,324,like,2026-08-06
4348,446,193,comentario,2026-07-24
4349,880,196,like,2026-07-22
4350,384,211,compartir,2026-08-08
4351,822,22,compartir,2026-08-08
4352,609,199,comentario,2026-07-07
4353,596,275,vista,2026-08-10
4354,994,3,like,2026-08-04
4355,807,190,comentario,2026-07-03
4356,779,92,like,2026-07-26
4357,131,273,comentario,2026-07-27
4358,1198,340,like,2026-06-19
4359,201,24,vista,2026-07-11
4360,938,255,comentario,2026-07-23
4361,417,55,compartir,2026-07-26
4362,686,69,vista,2026-08-07
4363,1024,193,compartir,2026-07-09
4364,23,55,vista,2026-07-20
4365,525,76,compartir,2026-08-11
4366,483,125,vista,2026-06-27
4367,974,268,like,2026-07-26
4368,590,124,compartir,2026-08-01
4369,1076,288,like,2026-06-21
4370,916,71,comentario,2026-06-24
4371,752,63,like,2026-08-11
4372,851,231,compartir,2026-07-24
4373,205,93,vista,2026-06-15
4374,156,322,like,2026-06-29
4375,228,232,vista,2026-07-31
4376,1065,18,comentario,2026-08-05
4377,176,83,comentario,2026-08-11
4378,1063,145,compartir,2026-08-08
4379,1246,117,vista,2026-07-22
4380,1155,174,like,2026-08-04
4381,387,58,like,2026-07-15
4382,1052,172,comentario,2026-08-05
4383,653,314,vista,2026-06-25
4384,740,299,vista,2026-07-07
4385,521,345,comentario,2026-08-10
4386,343,123,like,2026-08-10
4387,258,30,comentario,2026-07-19
4388,1168,194,vista,2026-07-17
4389,1124,63,like,2026-07-12
4390,279,198,comentario,2026-08-10
4391,727,163,vista,2026-08-05
4392,586,84,vista,2026-07-29
4393,504,101,compartir,2026-07-13
4394,1194,234,compartir,2026-07-28
4395,78,147,comentario,2026-07-18
4396,139,241,like,2026-07-27
4397,248,148,like,2026-07-19
4398,276,317,compartir,2026-06-23
4399,7,24,vista,2026-08-08
4400,948,253,compartir,2026-07-20
4401,758,92,comentario,2026-08-06
4402,277,218,compartir,2026-08-05
4403,452,172,like,2026-07-18
4404,25,252,comentario,2026-07-26
4405,309,127,like,2026-07-24
4406,331,143,comentario,2026-07-26
4407,617,139,vista,2026-08-03
4408,595,58,compartir,2026-08-10
4409,599,69,like,2026-08-08
4410,1063,229,comentario,2026-06-30
4411,807,209,compartir,2026-07-24
4412,776,137,like,2026-08-06
4413,1157,192,vista,2026-07-25
4414,374,75,comentario,2026-07-01
4415,306,71,like,2026-07-29
4416,731,346,like,2026-08-05
4417,475,314,vista,2026-07-17
4418,713,31,comentario,2026-07-24
4419,908,258,compartir,2026-08-04
4420,122,279,like,2026-07-13
4421,805,222,comentario,2026-08-10
4422,350,251,comentario,2026-07-12
4423,781,114,vista,2026-07-28
4424,803,322,like,2026-06-29
4425,1183,347,compartir,2026-06-24
4426,368,245,like,2026-08-09
4427,1048,276,like,2026-07-08
4428,752,286,compartir,2026-07-31
4429,127,90,comentario,2026-08-03
4430,1096,206,like,2026-07-21
4431,488,94,comentario,2026-08-10
4432,318,73,vista,2026-08-03
4433,742,211,comentario,2026-08-03
4434,1104,221,compartir,2026-07-17
4435,283,103,compartir,2026-07-20
4436,994,202,vista,2026-08-06
4437,949,256,comentario,2026-08-08
4438,518,87,like,2026-08-02
4439,733,164,vista,2026-08-10
4440,785,345,compartir,2026-08-11
4441,1223,287,comentario,2026-08-07
4442,420,124,compartir,2026-07-18
4443,1214,63,like,2026-07-23
4444,716,236,vista,2026-07-10
4445,1250,193,vista,2026-07-13
4446,206,283,compartir,2026-07-28
4447,1221,344,vista,2026-08-11
4448,615,172,comentario,2026-08-10
4449,749,281,comentario,2026-08-11
4450,1199,105,compartir,2026-07-25
4451,489,78,compartir,2026-08-01
4452,1249,248,vista,2026-08-11
4453,138,213,compartir,2026-08-06
4454,256,219,comentario,2026-08-02
4455,831,212,like,2026-07-28
4456,499,240,comentario,2026-07-18
4457,307,210,vista,2026-08-04
4458,737,27,compartir,2026-07-21
4459,256,167,compartir,2026-07-18
4460,937,277,compartir,2026-08-11
4461,549,308,vista,2026-08-05
4462,818,220,like,2026-08-11
4463,430,325,vista,2026-07-11
4464,1105,25,comentario,2026-08-08
4465,1235,338,like,2026-07-04
4466,455,27,compartir,2026-07-15
4467,116,248,comentario,2026-07-28
4468,795,189,compartir,2026-07-24
4469,212,270,like,2026-08-03
4470,904,31,vista,2026-08-08
4471,1060,349,comentario,2026-08-09
4472,975,56,vista,2026-08-03
4473,737,150,comentario,2026-07-19
4474,675,15,compartir,2026-07-17
4475,1036,175,compartir,2026-07-02
4476,524,10,vista,2026-08-09
4477,851,265,compartir,2026-08-07
4478,533,153,like,2026-08-04
4479,1183,244,like,2026-06-28
4480,952,163,like,2026-08-08
4481,1005,169,like,2026-08-10
4482,416,213,comentario,2026-08-03
4483,428,325,comentario,2026-07-28
4484,150,321,like,2026-08-08
4485,189,300,comentario,2026-07-10
4486,624,215,like,2026-08-05
4487,798,220,vista,2026-08-04
4488,52,149,comentario,2026-07-19
4489,477,334,like,2026-08-11
4490,929,317,like,2026-07-31
4491,347,88,vista,2026-07-31
4492,1250,264,vista,2026-07-28
4493,386,288,compartir,2026-08-10
4494,1024,128,like,2026-08-03
4495,241,145,compartir,2026-08-04
4496,1140,54,comentario,2026-07-22
4497,337,4,like,2026-08-05
4498,836,94,like,2026-08-05
4499,997,131,comentario,2026-07-16
4500,800,106,vista,2026-07-25
4501,1103,272,like,2026-08-01
4502,126,167,vista,2026-07-17
4503,1004,349,like,2026-08-10
4504,1247,245,compartir,2026-07-23
4505,1110,347,vista,2026-07-13
4506,181,255,compartir,2026-07-20
4507,602,46,like,2026-08-11
4508,458,118,compartir,2026-07-27
4509,820,330,like,2026-07-25
4510,618,251,like,2026-07-07
4511,334,35,compartir,2026-08-05
4512,971,168,like,2026-08-10
4513,804,94,comentario,2026-08-05
4514,378,119,like,2026-06-22
4515,144,305,like,2026-08-09
4516,1238,327,comentario,2026-08-04
4517,475,21,vista,2026-07-23
4518,586,53,comentario,2026-07-27
4519,844,324,comentario,2026-08-11
4520,861,48,comentario,2026-08-09
4521,672,317,comentario,2026-07-19
4522,978,349,vista,2026-08-09
4523,548,234,like,2026-07-20
4524,896,146,compartir,2026-08-05
4525,631,187,vista,2026-07-19
4526,82,100,vista,2026-07-07
4527,721,3,like,2026-08-10
4528,838,128,comentario,2026-08-09
4529,409,66,comentario,2026-07-04
4530,664,313,vista,2026-08-10
4531,426,11,compartir,2026-08-06
4532,629,274,comentario,2026-08-08
4533,1098,150,vista,2026-08-08
4534,303,190,compartir,2026-08-03
4535,520,113,compartir,2026-08-04
4536,746,21,compartir,2026-07-01
4537,119,170,compartir,2026-07-08
4538,704,180,vista,2026-06-18
4539,91,249,vista,2026-07-18
4540,1250,12,compartir,2026-08-05
4541,499,58,comentario,2026-08-03
4542,99,233,comentario,2026-06-22
4543,422,156,vista,2026-07-26
4544,205,131,compartir,2026-08-02
4545,975,272,compartir,2026-08-06
4546,440,230,vista,2026-08-09
4547,210,276,vista,2026-08-04
4548,781,155,vista,2026-08-08
4549,1176,247,like,2026-07-05
4550,1189,67,like,2026-07-11
4551,88,42,compartir,2026-07-23
4552,743,21,like,2026-07-13
4553,14,326,comentario,2026-08-02
4554,358,239,compartir,2026-07-15
4555,861,178,like,2026-08-10
4556,1078,307,compartir,2026-07-14
4557,599,323,comentario,2026-07-30
4558,940,286,comentario,2026-07-24
4559,850,75,compartir,2026-07-06
4560,175,343,like,2026-08-09
4561,379,24,compartir,2026-08-04
4562,859,150,comentario,2026-08-05
4563,708,290,like,2026-08-05
4564,36,56,like,2026-07-28
4565,281,99,vista,2026-07-03
4566,309,104,compartir,2026-07-19
4567,208,94,comentario,2026-08-08
4568,566,135,comentario,2026-08-05
4569,848,346,compartir,2026-08-09
4570,351,180,compartir,2026-07-07
4571,374,31,comentario,2026-06-26
4572,1171,231,comentario,2026-06-23
4573,764,76,compartir,2026-08-09
4574,293,24,compartir,2026-07-27
4575,300,280,like,2026-07-14
4576,419,257,vista,2026-08-08
4577,134,199,comentario,2026-08-04
4578,908,310,like,2026-08-07
4579,817,110,compartir,2026-08-02
4580,701,293,vista,2026-08-10
4581,664,167,comentario,2026-07-16
4582,107,29,vista,2026-07-09
4583,432,100,like,2026-07-24
4584,830,156,compartir,2026-08-10
4585,729,273,like,2026-07-24
4586,1045,24,vista,2026-08-06
4587,662,144,like,2026-06-29
4588,296,340,like,2026-07-14
4589,831,10,compartir,2026-07-21
4590,858,10,compartir,2026-08-11
4591,178,159,vista,2026-08-01
4592,982,326,vista,2026-08-08
4593,545,1,like,2026-07-31
4594,755,148,comentario,2026-08-11
4595,149,289,like,2026-07-21
4596,1128,163,vista,2026-08-02
4597,563,339,like,2026-08-04
4598,574,74,compartir,2026-06-16
4599,252,188,like,2026-07-30
4600,99,225,compartir,2026-06-26
4601,785,239,comentario,2026-07-09
4602,403,42,compartir,2026-08-09
4603,924,232,comentario,2026-07-30
4604,736,275,comentario,2026-08-10
4605,866,100,like,2026-07-29
4606,974,164,vista,2026-07-22
4607,273,135,vista,2026-06-26
4608,865,63,like,2026-08-02
4609,612,45,comentario,2026-08-11
4610,1197,322,vista,2026-07-15
4611,559,16,compartir,2026-07-08
4612,683,292,vista,2026-07-31
4613,248,328,comentario,2026-07-31
4614,678,201,comentario,2026-07-04
4615,129,228,compartir,2026-08-05
4616,406,189,like,2026-08-09
4617,878,197,vista,2026-07-06
4618,105,157,like,2026-08-02
4619,1096,5,vista,2026-07-17
4620,670,2,compartir,2026-08-07
4621,510,329,like,2026-08-10
4622,1201,7,vista,2026-06-29
4623,224,332,vista,2026-07-25
4624,437,297,comentario,2026-08-09
4625,88,281,comentario,2026-07-28
4626,814,51,vista,2026-08-11
4627,28,52,comentario,2026-08-04
4628,672,179,vista,2026-06-23
4629,214,277,vista,2026-08-08
4630,305,282,comentario,2026-08-11
4631,1188,316,comentario,2026-07-19
4632,830,37,comentario,2026-08-10
4633,785,183,like,2026-07-30
4634,862,295,compartir,2026-07-26
4635,538,145,vista,2026-08-04
4636,276,95,compartir,2026-06-28
4637,398,231,like,2026-08-09
4638,10,182,like,2026-08-08
4639,473,59,vista,2026-08-08
4640,61,257,vista,2026-07-31
4641,1223,164,compartir,2026-08-11
4642,1068,288,compartir,2026-08-11
4643,169,87,comentario,2026-08-09
4644,539,195,compartir,2026-07-30
4645,79,217,compartir,2026-07-24
4646,420,165,like,2026-08-09
4647,1198,249,compartir,2026-07-05
4648,1005,25,comentario,2026-08-05
4649,631,305,compartir,2026-08-01
4650,563,346,vista,2026-08-07
4651,1118,12,comentario,2026-08-06
4652,803,169,vista,2026-06-22
4653,1059,112,like,2026-08-07
4654,876,52,comentario,2026-07-27
4655,1002,234,comentario,2026-08-11
4656,968,123,compartir,2026-08-09
4657,251,136,comentario,2026-08-04
4658,364,263,like,2026-07-24
4659,227,207,like,2026-08-10
4660,659,128,like,2026-07-08
4661,868,138,comentario,2026-08-04
4662,1055,261,comentario,2026-08-09
4663,811,135,compartir,2026-08-05
4664,780,215,like,2026-08-01
4665,847,13,compartir,2026-08-09
4666,314,44,like,2026-08-06
4667,1212,56,compartir,2026-07-28
4668,394,187,vista,2026-07-29
4669,57,81,vista,2026-07-27
4670,749,298,like,2026-08-09
4671,951,203,compartir,2026-08-09
4672,1119,193,comentario,2026-08-10
4673,753,178,comentario,2026-07-17
4674,517,236,comentario,2026-08-10
4675,937,289,compartir,2026-08-11
4676,323,330,vista,2026-08-06
4677,34,104,comentario,2026-07-16
4678,58,156,like,2026-07-30
4679,882,51,vista,2026-07-10
4680,922,192,like,2026-07-26
4681,884,205,compartir,2026-08-11
4682,367,165,comentario,2026-08-01
4683,954,249,like,2026-08-06
4684,957,114,compartir,2026-07-11
4685,615,299,comentario,2026-08-09
4686,318,346,compartir,2026-08-10
4687,458,103,like,2026-07-09
4688,1060,213,vista,2026-07-08
4689,1168,262,like,2026-07-11
4690,1060,257,like,2026-08-01
4691,613,216,vista,2026-08-01
4692,765,59,compartir,2026-08-03
4693,128,327,compartir,2026-08-10
4694,101,215,like,2026-07-11
4695,942,52,like,2026-07-07
4696,577,348,compartir,2026-08-01
4697,376,236,vista,2026-07-20
4698,1200,71,comentario,2026-07-31
4699,895,285,vista,2026-07-31
4700,957,229,like,2026-06-29
4701,1165,136,compartir,2026-08-02
4702,1217,76,vista,2026-07-28
4703,852,36,like,2026-08-05
4704,250,145,comentario,2026-06-30
4705,1221,328,comentario,2026-08-07
4706,131,50,vista,2026-07-19
4707,1019,52,like,2026-07-28
4708,896,207,like,2026-08-10
4709,65,57,comentario,2026-07-29
4710,184,126,compartir,2026-07-15
4711,648,190,compartir,2026-08-06
4712,757,18,vista,2026-08-08
4713,1010,170,vista,2026-08-03
4714,1109,198,comentario,2026-07-29
4715,684,174,like,2026-08-11
4716,1205,206,compartir,2026-08-05
4717,203,80,compartir,2026-07-09
4718,940,282,compartir,2026-07-11
4719,632,4,compartir,2026-07-23
4720,807,35,comentario,2026-07-12
4721,780,327,compartir,2026-07-31
4722,955,236,like,2026-08-03
4723,784,41,compartir,2026-08-07
4724,123,174,vista,2026-08-05
4725,746,227,like,2026-07-18
4726,1139,342,compartir,2026-08-05
4727,926,172,comentario,2026-07-26
4728,511,299,comentario,2026-07-30
4729,154,127,compartir,2026-07-18
4730,690,223,vista,2026-07-24
4731,1103,252,comentario,2026-08-11
4732,38,186,like,2026-08-03
4733,272,206,vista,2026-08-11
4734,152,167,comentario,2026-08-10
4735,920,311,vista,2026-08-10
4736,513,243,comentario,2026-07-31
4737,1214,120,comentario,2026-07-04
4738,1202,223,vista,2026-06-28
4739,355,58,compartir,2026-06-13
4740,770,114,compartir,2026-08-11
4741,875,43,vista,2026-07-21
4742,650,320,comentario,2026-07-21
4743,225,349,comentario,2026-08-11
4744,103,188,comentario,2026-07-11
4745,1070,285,comentario,2026-08-11
4746,892,30,comentario,2026-07-06
4747,869,110,compartir,2026-08-09
4748,871,101,comentario,2026-06-22
4749,132,320,vista,2026-08-11
4750,1193,344,comentario,2026-07-30
4751,882,118,comentario,2026-07-30
4752,20,175,compartir,2026-06-17
4753,886,105,like,2026-07-27
4754,515,77,like,2026-08-09
4755,660,15,comentario,2026-08-10
4756,399,237,compartir,2026-08-08
4757,1192,131,comentario,2026-07-16
4758,1104,115,like,2026-08-06
4759,1175,276,compartir,2026-08-11
4760,473,279,vista,2026-07-06
4761,319,9,vista,2026-07-15
4762,720,147,compartir,2026-08-04
4763,722,47,vista,2026-07-30
4764,870,298,compartir,2026-07-22
4765,1032,285,comentario,2026-07-13
4766,782,40,comentario,2026-08-08
4767,1128,276,like,2026-07-09
4768,702,344,comentario,2026-07-30
4769,527,44,comentario,2026-07-31
4770,752,171,like,2026-08-11
4771,715,57,compartir,2026-08-06
4772,316,240,comentario,2026-08-09
4773,567,265,comentario,2026-06-23
4774,245,128,comentario,2026-07-28
4775,144,59,like,2026-08-04
4776,704,206,compartir,2026-08-05
4777,1093,153,like,2026-07-12
4778,1081,60,vista,2026-08-07
4779,147,30,comentario,2026-06-21
4780,416,324,vista,2026-06-26
4781,156,264,compartir,2026-08-03
4782,814,58,comentario,2026-08-08
4783,1072,307,vista,2026-07-22
4784,90,303,vista,2026-07-30
4785,665,96,vista,2026-08-01
4786,737,129,comentario,2026-08-05
4787,398,326,comentario,2026-08-11
4788,663,262,comentario,2026-08-10
4789,1097,187,comentario,2026-08-11
4790,155,117,like,2026-08-06
4791,571,202,vista,2026-07-24
4792,66,170,like,2026-07-18
4793,824,54,compartir,2026-08-10
4794,612,217,vista,2026-08-11
4795,864,294,comentario,2026-08-05
4796,67,212,comentario,2026-07-20
4797,271,159,comentario,2026-07-13
4798,960,7,like,2026-07-18
4799,608,144,comentario,2026-08-11
4800,252,84,vista,2026-07-06
4801,82,176,vista,2026-08-10
4802,303,213,compartir,2026-08-09
4803,419,260,vista,2026-08-11
4804,152,202,comentario,2026-08-08
4805,786,133,vista,2026-08-02
4806,109,258,vista,2026-08-11
4807,517,293,like,2026-08-07
4808,889,75,vista,2026-08-11
4809,644,203,compartir,2026-07-20
4810,988,228,vista,2026-06-26
4811,159,301,like,2026-08-03
4812,1017,54,like,2026-07-04
4813,1152,58,vista,2026-07-07
4814,976,115,vista,2026-08-11
4815,642,91,like,2026-07-21
4816,1027,141,comentario,2026-08-07
4817,1059,206,vista,2026-06-29
4818,158,28,like,2026-07-29
4819,698,189,vista,2026-07-20
4820,1119,160,like,2026-08-06
4821,1245,269,comentario,2026-07-30
4822,481,128,compartir,2026-07-19
4823,1063,340,vista,2026-07-09
4824,990,254,vista,2026-07-23
4825,982,60,compartir,2026-08-02
4826,553,72,compartir,2026-07-24
4827,452,269,vista,2026-07-15
4828,1028,232,comentario,2026-08-10
4829,350,293,vista,2026-08-03
4830,799,202,compartir,2026-07-31
4831,185,288,like,2026-07-20
4832,948,184,comentario,2026-07-21
4833,1209,133,vista,2026-08-08
4834,174,87,vista,2026-08-10
4835,983,101,like,2026-08-11
4836,1157,223,like,2026-06-15
4837,61,337,comentario,2026-06-28
4838,1113,319,comentario,2026-07-18
4839,1038,90,vista,2026-07-22
4840,513,224,vista,2026-07-09
4841,1053,326,compartir,2026-06-25
4842,924,93,vista,2026-08-03
4843,161,279,like,2026-07-08
4844,171,226,comentario,2026-07-23
4845,1155,310,vista,2026-07-08
4846,515,134,comentario,2026-08-07
4847,909,259,vista,2026-08-08
4848,805,111,like,2026-08-07
4849,622,40,compartir,2026-07-17
4850,514,123,compartir,2026-08-10
4851,94,327,comentario,2026-08-01
4852,565,30,like,2026-08-01
4853,917,319,like,2026-07-25
4854,82,126,like,2026-07-31
4855,316,347,vista,2026-08-03
4856,746,104,compartir,2026-06-16
4857,527,340,like,2026-08-11
4858,439,42,vista,2026-08-05
4859,939,90,comentario,2026-07-20
4860,1106,88,vista,2026-07-28
4861,167,233,vista,2026-08-11
4862,331,153,like,2026-07-13
4863,955,72,comentario,2026-07-17
4864,625,223,compartir,2026-08-10
4865,510,51,comentario,2026-08-11
4866,823,198,comentario,2026-08-03
4867,36,152,comentario,2026-06-25
4868,744,239,comentario,2026-07-14
4869,1221,255,like,2026-08-08
4870,251,176,vista,2026-07-30
4871,849,211,compartir,2026-08-10
4872,108,69,compartir,2026-08-09
4873,350,133,vista,2026-07-24
4874,542,270,compartir,2026-08-03
4875,617,65,comentario,2026-08-11
4876,332,33,like,2026-08-09
4877,1117,207,comentario,2026-07-28
4878,183,6,comentario,2026-08-10
4879,476,107,like,2026-07-27
4880,571,73,compartir,2026-07-25
4881,949,83,like,2026-08-08
4882,142,211,vista,2026-08-08
4883,305,198,vista,2026-08-06
4884,1057,273,vista,2026-07-25
4885,129,97,like,2026-07-12
4886,496,133,vista,2026-08-10
4887,737,146,comentario,2026-08-01
4888,549,231,comentario,2026-08-02
4889,240,238,vista,2026-08-03
4890,792,71,vista,2026-07-29
4891,26,183,vista,2026-07-30
4892,973,89,vista,2026-06-24
4893,703,264,like,2026-08-09
4894,951,190,like,2026-08-08
4895,274,284,comentario,2026-08-10
4896,587,268,compartir,2026-08-09
4897,1004,314,comentario,2026-07-14
4898,899,340,like,2026-07-19
4899,796,229,comentario,2026-08-02
4900,557,169,comentario,2026-08-05
4901,172,113,like,2026-07-17
4902,1060,82,compartir,2026-07-14
4903,1233,131,like,2026-07-19
4904,32,29,comentario,2026-08-02
4905,188,48,like,2026-08-08
4906,308,265,compartir,2026-08-07
4907,128,35,compartir,2026-06-25
4908,1244,116,like,2026-08-10
4909,822,160,like,2026-07-22
4910,1210,45,like,2026-07-12
4911,1044,204,vista,2026-07-27
4912,825,100,comentario,2026-07-23
4913,158,300,comentario,2026-07-19
4914,674,298,compartir,2026-08-11
4915,1176,165,comentario,2026-07-27
4916,1088,194,vista,2026-07-16
4917,1069,323,compartir,2026-07-23
4918,842,185,like,2026-07-30
4919,1149,349,like,2026-08-09
4920,435,28,compartir,2026-07-28
4921,980,334,compartir,2026-07-21
4922,612,204,compartir,2026-08-11
4923,780,350,vista,2026-08-07
4924,600,181,like,2026-07-16
4925,211,233,vista,2026-07-02
4926,448,36,like,2026-07-07
4927,282,95,compartir,2026-07-27
4928,881,304,vista,2026-08-08
4929,804,105,comentario,2026-07-31
4930,1124,210,like,2026-08-11
4931,449,173,compartir,2026-08-04
4932,774,12,compartir,2026-08-09
4933,346,226,vista,2026-07-22
4934,652,305,comentario,2026-08-01
4935,202,290,comentario,2026-08-10
4936,859,138,like,2026-08-11
4937,235,173,like,2026-07-28
4938,794,163,like,2026-07-07
4939,561,218,vista,2026-07-07
4940,662,142,compartir,2026-07-30
4941,982,42,vista,2026-08-10
4942,847,250,compartir,2026-08-11
4943,746,121,compartir,2026-08-08
4944,952,218,compartir,2026-08-02
4945,1052,150,comentario,2026-08-08
4946,694,208,vista,2026-08-03
4947,1032,139,vista,2026-06-22
4948,394,342,vista,2026-07-06
4949,481,181,comentario,2026-07-04
4950,608,169,comentario,2026-08-09
4951,160,11,compartir,2026-08-10
4952,1250,252,comentario,2026-07-14
4953,1045,104,like,2026-07-16
4954,702,250,like,2026-08-10
4955,1053,269,like,2026-07-31
4956,98,157,vista,2026-07-03
4957,663,228,like,2026-07-25
4958,735,125,comentario,2026-07-06
4959,753,27,vista,2026-07-20
4960,522,206,vista,2026-07-18
4961,567,98,like,2026-07-16
4962,372,304,compartir,2026-08-10
4963,1048,179,compartir,2026-07-30
4964,71,228,comentario,2026-07-20
4965,172,330,like,2026-08-04
4966,979,268,comentario,2026-08-11
4967,680,104,compartir,2026-06-24
4968,69,200,compartir,2026-07-29
4969,724,312,like,2026-08-09
4970,817,146,compartir,2026-07-03
4971,232,76,compartir,2026-07-30
4972,848,147,compartir,2026-08-07
4973,664,263,like,2026-07-18
4974,930,14,like,2026-08-10
4975,867,109,compartir,2026-08-08
4976,92,151,compartir,2026-08-11
4977,714,138,vista,2026-08-11
4978,838,76,like,2026-08-11
4979,963,48,comentario,2026-07-29
4980,831,281,comentario,2026-07-11
4981,19,127,compartir,2026-08-10
4982,280,221,compartir,2026-07-06
4983,83,157,vista,2026-07-07
4984,368,213,vista,2026-08-07
4985,526,239,like,2026-07-06
4986,813,309,comentario,2026-07-23
4987,416,232,vista,2026-06-24
4988,717,183,comentario,2026-08-05
4989,1024,169,vista,2026-07-26
4990,464,12,compartir,2026-07-20
4991,727,297,vista,2026-08-09
4992,292,14,vista,2026-07-30
4993,295,286,like,2026-07-30
4994,502,159,compartir,2026-08-11
4995,248,45,compartir,2026-08-02
4996,730,104,like,2026-08-10
4997,903,350,comentario,2026-07-22
4998,271,197,compartir,2026-07-17
4999,332,230,compartir,2026-07-20
5000,767,289,like,2026-08-03
5001,606,274,comentario,2026-08-07
5002,927,272,compartir,2026-07-20
5003,256,342,like,2026-07-08
5004,867,234,compartir,2026-08-09
5005,796,334,vista,2026-07-17
5006,803,107,comentario,2026-06-27
5007,1046,343,vista,2026-08-04
5008,355,65,comentario,2026-07-11
5009,912,76,like,2026-08-09
5010,420,115,compartir,2026-08-08
5011,786,225,compartir,2026-08-03
5012,1041,250,like,2026-08-05
5013,39,193,compartir,2026-07-22
5014,1211,235,vista,2026-08-10
5015,430,337,like,2026-07-18
5016,1128,276,vista,2026-07-25
5017,18,167,comentario,2026-08-11
5018,978,48,compartir,2026-08-07
5019,711,65,vista,2026-07-24
5020,1237,141,compartir,2026-07-29
5021,34,183,comentario,2026-07-22
5022,671,44,compartir,2026-08-08
5023,334,235,comentario,2026-06-18
5024,773,34,like,2026-07-31
5025,821,247,compartir,2026-08-08
5026,232,200,like,2026-07-20
5027,438,64,comentario,2026-06-17
5028,313,62,like,2026-08-07
5029,936,194,vista,2026-08-03
5030,447,148,like,2026-08-11
5031,389,127,vista,2026-08-06
5032,899,240,comentario,2026-07-18
5033,140,69,comentario,2026-08-03
5034,502,227,compartir,2026-08-10
5035,126,29,vista,2026-07-25
5036,518,317,compartir,2026-07-23
5037,999,65,compartir,2026-08-09
5038,753,153,comentario,2026-07-14
5039,282,222,like,2026-07-28
5040,102,228,comentario,2026-08-10
5041,393,273,comentario,2026-06-25
5042,838,24,like,2026-08-10
5043,958,345,vista,2026-08-11
5044,229,307,vista,2026-07-07
5045,222,75,like,2026-08-10
5046,1129,178,like,2026-07-15
5047,619,171,compartir,2026-07-28
5048,22,255,like,2026-08-06
5049,269,338,like,2026-08-05
5050,361,200,compartir,2026-07-18
5051,746,332,vista,2026-07-12
5052,540,215,like,2026-08-04
5053,954,272,like,2026-08-10
5054,640,129,compartir,2026-07-20
5055,1006,200,like,2026-07-17
5056,37,107,compartir,2026-07-25
5057,942,163,comentario,2026-07-13
5058,660,62,compartir,2026-07-17
5059,274,350,comentario,2026-08-09
5060,651,248,comentario,2026-07-06
5061,89,346,compartir,2026-08-11
5062,594,167,compartir,2026-07-31
5063,1005,304,compartir,2026-08-10
5064,297,51,vista,2026-07-13
5065,200,61,like,2026-08-10
5066,150,3,compartir,2026-07-17
5067,654,89,comentario,2026-07-31
5068,485,237,comentario,2026-07-27
5069,1004,182,compartir,2026-08-01
5070,272,136,like,2026-07-26
5071,857,330,like,2026-08-11
5072,563,6,like,2026-08-04
5073,596,118,comentario,2026-08-11
5074,500,297,compartir,2026-08-06
5075,642,57,compartir,2026-07-29
5076,947,209,compartir,2026-08-09
5077,399,274,comentario,2026-08-06
5078,344,58,compartir,2026-07-07
5079,1176,268,comentario,2026-07-16
5080,63,263,comentario,2026-06-26
5081,296,151,like,2026-07-16
5082,86,81,compartir,2026-08-11
5083,84,41,compartir,2026-07-24
5084,223,205,vista,2026-08-05
5085,585,257,like,2026-07-31
5086,1012,349,comentario,2026-07-12
5087,845,210,like,2026-07-07
5088,801,237,vista,2026-07-26
5089,366,66,like,2026-08-05
5090,833,62,like,2026-07-10
5091,679,259,vista,2026-08-07
5092,666,325,like,2026-07-24
5093,442,13,like,2026-08-07
5094,1108,131,vista,2026-08-05
5095,42,132,vista,2026-07-24
5096,234,241,comentario,2026-08-10
5097,882,207,vista,2026-06-25
5098,1033,227,compartir,2026-07-26
5099,256,211,compartir,2026-07-17
5100,70,305,compartir,2026-06-30
5101,1242,129,comentario,2026-08-09
5102,918,50,like,2026-08-10
5103,51,296,vista,2026-07-19
5104,288,137,comentario,2026-06-30
5105,932,131,like,2026-08-07
5106,303,2,vista,2026-07-30
5107,511,165,like,2026-07-28
5108,888,283,vista,2026-08-10
5109,1236,317,compartir,2026-07-24
5110,800,114,vista,2026-08-05
5111,477,77,vista,2026-08-06
5112,81,347,comentario,2026-08-02
5113,1025,34,comentario,2026-08-11
5114,155,226,comentario,2026-08-08
5115,495,300,compartir,2026-07-22
5116,126,303,compartir,2026-07-16
5117,692,314,vista,2026-07-03
5118,304,49,comentario,2026-07-12
5119,1057,334,compartir,2026-07-05
5120,618,308,compartir,2026-07-30
5121,759,115,vista,2026-07-17
5122,279,44,vista,2026-07-24
5123,1034,56,like,2026-08-10
5124,31,200,like,2026-08-10
5125,813,275,vista,2026-07-18
5126,647,317,like,2026-06-28
5127,427,77,compartir,2026-08-10
5128,1146,303,vista,2026-07-12
5129,1080,343,vista,2026-07-16
5130,645,70,comentario,2026-07-09
5131,838,233,compartir,2026-08-10
5132,1090,63,compartir,2026-07-06
5133,504,297,comentario,2026-07-19
5134,782,174,like,2026-08-05
5135,16,8,vista,2026-08-07
5136,692,194,like,2026-08-10
5137,226,131,compartir,2026-06-22
5138,1224,341,like,2026-08-04
5139,246,119,compartir,2026-07-31
5140,1067,97,vista,2026-07-15
5141,258,234,vista,2026-06-24
5142,549,298,vista,2026-07-31
5143,756,4,comentario,2026-08-09
5144,295,130,comentario,2026-08-06
5145,1204,305,comentario,2026-08-09
5146,1015,6,vista,2026-07-29
5147,1235,259,vista,2026-08-01
5148,530,194,like,2026-08-09
5149,160,93,compartir,2026-08-04
5150,17,127,comentario,2026-08-11
5151,989,27,vista,2026-07-30
5152,193,105,vista,2026-07-26
5153,34,205,compartir,2026-07-04
5154,919,271,comentario,2026-08-06
5155,1129,30,comentario,2026-07-19
5156,477,293,like,2026-08-08
5157,1067,17,vista,2026-06-28
5158,529,147,like,2026-08-07
5159,892,97,vista,2026-07-24
5160,136,298,compartir,2026-08-05
5161,701,183,like,2026-08-09
5162,457,194,vista,2026-07-14
5163,942,210,comentario,2026-07-30
5164,749,326,compartir,2026-08-03
5165,462,180,vista,2026-07-25
5166,432,290,like,2026-08-10
5167,1019,127,like,2026-07-28
5168,576,286,vista,2026-08-11
5169,96,324,compartir,2026-07-24
5170,853,233,vista,2026-08-05
5171,706,205,like,2026-07-29
5172,573,94,like,2026-08-06
5173,654,322,comentario,2026-08-04
5174,704,273,comentario,2026-07-20
5175,536,253,like,2026-07-13
5176,275,124,comentario,2026-08-05
5177,628,105,comentario,2026-07-07
5178,49,50,vista,2026-07-22
5179,533,1,compartir,2026-08-03
5180,706,105,vista,2026-07-24
5181,942,258,vista,2026-08-05
5182,1250,338,comentario,2026-07-31
5183,77,247,comentario,2026-08-10
5184,195,90,compartir,2026-07-27
5185,722,116,compartir,2026-07-31
5186,1055,162,compartir,2026-08-10
5187,918,36,vista,2026-08-02
5188,238,53,compartir,2026-08-06
5189,369,163,like,2026-07-22
5190,809,70,like,2026-08-07
5191,397,177,vista,2026-07-12
5192,768,326,comentario,2026-07-30
5193,943,316,compartir,2026-08-11
5194,744,211,like,2026-08-06
5195,348,155,compartir,2026-07-29
5196,936,294,like,2026-08-06
5197,295,305,like,2026-08-08
5198,202,104,compartir,2026-08-06
5199,483,57,like,2026-07-19
5200,88,51,compartir,2026-07-11
5201,757,37,like,2026-08-08
5202,1138,83,comentario,2026-08-06
5203,476,194,vista,2026-07-31
5204,719,335,vista,2026-08-08
5205,15,123,compartir,2026-07-23
5206,904,122,vista,2026-08-02
5207,791,348,vista,2026-08-11
5208,410,102,vista,2026-07-24
5209,455,313,vista,2026-08-10
5210,220,188,comentario,2026-07-27
5211,573,130,comentario,2026-07-20
5212,1019,99,vista,2026-08-05
5213,1170,232,comentario,2026-08-06
5214,774,176,comentario,2026-08-08
5215,135,63,vista,2026-08-08
5216,1203,36,compartir,2026-07-24
5217,1138,88,vista,2026-07-08
5218,185,13,comentario,2026-07-21
5219,303,337,compartir,2026-08-04
5220,40,139,comentario,2026-07-15
5221,709,82,comentario,2026-07-30
5222,372,232,like,2026-08-11
5223,395,252,like,2026-07-08
5224,191,197,like,2026-07-26
5225,152,215,comentario,2026-08-08
5226,407,344,vista,2026-07-13
5227,188,102,vista,2026-07-02
5228,958,172,comentario,2026-08-08
5229,731,183,like,2026-07-31
5230,339,169,comentario,2026-08-11
5231,30,317,vista,2026-08-07
5232,547,65,vista,2026-08-05
5233,988,308,vista,2026-08-09
5234,1145,140,comentario,2026-07-13
5235,870,90,vista,2026-07-17
5236,973,125,vista,2026-07-06
5237,238,237,vista,2026-08-06
5238,739,257,vista,2026-07-13
5239,1086,88,compartir,2026-07-30
5240,589,62,comentario,2026-07-23
5241,128,104,comentario,2026-07-27
5242,340,264,vista,2026-07-01
5243,517,226,like,2026-07-29
5244,537,100,vista,2026-08-10
5245,169,58,comentario,2026-08-09
5246,263,289,compartir,2026-07-21
5247,564,337,vista,2026-08-09
5248,1052,288,compartir,2026-08-02
5249,127,19,like,2026-08-01
5250,57,111,like,2026-07-11
5251,310,121,vista,2026-07-29
5252,209,114,compartir,2026-08-01
5253,957,347,like,2026-07-25
5254,1238,68,vista,2026-07-28
5255,1181,113,like,2026-08-11
5256,647,90,comentario,2026-07-27
5257,558,144,compartir,2026-08-01
5258,495,322,vista,2026-07-16
5259,1123,82,like,2026-07-08
5260,330,104,like,2026-08-04
5261,180,202,comentario,2026-08-10
5262,1047,267,vista,2026-07-28
5263,1238,67,like,2026-08-10
5264,380,70,compartir,2026-07-11
5265,475,14,like,2026-07-20
5266,788,143,compartir,2026-07-29
5267,41,322,like,2026-08-03
5268,953,166,vista,2026-07-31
5269,191,52,vista,2026-07-24
5270,950,171,vista,2026-07-28
5271,433,39,compartir,2026-07-17
5272,95,259,vista,2026-08-07
5273,841,349,compartir,2026-07-24
5274,1050,112,compartir,2026-08-06
5275,819,31,compartir,2026-07-17
5276,976,117,comentario,2026-08-10
5277,1069,87,like,2026-07-18
5278,412,41,compartir,2026-08-07
5279,1231,10,compartir,2026-07-28
5280,685,213,like,2026-07-09
5281,1089,79,vista,2026-08-09
5282,789,191,comentario,2026-07-07
5283,216,72,like,2026-08-11
5284,1132,235,compartir,2026-06-26
5285,639,243,like,2026-07-16
5286,1209,44,compartir,2026-08-07
5287,537,210,vista,2026-08-09
5288,230,166,like,2026-07-27
5289,220,38,comentario,2026-08-05
5290,1045,343,like,2026-08-02
5291,72,220,compartir,2026-07-07
5292,1193,158,compartir,2026-07-31
5293,1186,93,comentario,2026-08-03
5294,931,38,compartir,2026-06-24
5295,610,169,compartir,2026-08-01
5296,738,218,compartir,2026-08-10
5297,19,116,like,2026-08-05
5298,1047,174,like,2026-08-07
5299,1231,1,comentario,2026-08-04
5300,758,226,comentario,2026-08-03
5301,418,271,vista,2026-07-21
5302,1125,76,compartir,2026-07-22
5303,848,175,comentario,2026-08-11
5304,1239,235,compartir,2026-08-09
5305,1088,289,comentario,2026-07-31
5306,35,160,vista,2026-07-14
5307,917,40,comentario,2026-08-10
5308,364,105,like,2026-08-02
5309,1182,350,compartir,2026-07-16
5310,261,41,like,2026-07-03
5311,1238,321,comentario,2026-07-26
5312,1132,301,comentario,2026-08-04
5313,1174,216,vista,2026-07-22
5314,825,170,vista,2026-08-06
5315,883,182,vista,2026-08-09
5316,1179,26,comentario,2026-08-10
5317,850,96,vista,2026-07-13
5318,867,266,comentario,2026-07-30
5319,998,268,comentario,2026-08-01
5320,889,310,compartir,2026-07-26
5321,1139,328,like,2026-08-04
5322,991,8,compartir,2026-08-11
5323,80,244,like,2026-07-12
5324,991,84,like,2026-08-11
5325,1050,326,comentario,2026-07-06
5326,70,114,vista,2026-07-23
5327,723,312,vista,2026-07-19
5328,41,314,vista,2026-07-15
5329,381,48,compartir,2026-08-09
5330,333,167,vista,2026-08-05
5331,921,143,comentario,2026-07-26
5332,652,20,vista,2026-07-31
5333,967,46,vista,2026-08-10
5334,69,314,vista,2026-07-10
5335,826,314,compartir,2026-08-08
5336,601,192,comentario,2026-07-09
5337,812,192,vista,2026-07-29
5338,969,335,like,2026-08-09
5339,265,188,compartir,2026-08-07
5340,154,184,vista,2026-07-30
5341,1054,94,vista,2026-07-21
5342,1069,206,compartir,2026-07-27
5343,1136,331,like,2026-08-02
5344,787,74,like,2026-08-10
5345,23,245,compartir,2026-07-12
5346,106,276,vista,2026-08-10
5347,806,72,compartir,2026-08-07
5348,649,294,compartir,2026-07-20
5349,110,251,compartir,2026-08-09
5350,757,30,compartir,2026-08-09
5351,8,113,like,2026-07-28
5352,98,106,compartir,2026-07-04
5353,1102,195,vista,2026-07-06
5354,576,328,vista,2026-08-11
5355,37,196,comentario,2026-07-13
5356,776,332,comentario,2026-07-15
5357,418,46,compartir,2026-08-07
5358,659,294,comentario,2026-06-24
5359,186,23,compartir,2026-08-10
5360,292,267,like,2026-06-27
5361,595,14,like,2026-08-05
5362,419,258,like,2026-08-06
5363,266,340,like,2026-07-13
5364,504,103,vista,2026-08-05
5365,657,175,like,2026-08-11
5366,437,127,like,2026-08-06
5367,376,215,vista,2026-07-22
5368,458,319,compartir,2026-07-02
5369,619,133,comentario,2026-07-09
5370,394,321,compartir,2026-08-05
5371,195,283,compartir,2026-07-12
5372,1117,33,comentario,2026-08-05
5373,61,252,like,2026-07-07
5374,674,302,like,2026-07-21
5375,1016,82,like,2026-08-08
5376,911,160,like,2026-08-10
5377,544,136,comentario,2026-08-09
5378,924,10,like,2026-08-10
5379,1,137,like,2026-08-11
5380,719,232,like,2026-08-08
5381,874,247,comentario,2026-07-26
5382,88,120,vista,2026-08-06
5383,729,121,comentario,2026-07-06
5384,1077,146,like,2026-08-02
5385,1052,255,comentario,2026-07-03
5386,508,316,compartir,2026-08-05
5387,604,236,compartir,2026-08-01
5388,238,287,vista,2026-08-10
5389,422,294,like,2026-07-23
5390,678,151,vista,2026-08-01
5391,638,91,compartir,2026-08-03
5392,464,189,vista,2026-08-03
5393,21,76,compartir,2026-07-08
5394,1196,316,compartir,2026-08-01
5395,47,188,comentario,2026-07-07
5396,916,119,like,2026-07-05
5397,386,203,compartir,2026-08-02
5398,959,145,like,2026-08-04
5399,232,99,vista,2026-07-31
5400,1093,131,vista,2026-07-30
5401,711,126,compartir,2026-07-17
5402,56,332,like,2026-08-09
5403,597,316,compartir,2026-07-02
5404,864,237,compartir,2026-08-03
5405,758,256,comentario,2026-08-09
5406,523,116,vista,2026-07-26
5407,858,305,like,2026-08-11
5408,912,244,vista,2026-07-31
5409,154,55,comentario,2026-07-20
5410,481,283,vista,2026-07-06
5411,773,108,comentario,2026-07-31
5412,126,153,vista,2026-07-31
5413,1047,200,like,2026-07-22
5414,73,234,comentario,2026-07-13
5415,1078,161,vista,2026-07-25
5416,90,105,comentario,2026-08-09
5417,1103,244,like,2026-08-01
5418,538,176,vista,2026-08-06
5419,1159,81,compartir,2026-07-02
5420,131,241,like,2026-08-06
5421,1169,151,like,2026-08-11
5422,532,243,like,2026-07-07
5423,917,244,like,2026-07-21
5424,523,98,compartir,2026-08-07
5425,145,185,vista,2026-08-03
5426,219,289,like,2026-08-06
5427,82,226,vista,2026-07-30
5428,32,76,comentario,2026-08-07
5429,545,265,like,2026-08-10
5430,875,159,like,2026-08-07
5431,414,96,vista,2026-07-11
5432,146,37,compartir,2026-07-08
5433,205,273,comentario,2026-07-17
5434,1241,182,compartir,2026-08-09
5435,777,49,vista,2026-07-26
5436,380,246,like,2026-07-08
5437,2,271,vista,2026-08-04
5438,427,159,vista,2026-08-09
5439,858,203,vista,2026-08-11
5440,987,342,vista,2026-08-11
5441,1050,81,like,2026-07-04
5442,589,43,comentario,2026-07-18
5443,298,228,like,2026-08-03
5444,212,182,vista,2026-07-27
5445,495,218,vista,2026-07-03
5446,747,46,like,2026-08-08
5447,1069,280,compartir,2026-07-28
5448,1233,92,compartir,2026-07-07
5449,611,260,compartir,2026-08-09
5450,814,189,vista,2026-08-10
5451,967,179,like,2026-08-11
5452,1062,68,like,2026-07-01
5453,346,224,compartir,2026-07-23
5454,1230,80,compartir,2026-07-29
5455,495,205,like,2026-06-27
5456,431,289,vista,2026-07-31
5457,823,35,compartir,2026-08-05
5458,838,153,comentario,2026-08-09
5459,393,299,comentario,2026-07-27
5460,718,202,like,2026-07-22
5461,576,256,vista,2026-08-11
5462,742,213,comentario,2026-08-07
5463,1066,331,compartir,2026-07-31
5464,1167,149,vista,2026-07-18
5465,576,300,like,2026-08-11
5466,185,285,compartir,2026-07-26
5467,1063,241,vista,2026-07-06
5468,278,332,like,2026-08-01
5469,714,349,vista,2026-08-10
5470,1072,188,comentario,2026-07-22
5471,518,76,comentario,2026-08-01
5472,150,251,like,2026-07-27
5473,744,113,comentario,2026-07-09
5474,770,23,like,2026-07-23
5475,730,177,comentario,2026-08-05
5476,919,116,vista,2026-08-08
5477,403,54,vista,2026-07-31
5478,880,210,like,2026-07-02
5479,605,74,compartir,2026-08-10
5480,720,113,vista,2026-08-06
5481,479,324,vista,2026-07-05
5482,228,80,like,2026-08-08
5483,823,12,like,2026-07-28
5484,420,154,compartir,2026-08-02
5485,1002,99,like,2026-08-10
5486,201,109,compartir,2026-08-03
5487,499,71,like,2026-07-17
5488,612,155,vista,2026-08-11
5489,1177,217,like,2026-07-30
5490,560,269,comentario,2026-08-05
5491,235,235,vista,2026-08-04
5492,1088,286,comentario,2026-08-03
5493,101,69,comentario,2026-07-30
5494,724,255,like,2026-07-27
5495,389,153,like,2026-08-04
5496,355,144,comentario,2026-06-25
5497,128,115,vista,2026-08-03
5498,1036,100,like,2026-08-08
5499,153,148,vista,2026-08-11
5500,794,208,like,2026-07-09
5501,47,293,comentario,2026-07-10
5502,1089,45,comentario,2026-08-06
5503,894,167,like,2026-07-19
5504,200,81,comentario,2026-08-07
5505,164,189,like,2026-08-11
5506,1174,54,compartir,2026-07-18
5507,122,270,like,2026-08-06
5508,946,314,vista,2026-07-26
5509,841,228,comentario,2026-07-29
5510,715,123,like,2026-07-24
5511,416,80,like,2026-06-19
5512,978,120,like,2026-08-09
5513,599,124,vista,2026-08-07
5514,756,277,comentario,2026-08-11
5515,443,148,like,2026-07-26
5516,1019,205,comentario,2026-07-31
5517,830,328,vista,2026-08-11
5518,1216,345,compartir,2026-07-27
5519,735,153,vista,2026-06-28
5520,28,350,compartir,2026-08-09
5521,548,62,like,2026-06-28
5522,556,332,comentario,2026-08-06
5523,291,137,compartir,2026-08-11
5524,489,319,comentario,2026-08-08
5525,997,302,like,2026-06-26
5526,792,310,comentario,2026-07-26
5527,1189,140,compartir,2026-07-06
5528,585,20,like,2026-07-26
5529,921,1,like,2026-07-19
5530,421,222,compartir,2026-07-31
5531,688,199,comentario,2026-08-10
5532,892,85,vista,2026-07-07
5533,449,36,comentario,2026-08-04
5534,390,87,compartir,2026-06-30
5535,241,301,comentario,2026-08-09
5536,1053,24,vista,2026-07-22
5537,375,272,comentario,2026-07-21
5538,1,226,like,2026-07-24
5539,507,49,comentario,2026-08-02
5540,325,220,like,2026-07-21
5541,710,261,vista,2026-08-06
5542,239,202,comentario,2026-07-26
5543,739,103,like,2026-08-09
5544,1046,64,vista,2026-07-29
5545,793,103,like,2026-07-20
5546,502,49,like,2026-08-06
5547,712,93,like,2026-07-23
5548,395,288,comentario,2026-08-05
5549,1209,320,like,2026-08-07
5550,1024,279,compartir,2026-08-01
5551,183,147,vista,2026-08-05
5552,1155,106,vista,2026-07-04
5553,221,35,comentario,2026-08-03
5554,549,37,comentario,2026-07-24
5555,1027,261,comentario,2026-08-11
5556,1174,195,compartir,2026-07-25
5557,79,298,vista,2026-08-04
5558,284,246,vista,2026-08-09
5559,724,161,comentario,2026-07-23
5560,449,191,comentario,2026-06-20
5561,717,56,like,2026-08-03
5562,970,121,comentario,2026-08-04
5563,366,99,vista,2026-07-29
5564,311,308,like,2026-08-09
5565,362,196,compartir,2026-07-31
5566,138,222,compartir,2026-07-28
5567,99,305,vista,2026-07-18
5568,1235,256,like,2026-07-31
5569,213,330,comentario,2026-07-14
5570,617,334,comentario,2026-07-13
5571,605,185,like,2026-08-11
5572,93,75,like,2026-06-30
5573,1094,278,compartir,2026-07-15
5574,263,218,comentario,2026-07-14
5575,117,71,vista,2026-07-03
5576,167,234,comentario,2026-08-11
5577,481,75,compartir,2026-07-02
5578,1121,330,like,2026-08-04
5579,1165,118,comentario,2026-08-03
5580,577,204,like,2026-08-08
5581,170,204,comentario,2026-06-30
5582,844,231,vista,2026-08-11
5583,568,21,vista,2026-08-11
5584,212,289,comentario,2026-07-10
5585,671,326,comentario,2026-07-25
5586,160,36,like,2026-08-05
5587,57,76,like,2026-08-04
5588,170,50,compartir,2026-07-20
5589,1115,230,compartir,2026-07-20
5590,147,46,comentario,2026-08-09
5591,702,283,vista,2026-07-16
5592,229,182,compartir,2026-07-09
5593,851,235,compartir,2026-06-26
5594,202,46,vista,2026-08-05
5595,871,59,like,2026-07-02
5596,380,200,like,2026-08-01
5597,883,5,like,2026-08-09
5598,91,19,comentario,2026-07-12
5599,97,297,comentario,2026-08-11
5600,846,186,like,2026-08-07
5601,829,127,vista,2026-07-24
5602,1017,173,like,2026-07-13
5603,564,350,like,2026-07-21
5604,490,141,comentario,2026-07-09
5605,748,262,vista,2026-08-11
5606,515,221,compartir,2026-08-09
5607,801,65,vista,2026-08-07
5608,433,75,comentario,2026-07-31
5609,435,66,compartir,2026-06-26
5610,1018,172,comentario,2026-08-08
5611,223,195,like,2026-08-07
5612,754,243,compartir,2026-08-03
5613,1029,146,comentario,2026-07-25
5614,1182,167,like,2026-08-05
5615,597,290,comentario,2026-08-07
5616,596,244,vista,2026-08-11
5617,464,341,comentario,2026-07-25
5618,166,331,vista,2026-07-15
5619,299,200,comentario,2026-08-07
5620,997,215,like,2026-06-27
5621,1053,196,vista,2026-07-07
5622,191,214,vista,2026-08-07
5623,65,140,like,2026-07-20
5624,1159,327,vista,2026-07-01
5625,196,94,comentario,2026-07-28
5626,490,189,comentario,2026-07-31
5627,810,341,vista,2026-07-06
5628,930,172,comentario,2026-06-26
5629,870,21,vista,2026-08-06
5630,140,274,compartir,2026-08-03
5631,1172,279,comentario,2026-07-28
5632,1214,182,vista,2026-07-19
5633,469,240,comentario,2026-07-01
5634,129,154,compartir,2026-08-06
5635,654,15,compartir,2026-08-10
5636,780,73,comentario,2026-07-29
5637,1078,254,compartir,2026-08-02
5638,852,150,comentario,2026-07-15
5639,863,90,like,2026-08-05
5640,1068,90,like,2026-08-10
5641,1132,96,compartir,2026-07-19
5642,344,123,comentario,2026-08-11
5643,1053,121,like,2026-07-24
5644,668,89,vista,2026-07-23
5645,964,316,vista,2026-07-09
5646,140,29,vista,2026-07-23
5647,927,319,comentario,2026-07-28
5648,1000,186,compartir,2026-08-04
5649,1104,194,comentario,2026-08-03
5650,160,102,compartir,2026-08-04
5651,1007,150,comentario,2026-07-25
5652,542,58,comentario,2026-08-07
5653,602,192,comentario,2026-08-09
5654,844,106,like,2026-08-11
5655,1082,42,vista,2026-08-08
5656,76,286,vista,2026-08-11
5657,59,22,comentario,2026-07-21
5658,123,325,vista,2026-08-02
5659,565,226,vista,2026-08-08
5660,991,4,compartir,2026-08-11
5661,691,80,like,2026-06-29
5662,394,343,vista,2026-07-01
5663,903,343,comentario,2026-07-25
5664,451,293,comentario,2026-07-06
5665,146,315,compartir,2026-07-28
5666,1040,94,vista,2026-08-07
5667,925,303,comentario,2026-08-08
5668,970,244,comentario,2026-08-10
5669,1216,259,like,2026-08-03
5670,1055,56,vista,2026-08-10
5671,714,137,like,2026-08-10
5672,892,6,like,2026-07-14
5673,151,142,vista,2026-08-09
5674,1195,317,like,2026-07-13
5675,505,50,vista,2026-08-11
5676,838,232,vista,2026-08-10
5677,971,97,vista,2026-08-05
5678,1230,185,like,2026-08-01
5679,1092,27,vista,2026-07-21
5680,816,163,vista,2026-07-31
5681,1176,104,comentario,2026-07-20
5682,473,335,like,2026-07-27
5683,561,335,like,2026-07-18
5684,1045,19,vista,2026-07-19
5685,446,96,comentario,2026-08-08
5686,988,212,comentario,2026-08-09
5687,189,69,compartir,2026-07-29
5688,52,206,compartir,2026-06-25
5689,1184,124,comentario,2026-07-26
5690,1130,329,like,2026-06-20
5691,736,117,like,2026-08-10
5692,994,84,vista,2026-08-09
5693,248,117,compartir,2026-07-26
5694,394,299,comentario,2026-07-23
5695,688,56,vista,2026-08-04
5696,21,38,like,2026-07-26
5697,1055,220,vista,2026-08-11
5698,701,178,vista,2026-08-03
5699,1104,329,comentario,2026-07-26
5700,373,338,vista,2026-08-03
5701,869,90,comentario,2026-08-04
5702,330,98,compartir,2026-08-11
5703,804,57,vista,2026-08-05
5704,968,335,like,2026-07-30
5705,1240,288,like,2026-08-11
5706,484,211,vista,2026-08-04
5707,796,143,compartir,2026-08-10
5708,227,162,like,2026-08-10
5709,326,50,compartir,2026-07-25
5710,280,219,vista,2026-06-23
5711,847,222,compartir,2026-08-07
5712,252,245,comentario,2026-07-07
5713,433,297,like,2026-08-02
5714,616,236,compartir,2026-06-28
5715,51,208,like,2026-07-24
5716,260,300,compartir,2026-08-06
5717,1250,217,like,2026-07-14
5718,989,214,like,2026-08-04
5719,473,161,vista,2026-07-28
5720,916,224,compartir,2026-06-27
5721,568,187,vista,2026-07-28
5722,118,232,like,2026-07-18
5723,597,249,compartir,2026-07-27
5724,897,113,compartir,2026-08-08
5725,70,268,comentario,2026-07-02
5726,161,235,like,2026-07-13
5727,1213,264,comentario,2026-07-15
5728,291,261,comentario,2026-08-09
5729,442,191,compartir,2026-07-19
5730,335,273,comentario,2026-07-29
5731,793,231,like,2026-07-26
5732,990,70,vista,2026-08-08
5733,338,38,comentario,2026-07-25
5734,150,62,comentario,2026-08-01
5735,933,134,compartir,2026-06-20
5736,599,67,compartir,2026-08-01
5737,419,138,compartir,2026-08-06
5738,302,144,vista,2026-07-15
5739,116,321,compartir,2026-07-19
5740,484,174,like,2026-08-11
5741,447,162,like,2026-08-10
5742,73,50,compartir,2026-07-19
5743,1035,106,compartir,2026-08-11
5744,86,119,vista,2026-07-30
5745,465,72,vista,2026-07-02
5746,942,229,like,2026-07-27
5747,649,322,vista,2026-06-29
5748,946,56,compartir,2026-08-07
5749,756,218,vista,2026-08-11
5750,248,2,compartir,2026-06-23
5751,863,51,like,2026-07-24
5752,127,158,comentario,2026-08-02
5753,930,313,vista,2026-07-22
5754,1034,4,like,2026-08-11
5755,798,107,like,2026-08-06
5756,602,158,vista,2026-08-05
5757,1132,60,comentario,2026-08-07
5758,497,44,compartir,2026-07-30
5759,170,189,like,2026-08-09
5760,519,37,like,2026-08-07
5761,15,274,comentario,2026-08-02
5762,417,38,compartir,2026-08-01
5763,1110,155,like,2026-07-12
5764,1196,177,comentario,2026-08-09
5765,848,189,vista,2026-08-08
5766,297,319,comentario,2026-08-10
5767,483,85,comentario,2026-07-23
5768,453,191,like,2026-07-26
5769,886,266,compartir,2026-08-01
5770,1156,126,vista,2026-08-05
5771,1178,254,comentario,2026-08-11
5772,259,241,vista,2026-07-07
5773,225,80,compartir,2026-07-28
5774,256,164,vista,2026-06-21
5775,48,108,vista,2026-08-10
5776,898,23,like,2026-07-26
5777,217,241,compartir,2026-07-18
5778,1234,50,comentario,2026-08-01
5779,255,185,like,2026-07-02
5780,327,101,like,2026-07-01
5781,782,76,comentario,2026-08-04
5782,300,20,compartir,2026-07-27
5783,475,160,vista,2026-07-28
5784,690,141,compartir,2026-08-02
5785,77,229,compartir,2026-08-10
5786,969,240,vista,2026-08-11
5787,1075,165,vista,2026-07-15
5788,505,129,vista,2026-08-11
5789,955,346,compartir,2026-08-11
5790,1220,73,comentario,2026-07-29
5791,386,46,compartir,2026-08-04
5792,314,144,comentario,2026-07-08
5793,986,199,compartir,2026-07-25
5794,707,58,comentario,2026-07-27
5795,1040,254,vista,2026-08-03
5796,66,330,compartir,2026-08-05
5797,686,319,compartir,2026-07-28
5798,18,247,like,2026-08-11
5799,875,201,comentario,2026-08-11
5800,569,36,compartir,2026-08-03
5801,1161,76,compartir,2026-07-16
5802,32,151,vista,2026-08-09
5803,860,248,comentario,2026-07-26
5804,85,295,comentario,2026-08-09
5805,128,153,compartir,2026-08-03
5806,182,187,comentario,2026-08-10
5807,92,49,comentario,2026-08-10
5808,354,221,comentario,2026-08-10
5809,637,119,comentario,2026-07-29
5810,48,191,comentario,2026-08-09
5811,356,105,like,2026-08-10
5812,470,73,like,2026-08-10
5813,1205,234,compartir,2026-08-01
5814,159,171,comentario,2026-08-10
5815,389,255,vista,2026-08-02
5816,62,208,compartir,2026-08-10
5817,292,331,compartir,2026-07-12
5818,252,83,comentario,2026-07-03
5819,235,193,comentario,2026-08-11
5820,777,203,like,2026-07-04
5821,1224,177,compartir,2026-06-26
5822,87,21,compartir,2026-07-13
5823,1084,345,comentario,2026-08-01
5824,1006,240,compartir,2026-07-29
5825,297,258,vista,2026-07-19
5826,553,141,comentario,2026-07-12
5827,9,151,compartir,2026-07-26
5828,518,327,like,2026-06-28
5829,505,226,like,2026-08-11
5830,380,267,vista,2026-07-24
5831,843,102,vista,2026-07-07
5832,564,165,comentario,2026-08-02
5833,781,19,vista,2026-07-26
5834,738,124,compartir,2026-08-10
5835,214,37,comentario,2026-08-09
5836,839,114,like,2026-08-08
5837,795,261,compartir,2026-08-06
5838,648,52,compartir,2026-08-04
5839,1198,174,vista,2026-07-21
5840,674,72,compartir,2026-07-29
5841,644,96,comentario,2026-06-24
5842,371,277,vista,2026-08-08
5843,332,94,compartir,2026-08-06
5844,573,9,like,2026-07-31
5845,987,139,vista,2026-08-11
5846,88,44,like,2026-08-05
5847,956,250,comentario,2026-07-12
5848,370,64,like,2026-08-09
5849,689,50,compartir,2026-07-20
5850,682,266,like,2026-07-25
5851,753,259,vista,2026-08-09
5852,924,316,comentario,2026-08-11
5853,372,201,vista,2026-08-11
5854,1051,96,compartir,2026-07-21
5855,646,303,like,2026-07-25
5856,151,211,compartir,2026-08-07
5857,1202,75,like,2026-07-06
5858,1155,226,comentario,2026-06-30
5859,1235,259,comentario,2026-07-13
5860,557,18,compartir,2026-08-09
5861,426,147,comentario,2026-08-07
5862,562,7,like,2026-08-04
5863,677,13,like,2026-08-09
5864,46,221,vista,2026-07-10
5865,279,36,like,2026-07-12
5866,760,133,vista,2026-07-26
5867,154,113,comentario,2026-08-10
5868,820,231,vista,2026-08-05
5869,564,131,compartir,2026-07-30
5870,171,57,like,2026-07-27
5871,343,160,compartir,2026-08-05
5872,226,137,vista,2026-07-19
5873,181,40,comentario,2026-07-25
5874,494,14,vista,2026-07-29
5875,1100,290,compartir,2026-07-30
5876,262,217,vista,2026-08-10
5877,958,34,compartir,2026-08-07
5878,630,70,like,2026-07-22
5879,539,170,compartir,2026-07-30
5880,648,273,compartir,2026-08-11
5881,1171,178,compartir,2026-06-24
5882,724,13,compartir,2026-08-05
5883,59,90,vista,2026-08-03
5884,464,221,like,2026-07-13
5885,1100,123,comentario,2026-08-03
5886,379,163,vista,2026-07-20
5887,994,154,vista,2026-08-05
5888,1143,45,vista,2026-08-01
5889,201,163,compartir,2026-07-03
5890,922,152,comentario,2026-07-26
5891,237,257,vista,2026-08-07
5892,477,268,vista,2026-08-08
5893,867,157,comentario,2026-08-11
5894,813,30,like,2026-08-05
5895,1079,125,comentario,2026-08-05
5896,1091,65,comentario,2026-08-05
5897,597,330,compartir,2026-06-19
5898,327,55,vista,2026-06-27
5899,104,127,compartir,2026-08-11
5900,489,307,like,2026-08-07
5901,150,335,vista,2026-08-09
5902,818,192,like,2026-08-11
5903,245,276,like,2026-08-11
5904,478,163,vista,2026-08-06
5905,772,62,compartir,2026-07-31
5906,195,58,vista,2026-07-16
5907,53,141,comentario,2026-07-24
5908,541,347,vista,2026-07-16
5909,1173,38,comentario,2026-08-07
5910,324,346,comentario,2026-08-04
5911,183,1,comentario,2026-08-10
5912,1036,188,vista,2026-07-06
5913,145,6,compartir,2026-07-23
5914,275,123,vista,2026-06-18
5915,892,306,like,2026-07-19
5916,191,26,compartir,2026-07-24
5917,1162,157,compartir,2026-07-01
5918,1030,204,vista,2026-07-31
5919,262,304,vista,2026-08-10
5920,87,12,comentario,2026-07-05
5921,490,260,like,2026-07-13
5922,574,88,like,2026-06-30
5923,842,9,comentario,2026-06-28
5924,580,52,compartir,2026-07-26
5925,1207,251,compartir,2026-07-21
5926,842,198,vista,2026-07-05
5927,1131,263,like,2026-07-17
5928,971,47,compartir,2026-08-10
5929,468,285,vista,2026-08-07
5930,58,296,comentario,2026-07-28
5931,771,123,vista,2026-08-11
5932,1086,316,comentario,2026-07-19
5933,488,61,like,2026-07-26
5934,393,345,like,2026-06-23
5935,669,56,compartir,2026-08-09
5936,1174,100,vista,2026-07-06
5937,996,190,like,2026-06-26
5938,275,258,compartir,2026-08-07
5939,955,102,vista,2026-07-16
5940,856,109,vista,2026-07-10
5941,1186,159,compartir,2026-08-08
5942,365,86,vista,2026-08-11
5943,1146,151,like,2026-07-30
5944,1248,269,compartir,2026-06-30
5945,1221,275,like,2026-08-11
5946,614,60,compartir,2026-08-08
5947,613,39,comentario,2026-08-03
5948,482,292,like,2026-07-29
5949,1118,337,comentario,2026-08-08
5950,1188,285,compartir,2026-08-06
5951,585,191,vista,2026-07-31
5952,19,161,comentario,2026-08-06
5953,979,240,compartir,2026-08-02
5954,430,64,comentario,2026-08-07
5955,124,347,like,2026-07-02
5956,215,147,compartir,2026-08-01
5957,92,44,compartir,2026-08-10
5958,750,232,vista,2026-07-11
5959,563,149,compartir,2026-08-09
5960,1000,198,like,2026-07-08
5961,604,36,compartir,2026-08-01
5962,900,70,compartir,2026-07-18
5963,506,256,like,2026-08-11
5964,1157,140,comentario,2026-07-31
5965,709,173,comentario,2026-07-05
5966,914,78,like,2026-06-23
5967,515,300,comentario,2026-08-07
5968,986,128,compartir,2026-07-12
5969,935,76,compartir,2026-06-24
5970,843,242,compartir,2026-07-24
5971,1002,104,compartir,2026-08-10
5972,914,326,compartir,2026-07-09
5973,679,306,like,2026-08-06
5974,415,23,compartir,2026-07-28
5975,711,147,comentario,2026-08-02
5976,1076,276,like,2026-07-03
5977,336,335,comentario,2026-08-05
5978,22,163,compartir,2026-07-21
5979,1056,22,compartir,2026-08-05
5980,101,211,vista,2026-08-06
5981,1055,33,vista,2026-08-11
5982,710,323,compartir,2026-08-04
5983,11,322,comentario,2026-08-07
5984,691,69,like,2026-08-09
5985,606,103,comentario,2026-07-16
5986,205,71,comentario,2026-07-09
5987,993,141,comentario,2026-07-30
5988,1191,319,comentario,2026-07-18
5989,248,197,like,2026-07-13
5990,95,59,vista,2026-08-09
5991,1035,165,vista,2026-07-28
5992,1062,169,like,2026-08-10
5993,619,122,like,2026-06-20
5994,834,246,comentario,2026-07-24
5995,482,134,like,2026-07-30
5996,1210,156,vista,2026-08-10
5997,12,297,compartir,2026-08-05
5998,296,272,compartir,2026-07-11
5999,301,256,compartir,2026-08-06
6000,685,225,comentario,2026-08-05
