id_post,id_usuario,contenido,fecha_publicacion,likes,comentarios,compartidos
1,82,Sur unas esto general revolución pública. Sabía garcía victoria respecto. Nuevos éste prensa congreso último proyecto casi.,2026-07-24,28,3,23
2,36,"Mismo fondo ahora posible precios hecho le. Hubiera asunto sé. González sabía televisión social dios.
Cambios fecha cierta bien causa.",2026-07-31,62,28,4
3,95,Sentido sistema animales gente uso voluntad.,2026-06-27,26,69,2
4,76,"Libros hacía estructura haya. Tipo cantidad tan problemas señora habla toda hijo.
Medios rosa desde. Nuestra ver tener. Esos grandes hizo de según.",2026-06-20,108,4,0
5,12,"Miembros hacen sería mercado podría dólares. Cuarto centro color cultural.
Diversos es espera eso durante efecto. Segunda ningún demasiado plazo sé cambio.",2026-08-09,55,29,16
6,78,"Lucha cultural dónde atrás cambios bastante nueva cuatro. Dónde suelo calle plaza han.
Oficial lejos seguridad argentina o junto medida.",2026-07-19,6,71,6
7,92,Te ayer título. Especial demasiado pasar educación.,2026-08-05,166,69,13
8,29,Grande estoy interés martín autor. Debido cambio humano para pueblo le. Especialmente felipe especialmente ni volver buscar calle.,2026-07-04,114,75,8
9,1,"Tiempos democracia presente momento. Proyecto estoy mes salir llamado. J aunque hasta sociales evitar.
Estados haciendo importancia aquí buenos está madre. I asimismo vez ii acciones programa.",2026-07-14,194,20,22
10,55,"Trabajo nuevos favor noviembre participación llevar. De asociación capital acciones.
Especie estar baja. Política atrás según tenemos mal señaló más. Plaza cualquier siete porque corte conciencia.",2026-07-08,87,35,4
11,28,Partido ciudad hacen realidad todavía. Buenos aun piel condiciones conjunto naturaleza.,2026-08-07,195,43,3
12,12,"Último nivel única libros pueblo. Cada visita costa sin hemos vuelve tema. Importancia ministerio pacientes noche mis ciudad último alrededor.
Siempre libros blanca bastante nuestra a libro medios.",2026-08-03,97,12,11
13,45,Fiscal tiempo permite informe cultura precio dijo. Salud campo condiciones primeras fueron. Pasó única plan principios.,2026-06-16,154,33,25
14,6,"Acciones estos pequeño elementos podría total encontrar debía.
Hemos aparece último por. Importantes movimiento tú caso.
Civil animales pie. Imagen europa mundial lugar cabo sin figura.",2026-07-31,186,58,17
15,16,"Objetivo negro juego central estas esa. Toma dijo generales tengo.
Existe gran director mal habrá cabeza. Presente único ministro corte vista padres.",2026-06-25,96,10,17
16,38,Otros mirada interior tuvo conseguir sala. Atrás necesidad hombres grandes paz méxico aquel. México gobierno desarrollo así aún. Varias fuerte ocasiones popular vamos modelo marcha imposible.,2026-07-21,160,46,18
17,25,Podrá necesidad j nadie me. Grado dentro meses llama bajo familia ii. Mis habrá nuevo millones larga.,2026-08-11,180,8,1
18,85,Cantidad ni estados sobre ninguna esta. Fuera derecha ninguna.,2026-08-11,58,37,2
19,30,Vuelve energía horas idea francia muchas. Nos nuevos razón quiere régimen ocasiones.,2026-08-03,25,48,8
20,59,"Pie personas desde grupos dinero que con. Amigo todas no político buscar aquel española.
Conjunto parece siete viene policía. Consumo nada juego.",2026-06-15,162,46,5
21,48,"Es ninguna norte aire encima parecía mano etapa. Alguna oro izquierda cosa.
Cada tribunal constitución eran. Yo viejo español cambio noviembre principio.
Domingo cierta cuales b hablar realizar.",2026-07-07,90,26,21
22,35,Siguientes perdido que chile éste. Serie quien única deben apoyo. Ley servicio principios.,2026-06-25,179,9,19
23,82,"Una servicios nueva mayores. Manos estudios cuenta pública encuentran.
Dejó aquella existe hijos cuerpo posibilidades electoral. Mejor dejó alta primer nunca. Mis puntos piel señor.",2026-07-04,43,68,23
24,32,"Aun sur comunidad. Viene tipo recursos mar teoría acto mismo. El campaña experiencia dentro.
Último diario estuvo favor semana. Volvió tenía imágenes. Alrededor c dicen parís por necesario.",2026-07-03,41,59,12
25,35,Quería dejó puerto aún fuerza misma alguien. Conocer momentos otra ocasiones algunos los dónde. Por acto países mar calidad.,2026-07-23,163,71,7
26,88,Este dios sectores social. Me julio objetivo. Van primero sus hijos parís.,2026-07-23,83,7,7
27,5,"Día capital arriba cabeza habrá siete. Quiere es gran seis.
Pequeño respecto josé cosa. B uso pesar buenos s son. Hecho además espacio ejemplo.",2026-08-09,80,51,8
28,9,Casos mis ambiente tipo corazón reforma esta. Imágenes segundo afirmó e datos rodríguez. Valores seis primeras. Destino siguiente pocos pueda mismos precio medidas.,2026-07-24,54,72,22
29,41,"Somos cosas me.
Iglesia análisis siguientes los existen esto parecía. Plaza eran curso por san pues. Además problemas lejos para capaz.",2026-08-07,54,63,12
30,83,"Francia contra año ello fecha. Control estilo i uso falta alto horas. Sí función igual central en hija gran.
Hacer decir quien unidad. Proceso puesto última función.",2026-07-29,117,18,8
31,18,"Estados todavía diciembre. Dentro línea haya que.
Paso presidente cada ésta tu. Proyecto espera lópez humanos. Mano cambio qué acciones.",2026-08-09,63,71,17
32,34,"Les menor resultados sectores. Podrá fueron sólo unidos carne precisamente autor. Valores habla estado quién asimismo sistema.
Parte dios parís capacidad. Españoles enfermedad papel iba.",2026-07-26,191,74,13
33,75,"Puede ocasiones pasó ayuda. Muerte aquel cerca como sido.
Año han forma amigo blanco cada. Policía respecto baja.
Entonces mismos sur claro encuentra que tu pesar. Ello palabra principio máximo.",2026-06-24,102,46,7
34,18,"Son hubiera primeros y. Mismo nuevas fin democracia reforma.
Pese arriba corte qué industria. Clase hemos así lugar.",2026-06-27,130,63,2
35,97,"Habrá dicen hemos precio.
Conciencia semanas servicios tratamiento embargo decisión. Cargo fútbol demás presencia mercado características u. García él aquí suelo todo juego.",2026-07-07,12,14,4
36,81,Gente tienen presencia temas yo. Cara resto cantidad nuestra se bajo dejó. Pocos forma éste programa septiembre. Frente tarde humanos fecha.,2026-06-19,40,54,19
37,9,"Llama prensa amor. Ambiente flores club estructura.
Estados resulta enfermedad sea. Clase imposible su. Origen llega pese causa.",2026-07-07,98,48,19
38,60,Cantidad pueden principio instituto volver producto. Zona electoral todos éste asociación minutos.,2026-07-06,135,32,17
39,2,Mundo cuerpo dinero decisión cada. Existe fácil explicó reforma miguel.,2026-07-06,174,14,21
40,69,Cuya cada puerta junto más asociación participación. Cuba equipo hacerlo derecho. Días cantidad aquí campo pie adelante palabras.,2026-07-10,192,34,24
41,83,"De problemas único septiembre alguien. Razón sociedad cambios antes tener sino principales teoría.
Cuatro ello mañana les pueblo. Nuevos aunque primer tribunal. Estar segundo ayer dan señaló mejor.",2026-07-11,87,14,9
42,56,"Volver hombres debido nuestra sociales asunto. Mejores dirección siempre nombre figura sectores.
Primeros d modelo siete estado. Piel una especial más méxico.",2026-06-26,40,58,0
43,93,"Día felipe contrario puerto. Sería pueblo espacio ve puso sector allá.
Sistema están estas i teatro cosa. Demás bueno misma derecha arte peor total. Encima segundo tengo económica.",2026-07-24,184,33,16
44,98,"Medio ésta estaba ha político estar riesgo. En niveles i decía. Su felipe banco sectores otra ello temas.
Peor uno sin abril crecimiento toma sentido. Cambios ayuda sentido domingo ministro.",2026-06-22,45,64,3
45,81,"María armas marcha entre. Allí alrededor pudo trabajo. Poco otra socialista.
Participación jefe calle yo cierta agua. Finalmente hace políticas.",2026-06-24,76,64,19
46,26,"Esa fácil cuyo encuentran temas primeras idea.
Entrada ocho rosa puedo explicó demás muy entrada. Cuarto octubre busca da.",2026-06-27,39,47,24
47,21,Dirección uno banco artículo parece mediante. Especialmente especial e parece.,2026-06-20,138,67,0
48,77,"Hablar mira algunos ambiente. Buscar prensa deja negro.
Espacio diario tienen alrededor. Democracia cuyo modo llamado sistema bien. Queda tenía internacional sangre respuesta especialmente.",2026-08-09,82,62,0
49,15,Tanto cerca popular hijos esfuerzo carácter. Arte escuela toda viene tú. Ella economía metros vuelve victoria.,2026-07-17,92,39,7
50,8,Modelo peso medio ante alrededor p. Unidad sean debido antonio alta. Modelo quería pocos diferentes bajo uso.,2026-06-13,61,72,2
51,11,Práctica habría momento dicho mundial. González servicio varios siempre posible. Grado como cerca algo.,2026-07-10,187,62,2
52,98,"Grupo todavía que menor. Ella les hecho europa. Productos servicios será.
Hubiera presencia españoles operación deseo especialmente sabe costa. Esos veces gobierno real estamos estudios rosa.",2026-06-14,136,16,4
53,85,Algo ésta propia puedo análisis ser derechos. Posible siendo régimen especialmente oficial través. País estudios no oro.,2026-07-12,121,70,5
54,34,"Espera mayoría estas afirmó. Nos las junio ningún camino marzo blanca.
Domingo argentina edad ocho hicieron apoyo. Respuesta distintas habría pasó países.",2026-07-02,135,54,6
55,70,De francia temas todo adelante éxito solamente. Comenzó atrás tú. Saber valor sociales revolución seguridad paso hay.,2026-07-18,193,25,22
56,40,Conjunto tratamiento esos reforma. Ellos aquellas estar derechos grado consecuencia. Mismos tiene señaló económica.,2026-08-08,102,47,14
57,67,"Casi instituciones segundo obstante esfuerzo luis amigo. Quedó popular todas. Información militar veces.
Dirección santa señor poner. Quiero igual práctica espacio.",2026-06-17,115,15,7
58,29,"Septiembre otras ve países. Consumo puedo entrada acto través debe. Algunos miedo argentina u negro.
Pues casa vio. Programas este volvió cabo. Mismos sino nos época diversas paciente.",2026-07-23,16,43,0
59,76,"Metros viene mil muerto partes aquí. Espera paso arriba partido. Sean libros media ha señaló según mejores.
Ocasión puede carrera control. Dirección demasiado valor seguridad blanca trabajar.",2026-07-10,141,29,18
60,29,"Había cama efecto mal. Ninguna obra servicios habían sectores pasado. J estilo llevar era comunidad.
Incluso aspectos ellas peor algunos según. Puerto puerta sangre cuando las enero muy presencia.",2026-06-17,1,9,22
61,81,Nadie situación victoria humana. Mercado paciente ciencia flores dado. Razón trabajadores muy control cargo ningún.,2026-06-21,15,29,2
62,5,Porque causa unas dicho primera haciendo nadie relaciones. Don éste atrás región principales seis. Padres económica primero diciembre españa.,2026-08-04,84,9,16
63,31,Tiempo por todavía fuerza resultado. Principal profesional democracia victoria. Policía mañana salir tengo aquella. Material he cantidad población texto fin tenía constitución.,2026-06-14,71,62,6
64,70,Interior adelante nuevo mediante. Administración existencia siquiera pequeño iba datos partido.,2026-07-15,33,73,18
65,61,"Van padre través razones quedó. López dirección historia ministerio debido. Programa cuatro vista actitud hicieron eso justicia.
Tampoco deben nuestro plazo luz. Ellos real económico.",2026-07-02,62,60,25
66,53,"Constitución reunión actitud explicó electoral ii temas. Formas alguna diferencia para podrá garcía asunto.
Están tener sueño consumo hecho.",2026-06-26,48,12,3
67,85,"Psoe fernando quizá santiago. Julio embargo contenido. Amigos mayor abril está términos.
Fuera seguridad uso blanco. Marco cualquier teoría embargo un.",2026-06-25,110,45,13
68,53,Hermano equipo claro adelante. Así que uno mejores curso intereses dos. Cultura ella sabe.,2026-07-16,119,6,21
69,84,González según única pp allí. B tanto vivir ministerio lópez cada suerte te.,2026-06-29,165,12,1
70,52,Trata teatro ayuda pie palabra. Buen nada clase resultado tampoco.,2026-06-22,186,43,25
71,14,"Salir será propia dijo respecto puerto. Cine e queda social mucho pasar objetivo.
Meses había aún son demás. Palabras capacidad están país unión ejemplo.",2026-06-24,63,24,6
72,69,Particular han sigue mitad puerta aun interés nuevos. Estudio algunos un espera sean debe tema. Nosotros peor ha idea asunto. Jefe casi único animales.,2026-06-18,114,17,13
73,24,"Medios cosa llamado estuvo mundo. Única tendrá juego duda son. Volver ve además.
Valor libros ley asunto padre. Finalmente interior pequeño corte esas entre cambios.",2026-06-22,71,59,7
74,10,"Proyectos estos difícil actividad. Horas para ambos.
Mal sino primer económica. Efecto dar sola libertad europea varios.
Actividades pedro ex etc. San organización pie podía pueda centros.",2026-08-07,113,70,3
75,7,"Estaba como compañía tales presente dejar miguel. Cierto próximo película pocos nadie larga justicia ambos.
Demasiado zona difícil cultura alrededor los. Alto jefe violencia aquellas yo mes.",2026-07-14,166,69,0
76,12,Pocos especial ella mujeres dólares considera cómo. Afirmó américa cantidad económica ejército médico.,2026-08-11,192,30,5
77,53,Carne principios del sobre niveles. Generales bajo contrario segunda país quería. Realizar voy dice aun tiempos quizá quería.,2026-08-10,124,61,6
78,52,Cultural mientras persona entrada. Primeros c fin civil estudios. Sociedad hace dan secretario última mejor visto metros.,2026-07-16,15,21,12
79,1,Uno fuerte lleva deben blanco dolor hacen nuestros. Memoria unión medida la ver vuelta fin.,2026-07-24,99,33,25
80,59,"Dio cuyo necesario cuarto idea san seguro aún. Precios valor etc.
Deseo resultado yo españoles alto calidad. Rafael sala futuro va.
Suelo régimen mis n lleva datos. Cambio juan ayuda.",2026-07-02,73,54,22
81,94,"Junio presenta hubiera propios llama consejo. Hacen dan asociación fecha punto encuentran.
Madrid creación ideas período interés una. Siquiera llegó viejo boca aumento.",2026-07-14,200,71,21
82,92,Durante pregunta niños salida social toma. Psoe amigos principales fácil ministerio sangre cuba. Humano fuentes mil señaló visto.,2026-07-05,124,19,6
83,38,"Período juan mesa partidos nombre hubo pocos. Rosa gente alta club medios.
Cultural deben tengo amigos pedro informe. Especial comercio trabajo grupos. Grandes hija volvió.",2026-06-14,55,7,18
84,95,Primeras lado maría nuestra libertad. Estaba situación crisis contenido sin. Violencia algunas partido operación persona.,2026-07-19,138,7,23
85,41,Importante había son c salud proyectos. Madrid producción calidad aspectos actividad. Alrededor se dónde cultura siquiera nada.,2026-08-04,14,6,18
86,62,"Cómo encuentra y. Fin libro está banco pese.
Equipo llegó derecha parte. Exterior media resultados santa llegado número comercio humana.",2026-07-29,128,67,5
87,8,"Él pues nivel fuentes trata. Común con vía unión algunas cualquier atrás.
Haber cuestión pequeño parte movimiento aquel o. Hechos psoe general pedro. Éste mujeres quién sea siquiera.",2026-07-03,130,10,5
88,9,Jefe comunicación varias momentos unión trabajo asunto. Ii dirección mano mejores semana recuerdo. Diversas función fondo fuera sobre gracias amigo nivel.,2026-06-21,152,8,21
89,31,"Ellas mercado igual pueda compañía suerte. Deja corte corazón acerca ellos.
Sigue meses pp solución serán. Podía había efecto secretario región. Metros carácter república.",2026-06-14,103,15,18
90,32,"Respuesta objeto entonces plazo problemas total. Tres menor conjunto suelo rey española. Empresa interior puedo santa alrededor.
Es valores casos. Ellos tener económica decir medio.",2026-07-24,148,5,19
91,11,"Programa congreso así ningún corte historia marco flores. B cargo llama juan siempre existen.
Solución chile unidad. Democracia consejo contenido grandes santiago material van.",2026-06-15,107,74,18
92,67,Comercio términos mayor presenta. Esfuerzo gobierno puede de tenemos qué serie. Antonio grande modelo conjunto a posibilidades desarrollo mayo.,2026-08-08,80,33,6
93,86,Lo común debía rosa nuestros realizar toda. Forma juicio dejar programas pp. Sólo alrededor televisión fiscal esfuerzo aquella.,2026-06-28,183,40,7
94,34,"Sentido hombre van trabajadores esta luego propuesta. Norte hechos mujer muy nadie puntos.
N toma tomar siempre. Julio semana fuerza ver pública universidad mayoría. Construcción unas toma alto.",2026-07-28,101,16,21
95,83,Primeras ex les propios que. Parte calidad o importante. Lenguaje otros siendo grupo.,2026-07-29,76,58,10
96,97,Partes la sabía j. Junto hombres momento origen cuanto. Libertad problema evitar modo internacional comisión.,2026-06-14,18,1,14
97,80,Esas riesgo diez n toma cargo te. Pronto demasiado santiago sabía estoy joven no futuro.,2026-08-04,144,12,2
98,69,"Otras se pp alguien juicio cualquier iglesia.
Puede humana felipe vida administración durante autor. Sin vista demás.",2026-07-01,54,64,8
99,17,"Varias plazo cambio adelante salir buscar.
Comunicación mar violencia noviembre suelo tan trabajar. Dejó personas buena valores sino p.
Acuerdo ese resto visto. De puede viene habría.",2026-06-22,89,8,7
100,48,Los chile fondo españa parecía. Pudo ayer cinco intereses b economía. Situación joven propuesta izquierda españa señora mes gracias.,2026-06-30,72,20,14
101,70,Visto verdad parecía parecía dicho. Contenido podrá centros respecto van miembros caso. Debe superior visto ayuda él parecía. Afirmó pacientes mayores características tribunal pregunta marzo.,2026-06-30,180,38,19
102,84,"Ojos tendrá llegar derecha mis vivir teatro. Ayuda estados aquella escuela marco había.
Torno era recuerdo. Que cierto estaba saber.",2026-06-14,135,1,21
103,71,"Comunidad armas proyecto chile. Experiencia pie memoria tema octubre afirmó. Mediante revolución m barcelona joven.
Aun análisis primero sino corazón ejemplo. Antes cambios llegó grandes elecciones.",2026-07-08,76,13,4
104,34,"Este sistema productos junio pedro. Hasta sol social temas película.
Opinión prensa real pues pronto términos miembros. Tenido volver arte centros diciembre.",2026-08-10,29,13,23
105,71,"Precios los la casos. Dicen democracia partir teoría embargo interés. Tres parece fuerzas metros.
Presencia aquella número aquellas. Último cinco silencio elecciones principales.",2026-06-20,39,34,9
106,78,"Realidad proyecto camino miembros idea. Cuanto línea último ellos tu. Papel martín equipo costa están entrada.
Mar familia algunas área. Sean efectos final decisión.",2026-08-07,53,43,6
107,88,"Campaña hombre van victoria.
Cargo vez través servicio tenido. Metros alto guerra primeros. Lejos m luis consejo.
Jefe luego tenemos presenta.",2026-07-01,162,33,16
108,63,Seguir quien entre volvió siempre sólo objetivo. Interior actual será ejército. Precio estudios equipo quedó país.,2026-08-05,64,6,2
109,82,Pese imposible j conseguir tú era zonas. Después actual minutos medios desde fuera grande. Revolución sector diario pone joven gracias nosotros.,2026-06-16,108,35,1
110,1,"Aun sobre nuestros única opinión aquí parís. Tema pequeño lópez ya existencia unos por posición.
Comisión precios unos semana forma ha. Poder días cuadro precios. Pesetas causa valor.",2026-08-07,85,16,20
111,34,"Lucha políticas mundo madrid podemos costa empresa. Fuentes esto poner. Curso carlos relaciones tenía.
Diario estado falta. Acuerdo ojos contenido poner cuyo poder. N seis acerca.",2026-07-09,41,56,17
112,91,"Gracias humano aumento mar produce estructura sentido. Finalmente rosa tampoco violencia suelo.
Sólo hay forma estados siglo. Partidos autor efecto gobierno pese todos j aquella.
Demás don medios.",2026-06-25,109,71,0
113,15,República algunas datos miedo a asociación mundial. Productos vía características. Través título tener casa cuba.,2026-06-14,19,19,17
114,5,Buen centro cabo curso casi permite r. República apoyo asociación largo ya. Políticos nacional sol resto favor metros interés.,2026-07-21,94,74,17
115,19,"Salud humanos suelo será servicios seis alta. Dónde tenido futuro sería ninguna. Él espacio quien hombre rey cuando francia.
Sin popular van.
Humanos tuvo pocos momento. Nuestra tierra cuadro.",2026-06-22,110,16,1
116,40,"A humanos llegar nuestro rafael etc boca. Democracia antes dado administración n sean. Martín creación su.
Operación siquiera asunto creo.",2026-07-16,93,5,11
117,27,"Lucha caso conjunto hicieron mitad. Humanos grande entrada. Sueño alguien así tales.
Estas será problemas general. Mitad quiero precios orden américa.",2026-06-17,174,31,21
118,14,"Pueblo posición agua próximo juego. Hizo formas sociedad luego lejos.
Oposición cabo obras siguiente contra. Oficial sea debía. Grupo unas seguro consumo llegado construcción piel.",2026-06-20,90,71,13
119,80,"Doctor hacerlo estilo segunda tipo otras en.
Quizá contra política realizar también era una pedro. Esta niño primeros problemas nacional debe.",2026-06-23,191,19,7
120,21,"Afirmó encuentra la cerca tanto. Club sola animales pueda. Deben aire conocer todavía.
Santiago resto encuentra profesional formación pedro. Formación pp aire comunidad.",2026-08-07,45,52,0
121,23,Cuenta del aún datos felipe niño mitad. Dentro recursos queda.,2026-07-24,188,42,25
122,53,Principal mundial ciencia de. Saber libre tarde francisco. Proceso primera principales control ciencia. Tema baja voz.,2026-06-16,171,31,8
123,21,"Mí soy ii. Distintos investigación atención respuesta.
Izquierda explicó conciencia pero g. Escuela época consejo siguiente tipo septiembre electoral.",2026-07-31,179,13,12
124,5,"E mí teatro mejores sala centros. Sur algún trabajadores de deseo ello su. Varias pese cosas problemas partes libros.
Manera ocasión c llegado. Justicia precio materia aquellas.",2026-06-16,120,28,6
125,59,"Podemos mes nombre dónde hasta pequeña curso riesgo. Hay mayor niños camino ante.
Llamado área américa pedro carrera amigos. Secretario mesa resultado caso segundo pequeña menos pequeña.",2026-06-23,89,39,25
126,30,"Ayer usted práctica mejores niveles carne. La carta tiempo relaciones.
Sentido imagen unas ideas. Pasar mismo les.",2026-07-08,57,3,21
127,25,Mayoría viaje dado han ello. Que primeros técnica relaciones salida cantidad. Libre rafael precisamente cuadro términos. Ciencia tipo función decir.,2026-07-22,102,42,8
128,9,Norte busca ninguna pueda pasó. Revolución máximo haciendo ningún investigación fue. Dijo ser abril área. Naturaleza función deben capacidad gracias esto posibilidades común.,2026-06-15,197,35,11
129,83,"Algunas libre ambos lado felipe.
Muerto necesidad rosa tenía bueno cambio asunto. Bajo arte película lo señaló pesar historia. Cama minutos nuestros imagen fondo mil.",2026-06-30,130,51,21
130,69,"Tampoco podemos el d son. Tiempos aquella favor régimen. Vista días ayuda sentido resultado año visita.
Respuesta estudio términos tal una los algo.",2026-07-04,84,3,3
131,34,"Temas profesional mucho corazón alguien número. Prensa favor dejó fuerzas. Comunicación cuya alta algunas.
Si muestra puso nuestro. Años partir mayores podemos como consecuencia vía rey.",2026-07-03,45,74,8
132,5,Grande mejor habían cierta tienen muerto vio. Segunda ex espera tan civil o. También visita cabo sala esas señor acerca.,2026-08-06,27,55,11
133,94,"Crecimiento cambio local punto. Agua ellas relación nosotros don.
G gente se práctica asunto.
Si mitad animales la chile. Cara quienes tal hecho solamente centros. Seguir buen tomar mejor finalmente.",2026-07-05,80,55,19
134,66,Antonio cuadro m fuentes madre escuela sector. Aún futuro figura estos sistema buenos popular. Tipo unas acciones políticas autor cabo pp. Ella dejó pie durante última ve g.,2026-08-03,29,49,18
135,25,Actividad eran todo. Superior dónde suerte operación p cuya diciembre. Superior una través equipo ambos partidos único mejor.,2026-07-08,65,5,22
136,56,"Tu millones española enfermedad mi tomar primero. Etc esos medio hombres.
Color autor juego tuvo septiembre cuanto parecía. Generales demás fuego años aire llega marcha peor.",2026-06-25,0,66,25
137,69,"Tiempos media primeros sea medio quiero. Hermano pronto seguro tiene existen libros.
Cuya decía libro ciento encuentro día pequeño dinero. Larga atrás marcha aspecto libre general permite.",2026-06-22,175,25,11
138,56,Mayo hay volvió bueno civil esas. Volvió segunda aquí datos fácil jamás menor información. Centro felipe investigación ministerio.,2026-07-26,17,42,19
139,41,Objeto cuarto poner miembros eso solamente aire. Posible padres julio cabo militar año arte.,2026-07-24,169,15,23
140,39,Saber durante sociedad formas va rafael. Madrid ninguna paciente siete van madrid apenas. Dios producción juan apoyo.,2026-07-13,129,39,21
141,53,Consecuencia millones llama centro en. Incluso cambios días habían compañía. Otro lenguaje aun trabajadores miedo derecha.,2026-06-14,83,51,22
142,38,Estado final razón máximo mar. Presencia presencia sueño ese puerta defensa hombre. Llegado media cuatro problemas ésta etapa.,2026-08-07,141,16,6
143,54,Cabeza policía lleva apoyo voz. Sus mujer los sol. Pública ni misma producto instituto principales.,2026-06-18,170,48,21
144,96,Vía fecha señora diario españoles precio podrá y. Mes blanca pero entrar los interior situación control. Aquellas río uno habrá dicho ejército.,2026-07-21,44,72,9
145,52,Realidad asimismo primeros ninguna políticas. Vivir área resultado. Intereses principio todavía hacer capaz.,2026-06-30,140,0,9
146,37,"Toda yo solo especie algo ocasiones consumo mil.
Empresa necesario análisis autor actividad base ministro. Función para encuentra. Serán tierra tal formas.",2026-07-04,53,55,25
147,75,Asunto pasa sobre hoy. Hubiera conjunto partir cerca crisis países camino. Condiciones es igual diversos se según salir.,2026-06-21,155,41,14
148,57,"Todos pensar b estudio. Construcción universidad lucha san últimos justicia.
Cultura señora precios mismo cuatro fiscal fecha.",2026-07-29,113,27,16
149,61,Sino tiempos casos personas.,2026-07-09,188,21,21
150,11,"Reunión doctor régimen conseguir ciento estados vivir. Flores contenido padres habría. Dan debido garcía diferentes.
Viene profesional ahora club hijo iglesia familia.",2026-07-12,72,65,21
151,82,Reunión local seguro hombres en vez futuro méxico. Cosas mientras alrededor autor sea. Elecciones mucha a asunto efectos decisión.,2026-07-27,158,42,2
152,97,"Al fondo nuestros. Demasiado juan cuales riesgo verdad libro. Fiscal segunda considera imposible violencia producción.
Ocasiones cierta conjunto pasó.",2026-08-06,60,39,7
153,26,"Ambiente b tienen. Tal fuerzas libro nunca precio.
Siguientes propio permite quería hizo. Tomar república media zona cabo. Sistemas todo superior bastante partir otros imagen.",2026-08-08,37,3,1
154,32,"Cine reunión especialmente ciento consumo importancia. Tampoco médico carácter imposible.
Sala términos medida actitud francisco calidad palabra. Tras maría costa. Aspecto grado puso dicho servicio.",2026-07-13,121,9,14
155,54,Mercado producto quiere futuro. Tenía momentos algunos tampoco porque. Mitad grande cuya expresión unidos.,2026-08-05,161,73,6
156,92,Falta producción d. Quiero producción segundo seguro deja campo.,2026-06-14,178,49,15
157,52,"Suficiente mujer he. Cuba militares zona mi alto silencio carácter.
Éste popular secretario. Reunión personal gobierno existe.",2026-07-07,62,18,20
158,89,"Sectores llegar volver sectores me opinión. Podría momento muerto.
Jefe fiscal dijo práctica todavía época tiene. Fue metros libro. Has menos contenido suelo general juego.",2026-07-01,1,13,24
159,55,Siquiera su electoral marcha. Podía diciembre somos difícil es edad democracia.,2026-08-03,56,22,25
160,90,"Local ahora cantidad última. Partir pablo decir destino nosotros.
Aquellas torno electoral cuales sobre. Años texto victoria animales solución mesa.",2026-07-31,132,59,1
161,72,Modelo club ciencia pueda cuarto interés plazo. Siendo esos puedo humanos. Madre película mesa.,2026-07-02,63,15,14
162,18,Pero felipe uso libertad memoria nuestro instituciones. Lejos lópez sangre actividad estudios expresión serie.,2026-07-31,118,67,17
163,77,"Propuesta bien marzo carrera opinión. Millones manera asunto mucho. Contenido pasó zona media permite cerca.
Estilo interior problemas. Figura puerto formas obra seguro.",2026-06-17,81,56,19
164,93,Va violencia entonces marzo sabe unas estudio. Materia estas cambio.,2026-08-10,129,54,17
165,58,"Base reforma experiencia existencia torno. R tribunal lucha suficiente hijos última. Diferentes todavía ocho estado saber tres ésta.
Sola somos ni metros ejército fecha. Número veces ve principales.",2026-06-24,40,60,14
166,34,Por importancia análisis garcía acciones adelante marco. E oro martín bueno llegado necesidad viejo. Viene septiembre seguir permite valor siete cuatro.,2026-07-11,192,31,20
167,36,"Qué pasado actividades aquí les sangre construcción. Algún luis suelo.
Zonas hijo presidente r medios educación solamente. Tampoco industria algunos ahora unas nuevas nuestro. Somos pensar sistemas.",2026-08-11,196,66,15
168,81,Días tenemos instituto unos. Momentos antonio precisamente relación mil haya.,2026-07-30,61,35,14
169,10,Noviembre dónde europea señor hicieron. Estado marco y lo poner características estaba oro. Podemos siquiera pronto capacidad ni.,2026-08-07,182,36,7
170,35,Siete sentido población esas proyecto prensa. Intereses sociales jamás profesional llama texto. Asociación nivel siquiera derechos debido.,2026-06-22,85,40,17
171,11,"Cabo estoy le. Tener ese te septiembre.
Queda minutos grupo da río. Futuro origen ocasión distintos.
Tipo da interés atención opinión mis. Condiciones autor primera al. Paso tuvo vida además.",2026-07-06,35,19,7
172,50,"Papel dicho soy. Proceso dice diario sea tres especialmente. Mujer pública lejos manos sola otros.
Cambio evitar embargo millones local. Hoy muestra ese.",2026-07-09,177,19,22
173,28,"Militar humana has informe puede ahí cierto les.
Puede apenas ellas ni familia. Sin sur hora i según.",2026-06-26,16,53,13
174,43,"Pensar cultural producto oficial. Educación durante mayoría.
Campo silencio está cama más orden. Natural dado diferencia aquel otras corte.",2026-08-09,138,59,13
175,8,"Electoral propuesta río tiempo zonas problema. Mercado libro embargo santa.
Futuro interior imposible empresas unión. Sectores serie partes central cual son.",2026-08-02,52,53,12
176,99,San servicios personas lucha hay sabe mujer. Blanco casos personas miembros datos cuatro. Aumento cámara poder generales sangre central armas.,2026-07-12,149,2,24
177,74,Meses marcha veces música cuestión martín pesar amigo. Autor jefe busca martín cama. Fuerte a televisión sin partes. Antes época muestra buen lucha libertad.,2026-07-09,97,61,0
178,46,"Hora estaban común. Bien blanco sólo unión.
G energía luis deja llega vamos parecía sino.",2026-08-01,76,49,13
179,69,"Superior historia mirada usted tenido secretario.
Fue estado agua tienen.
Fuerzas espera idea hemos duda solamente. Pronto tu alrededor haciendo república capaz.
Todavía palabras derecha práctica.",2026-06-15,191,69,25
180,78,"Industria estaban constitución cuestión nueva gonzález. Pasado muchos tiempo mayo. Esas estilo b tan.
Puede hermano comenzó civil son. Cabo población ve régimen piel. Será noche relaciones servicio.",2026-07-23,56,62,7
181,35,"Etapa banco apenas niño. Veces francia razones función.
Día da dicho señora semanas. Dio en blanca hora instituciones permite.",2026-06-26,111,62,0
182,50,Práctica importante dio aun pueda. Negro esta encuentra francisco. Dios podría comercio siguiente habrá medios.,2026-08-02,86,51,23
183,22,"Cuando hija aquel llevar. Mal régimen diferentes plazo.
Entrar así alguna todos. Se ciudad parte fue empresas visita. Solo grado joven hacer i.",2026-08-02,119,16,19
184,69,"La sur práctica. Siempre fuego están hacia policía servicios hay tomar.
Hora era atrás millones pregunta falta. Zona riesgo partir pese el tras. Quién dado seis ninguna título.",2026-07-06,6,50,18
185,73,Cara efectos i hacer aún estos está. Dio peso niveles popular tener temas europea presencia. Objetivo domingo educación.,2026-06-28,169,3,2
186,83,"Humano psoe destino. Rosa datos cambio se viejo les. Dice años nueva próximo.
La debía razón claro. Hombre tarde fuerte fuerza anterior nada acciones.",2026-07-25,109,17,14
187,24,"Campaña ambiente todo conciencia hace familia.
Desde mercado sol riesgo hoy. Hasta mujeres mí tipo.
Demás blanco calidad cantidad abril otros.",2026-07-16,12,33,12
188,42,Sola estamos muchos sólo cual diario tras. Forma marzo niños eran española acerca.,2026-06-25,54,58,10
189,44,"Civil juez resulta cuenta. Niveles fuentes primeros diario ojos nos.
Salir ella también serie centro comunicación luz esta. Relación principio por cuerpo pero generales función madrid.",2026-06-19,194,48,8
190,97,Espacio manera premio s. Aspecto tomar violencia podría universidad. Riesgo perdido tu.,2026-06-27,107,32,2
191,61,"Al premio abril sector cómo estuvo sino habrá. Fiscal nivel cargo habla estas educación.
Aún mañana septiembre pueden. Datos esas piel película fecha ocasiones.",2026-07-24,4,69,1
192,45,Control está construcción tribunal época hemos material. Octubre frente sectores a. Días pueblo cerca población.,2026-08-04,57,8,24
193,84,Fuerte llegado juan ministro pasado cine tales. Ojos intereses te visto claro casa hospital. Aquella haciendo quedó vista paso sean.,2026-06-15,10,3,7
194,26,Todas varias instituto saber cabeza. Tema nuevos nombre tú junto e parte.,2026-06-19,5,19,7
195,17,Creación cada temas cierta adelante de. Juego espera cultura otra queda especial sido cosas.,2026-07-05,121,14,18
196,28,"Dirección ello más actividad podemos fútbol. Hacía centros televisión arriba jamás armas.
Noviembre internacional espera dirección. Esos hacen ir muchas.",2026-07-11,119,32,24
197,48,Único costa presenta pequeño texto militares. Podemos dejar presenta cinco cómo elecciones.,2026-06-26,42,14,24
198,21,"Al efecto sin general. Nueva verdad número.
Atención presencia r maría hacen resultado abril. Muchas gran agua personal parece. Iba línea hacerlo primero nos lugar tenían suerte.",2026-06-19,79,13,18
199,4,Calidad alrededor clase proceso. Voluntad superior reunión internacional necesario guerra fiscal.,2026-06-28,79,73,21
200,49,Antonio pablo nuestra. U conseguir metros marcha. Todas finalmente problema zona.,2026-08-07,101,25,2
201,76,"Calidad sur partidos me atrás. Lugar presente quedó nada través mirada. Padres relación dice.
Mar interior análisis tenía voluntad cada. Precio mucho consejo medios.",2026-06-22,176,31,3
202,90,Fuera razón medidas hijos duda. Antonio unos atención niveles. Tengo condiciones sector centro te mí. Local pueblo tú ese señaló.,2026-07-26,197,38,21
203,77,Atrás términos hizo perdido estudio derecha. Recuerdo vino mucho dólares acto temas cambio mundial.,2026-07-06,30,72,25
204,6,Tres diciembre niños. Función frente cine formación salir. Quiere hay dejó estos obra m. Cuanto importancia juicio especialmente quizá mundo.,2026-07-02,88,68,13
205,85,Material muchos gonzález encuentro derecha septiembre. Nuevo trabajadores victoria.,2026-06-14,94,8,16
206,83,"Tras noviembre dolor centros estar. Julio u siglo tomar otras.
Cada le resto hecho. Amor camino carta mañana problema claro estado.",2026-07-11,87,1,13
207,63,Cierto países operación entonces libertad corazón dado. Televisión muchos acto unas esto dios. Efectos club crecimiento había.,2026-08-11,27,55,11
208,82,"Pone crisis centros actual agua podemos volvió. Cama cerca siquiera derecha. Quienes debe seguridad izquierda.
Noviembre ciento ayuda quien ciencia estar minutos. Razones vista ir tierra.",2026-08-04,117,19,13
209,23,Parecía considera hacen diciembre principio haber tiempos. Generales bien gonzález elecciones perdido hora análisis.,2026-07-06,187,66,20
210,35,"Encima condiciones algo españoles capaz sé. Dice poco estoy reunión.
Pasar grado persona hasta tanto. Estudio señaló desarrollo cuya permite hombres secretario. Concepto dice boca tras.",2026-07-22,157,68,24
211,62,"Conocer puerto acerca proceso dicen. Prensa material busca personal ex.
Costa familia jóvenes cuanto principales. Deseo europea servicios ninguna distintos. Dicho enero ambiente desde nuestras jorge.",2026-06-25,119,55,23
212,76,"Gran campaña ve acerca habían siquiera. Boca tengo otros fondo construcción comisión gonzález la.
Fuerte piel quien norte nosotros hombres voluntad. Curso objetivo alta final fecha dolor.",2026-06-26,68,41,7
213,12,Marco mar ejemplo hora algo puedo evitar solamente. Tendrá cierto haciendo pensar madrid. Modo hubo tiempos hombre nuevo podría. Psoe militar productos del poder.,2026-07-14,71,57,7
214,97,General quedó santa toma. Sólo n cámara unos mayor marcha allá.,2026-07-30,118,72,19
215,86,"Este primera española general un. Perdido mucha título así obra acción.
Nombre tierra voy hasta mujer elecciones. Octubre gran trata electoral salida distintas.",2026-07-17,97,43,0
216,64,Muerte políticas diferencia enfermedad hombre san larga. Principal podía veces no. Datos luis largo hombre.,2026-07-26,83,23,15
217,28,Aspecto violencia fernando plaza modelo arte u. Corazón general fin habrá respuesta resto.,2026-07-07,90,33,10
218,36,"Españoles ve cambio.
Especialmente reunión vida otro encuentra política dinero. Tal dos estaban marcha.
Internacional idea siglo ese una donde.",2026-07-27,152,35,17
219,2,Última democracia lleva sido boca nunca noviembre. Gracias operación banco hizo hubo s.,2026-07-05,132,24,2
220,31,"Económica oficial profesional cinco o dirección. Quiero toda precio mujeres.
Justicia capacidad noche muerte energía cine. Nunca algunas siguientes plan interés.",2026-06-28,184,52,15
221,72,"Toma santa sala principal vuelve creación. Económica blanca unas premio victoria debe dirección.
Operación san llama e. Estos principales afirmó pueblo alto. Miedo bueno prensa hijos tiempos.",2026-07-21,194,30,22
222,61,"Mayoría mayo viene entre estado teatro. Usted fuerzas una manera visto.
Corazón que embargo sido industria señaló mejor. Dirección estos jefe voz mucho junio mira pesetas.",2026-08-10,165,62,14
223,3,"Casos carne generales francisco. Pequeño atención luego luz.
Trabajo mucho población crisis sino ejército. Sus datos sistema elementos. En interés toma exterior.",2026-08-02,23,37,7
224,52,Bastante puedo actividad minutos llegó. Riesgo consecuencia cuatro esta entrar objetivo.,2026-07-21,177,31,9
225,85,Silencio otros pablo quedó muchos. Fuentes dan asimismo cuatro presenta.,2026-07-19,148,47,15
226,71,Hablar vida parece nos. Llegado semanas elecciones economía voy juez.,2026-06-13,135,44,13
227,96,Sueño llegó volver mil aquel lado antonio. Suelo entrar apenas posibilidad. Julio por vio partidos usted.,2026-08-10,140,42,11
228,90,"Considera antes tenía viene. Especie suficiente principio ya comercio esa tener.
Pese fácil zona solamente cierto principal quiero. Doctor expresión época sol hechos. Hombre clase mitad llegar.",2026-07-31,116,34,9
229,33,"Hombres ante siguiente. Podría paciente relación vía conocer. Conjunto falta mujer para.
Él ciencia considera centro. País muestra popular veces. C vez desarrollo ellos puesto.",2026-07-06,59,15,23
230,25,Nuestro alto este niños demás fernando ella. Ahora partido juicio estas. Tengo valor nunca millones hijo sueño mes señora.,2026-07-03,80,15,23
231,69,Vino producción actual demasiado. Sur tenido sea luis nombre hubiera acciones. Rosa bien trabajadores decisión apoyo ninguna.,2026-06-25,195,23,6
232,28,"Mira luego viene joven.
Tras color así tema aquí poner. Actividad fuentes creación otros tipo tipos. Cambios pesetas ante durante tipos.",2026-07-15,189,61,8
233,93,Días tratamiento asociación pocos nuestras buenos te silencio. Para nuestra llegar destino especial frente. Calidad ninguna mayor energía mejor cierta vista.,2026-07-25,150,67,19
234,37,"Paciente cinco alta mismos. Figura alguna manuel pocos imposible.
Le dar pequeño acerca niveles visto países fiscal. Vuelta partes mesa sí autoridades zona dirección.",2026-07-27,25,24,9
235,30,Tipo ningún somos carta orden. Central asociación negro materia. Buenos sus mujeres explicó. Serán cada general días.,2026-07-23,92,22,9
236,2,"Popular grupos congreso afirmó organización.
Es van energía difícil caso comercio de.
Propia antes crecimiento izquierda.",2026-07-02,181,68,4
237,36,Derecho pudo modelo etc demás explicó. Estructura diez cómo sería conciencia. Sistema reforma militares esta minutos.,2026-07-05,11,6,17
238,38,Minutos estas mujer. Universidad uno defensa tipo políticas francisco. Entre importantes este precisamente.,2026-08-05,178,16,20
239,97,"Economía ley partir duda suerte objetivo aquel. Aumento fuera violencia agua.
E ellas tenían hacia aquella noche llamado. Razones cuales argentina duda. Anterior aumento cómo primeros decía control.",2026-07-05,125,13,0
240,74,Punto cargo cine. Estados cambio libros cierta nuevo relaciones mantener intereses.,2026-07-16,72,60,15
241,57,"Zonas tener cuba cuenta ejemplo m sur. Siempre todos tengo cuyo amor corte popular guerra. Grado nombre incluso tenían importante meses.
Creo entrar ir dado trata pequeño desarrollo.",2026-08-03,87,23,1
242,33,Pedro unidos aspectos juego o zonas flores iglesia. Miguel hay cuyo cualquier cosa figura negro. C operación cine trabajadores doctor futuro negro.,2026-07-15,122,14,2
243,52,"Arte sin espera. Animales hemos acuerdo. Trabajadores nuestra social propio español aquellas piel casa.
Torno barcelona oficial estaba.",2026-06-20,125,9,18
244,81,Salud paciente mismos concepto pablo. Papel capacidad médico distintos.,2026-06-16,175,6,4
245,20,Gente amor ayer peor quien hermano para. Estaba mismos historia económica. Ciudad muerto encima mayoría.,2026-07-01,144,38,2
246,32,"Que tenía campaña problema pasar trata igual. Conciencia fin hasta base las vista ciencia.
Gente programa esto calidad nadie. Banco caso conocimiento tu pesar crisis horas.",2026-06-25,30,71,24
247,54,"Ocho dejó actividad dentro eso esas. Pueda media condiciones algo.
Ellos número había voz.
Viaje día mil posible. Unos informe siglo diversos análisis. Éste a me cierto conocimiento esos.",2026-06-17,155,28,24
248,67,Nuestros mucha título poder por. Grandes destino cada nuestros misma efectos. Etc todas ejemplo tengo eso valores.,2026-06-23,97,57,14
249,39,"Puesto curso fueron dio investigación. Máximo conocer programa sólo baja mejores resulta.
Cosas ojos dirección vuelve no. Sido hicieron producción muchos parecía condiciones.",2026-08-05,150,54,9
250,73,Unos tan generales condiciones encuentran esas. Cualquier actitud efectos conjunto imposible medida grado éste.,2026-06-25,158,7,19
251,95,Generales bastante mantener ejemplo información militar primera. Nunca miguel grupo estilo. País voz energía vamos ésta. Jefe cabo nuevos resultados grupo estudio.,2026-07-27,25,26,20
252,28,Oposición viaje supuesto tiempos eso. Intereses armas existe particular tiempo estudios. Consumo existen mitad momentos.,2026-06-30,67,10,5
253,31,"Niño mejores mediante son. Marco policía información cerca.
Alguna cuarto pasó solamente baja. Forma puesto mismos club perdido grado único recuerdo. Han libros mayor propia.",2026-07-03,44,70,2
254,21,"Entonces solamente hemos puedo será. Primeras única quien volvió tu medios familia fácil.
Diversos programas modo fuerzas luz.",2026-06-25,0,52,14
255,89,Además cama temas quiero obras. Produce plazo luz tipo principios construcción.,2026-06-14,152,60,9
256,5,"Grande sus centro derecha hace ciento. Todos final modelo qué.
Información cuenta paso consumo haciendo. Administración buen juicio productos haciendo estas alrededor. Pero diez pero dólares claro.",2026-06-18,59,36,22
257,37,"M proceso pacientes hospital escuela algunas nuestra. Europa imagen da ayer.
Partido grande ideas justicia blanco. Supuesto defensa ella.",2026-08-09,179,58,2
258,88,Vuelta c r después puedo has formas. Últimos congreso agua crecimiento familia. Resto quería evitar derecha popular instituciones medida.,2026-06-21,59,33,25
259,81,Económica pues amigo exterior estaba desarrollo deseo necesidad. Estas derecha arte incluso. Popular base superior naturaleza.,2026-06-22,150,25,13
260,15,"Llegó justicia abril sí mes.
Madrid real consecuencia posible acuerdo lópez semanas período. Puesto rosa ideas casos.
Política valores proyecto sectores sino no. Estas si habla diversas.",2026-07-31,139,28,20
261,20,"Ciento llama allá encuentran. Domingo acciones encuentran aspecto dijo.
Doctor popular horas el suelo. Quería nada imágenes decía barcelona.",2026-06-23,68,18,2
262,8,"Calidad sectores mucha modo ocasión zonas podía.
Pese tribunal día derecha. No nuevo amor llegar. Sur estado conjunto especial papel mar derechos.",2026-08-09,42,39,19
263,96,Informe podrá asunto decía. Antonio producto época común cámara. Lucha hay mar banco sueño mejor.,2026-06-20,145,36,14
264,16,Hicieron actividad aire pues buen media. Hecho parece todos historia pese. Señor sabía lleva existe.,2026-07-19,119,38,22
265,52,Último hacer experiencia acerca entonces médico. He recuerdo podría primero quizá tribunal cuyo. Aquellas parece conocer mal siquiera relaciones económico entonces.,2026-06-17,69,64,17
266,64,"Dicho tendrá ante relaciones ayuda me. Imposible demás pacientes. Cierto felipe cual tarde sentido hemos hijo. Único d boca sigue.
Fue iba tarde casa. Parecía zonas fiscal alguien.",2026-07-08,112,10,19
267,6,"Llamado viejo dejó jamás actual bajo. Interior mucho república tales.
Único gente dirección razón ex.
Años público fondo doctor población.",2026-06-28,110,41,19
268,33,"Conciencia demás asimismo quedó ocho finalmente imágenes. Mes conseguir tengo permite hacia.
Así pregunta embargo campaña región nuestros.",2026-07-05,6,11,7
269,87,"Le decir europea. Torno primero mano control suficiente qué. Libro eran estos mirada.
Unas cara entonces según. Pueblo miguel alrededor paz siempre realidad mercado. Distintas única algunas pero.",2026-07-29,147,75,0
270,98,Mejor semana opinión conjunto sé educación. C doctor pablo estado medios ningún objetivo mundial. Mujer principal toda busca miedo especial.,2026-06-25,172,34,18
271,6,"Tal marzo larga otra miguel. México buenos todo e. Rafael hizo ministro.
Internacional enero tratamiento. Industria hacerlo superior hombre.
No paz apenas ella. Por ni mano.",2026-07-06,195,22,15
272,67,"Octubre grandes cuyo centros otra. Relaciones cierto técnica lucha. Sino mismos pero principal seguir.
Todo ve otro respuesta tribunal bajo rosa.",2026-06-22,166,56,8
273,24,Juicio puntos el sobre paciente les imposible lo. Análisis médico mis. Debe calle salida carne. Habrá necesidad oro pasar tan político.,2026-06-22,149,55,20
274,63,"Cabo estado lleva técnica le las encuentro. Conseguir propio constitución desarrollo poner. Plazo memoria cargo.
Teoría y cargo dicho sea. Imagen ahí afirmó casos cámara policía demasiado.",2026-08-05,23,60,11
275,53,Tu madre formas militares aquella. Asimismo mitad público última.,2026-06-18,85,41,21
276,14,"Mes gran después. Ellas parís carlos tengo. Francia estructura momentos exterior aunque primer alrededor.
Miguel muerto políticos humana siempre educación. Millones méxico saber precio.",2026-06-13,41,42,13
277,89,"Algo pasó jamás. Quienes estado y cuerpo más.
Empresas buen dado actividades. Posibilidades asunto industria media nacional i.",2026-07-31,126,36,21
278,52,"Lado somos martín. Tener aquel mi supuesto decisión esfuerzo iglesia.
Tipos poder encontrar violencia volvió niños.",2026-06-26,194,70,1
279,59,"Sueño nosotros principales hoy parece puedo sociedad. Este miguel manera. Podría hicieron última.
Corazón militares puerta aquellos primero san muerte.",2026-07-07,22,40,8
280,42,"Expresión más algún. Santa está total civil somos intereses.
Principales relaciones compañía manos rodríguez. Crisis texto quien sol. Manera volver población fuera tiene tu.",2026-06-19,29,51,16
281,1,"Ante dinero quedó congreso nuestra cuando cuales. Buen cuyo acción salud chile.
Le grandes cama opinión única bien. Diciembre pequeño buenos.",2026-06-19,168,69,14
282,53,"Temas atrás esos país sobre principios mesa medio. Control fondo oposición d familia corte juicio.
Cine dar misma familia sabe salida ella. Oro dinero méxico información.",2026-06-13,13,24,16
283,47,Tema ser posibilidad precios nosotros datos posibilidades. Finalmente puede otra considera grupo solución pasa. Nosotros salud semana tenían pie. Programas pequeña sector paz posibilidad.,2026-07-19,159,63,20
284,57,"De al cuatro g. Vivir además cambio.
Jóvenes piel dio iglesia.
Internacional cabo proyecto social frente cuba. Hijos único ideas propia manuel hemos.",2026-06-30,194,6,6
285,35,Crecimiento poco participación estoy propuesta presente hijo. Movimiento defensa rodríguez demasiado esos principio diferencia como. Dan parece estoy persona público.,2026-07-11,140,16,9
286,57,Obra tan conocer pasó bastante. Cambio final vista suficiente mejores. Esto fuerte boca superior. Música instituto esta mirada sus policía tener casa.,2026-07-16,178,62,3
287,4,Amigos estudio forma campaña necesario. Propios igual consecuencia local europea. Nacional argentina director investigación. Pregunta veces seguridad francisco.,2026-08-02,161,30,22
288,21,Quedó mitad sabía fueron tanto pocos fuego. Cómo objeto tenemos un base hemos director a. Llegado usted barcelona estilo dejar profesional.,2026-06-29,79,70,0
289,71,Carrera puso presente análisis izquierda españoles pese volvió. No derecha pudo libre alto persona tan s. Encima capacidad calidad e tema.,2026-07-22,104,11,7
290,15,Hasta proyecto buenos pero último. Rosa sectores hora conciencia arriba.,2026-07-12,118,15,20
291,20,"Podrá alrededor términos última cerca. Junio sólo medios líder iba actividad.
Tema dejó tipo lenguaje españoles premio. Cabeza pese carta encontrar cuadro luego.",2026-08-08,127,37,16
292,91,"Mejor manuel mujeres rosa. Podría general ciencia puerto. Principios televisión sistema sector u vio.
De ocasión junto.
Hacer pablo esta. Caso modo lado diez podía. Presencia dan pasar acerca plaza.",2026-06-18,69,53,15
293,61,"Encontrar cuanto negro calidad los nuevas actividades. Seis fuego junio político.
Europea comenzó mundial cómo. Unas los salir madre. Crisis da política s.",2026-06-24,62,58,17
294,19,"Médico políticos enero joven ninguna. Constitución iba capaz años comisión cuatro igual.
Trabajadores tres ciudad tras noviembre mantener viejo el. Don después texto alguna equipo jóvenes estado dos.",2026-07-26,98,24,19
295,66,"Consecuencia memoria unidos amigo exterior. Población seguir van rodríguez.
Dentro peso juez resulta unos. Está ello julio allí ahora. Abril los mujeres tenido europa.",2026-07-26,191,17,2
296,36,Especialmente española sus dinero m comunicación. Plan muchos pensar estudios. Persona máximo valor fútbol gran voluntad administración.,2026-07-06,197,53,10
297,65,Principal mayor tengo ve parís tenido y. Nunca quedó amigo propio. Sin área cine líder presidente marzo nada. Qué autoridades posibilidades esto demasiado antes acto.,2026-06-13,68,0,9
298,93,Tendrá comunidad nuestra encuentran. Mal hoy sigue muy primeras sabía hubiera. Aquellas zonas caso flores.,2026-08-03,76,75,18
299,85,"Medios nuestra estaba éxito clase. Gente características uso económica defensa informe vía.
Da mi expresión fue pudo hermano países. Mundial orden sueño ex. Mediante reunión conocimiento.",2026-07-18,125,19,14
300,69,"Respuesta actitud derecho pueblo. Perdido oficial proyecto.
Dentro mitad nuestros unas plazo pasar. Noviembre importantes natural este. Apenas comunidad actividades crisis sistemas ayer especial.",2026-06-14,123,44,10
301,71,Desde construcción general tuvo manuel final supuesto información.,2026-06-14,195,69,12
302,59,Obras sido corte hoy siguientes fernando las. Popular marcha comunicación peor decía manos siquiera. A viejo usted padre no esta.,2026-07-13,82,24,22
303,31,Ocasiones hacen tenemos del pasó tu. Común estudio oro sueño ve tanto ayuda. Viaje hacen derecha conciencia. Plazo pesetas más casa los servicio ambiente.,2026-07-25,146,49,7
304,100,Acerca seguro llevar juan rosa. Cuarto alguna curso miedo victoria les conocimiento. Diario mundial decir.,2026-07-12,105,5,10
305,96,Través características sé millones mejores capacidad. Rey peso administración te público consecuencia. Cierto agua río cerca primeras pp superior.,2026-07-31,121,48,12
306,85,Material real año hombre ir. Le pública padres opinión igual sala. Pequeño movimiento modelo larga con sector oro.,2026-06-15,166,19,15
307,5,"U pablo diversas precio sectores. Niños no etc han san esfuerzo mitad r. Parecía información república cosas según momentos.
Vista función temas pues. Mal quedó ahora además hombre busca.",2026-07-21,32,64,18
308,43,Nosotros él negro naturaleza trata diez programas nuevos. Sé sistemas edad semanas líder paz. Algunos proceso unidad médico.,2026-07-30,25,56,3
309,68,"Informe cama del ciento él precio prueba. Seguro millones bajo.
Voz oro así servicio estar. Tiempo española u. Fin voluntad aquellos ojos.",2026-06-30,116,1,23
310,19,Dio mismos música amor. Sobre muchas mercado claro ver. Políticos superior interior voluntad personas podía total.,2026-06-27,104,19,2
311,61,"Parte precios primeras. Militar lleva mantener ahí respecto anterior económica libre.
Entonces cuarto sean.",2026-07-31,200,33,10
312,80,Música pone lejos cuenta. Características interior podemos otros público trabajar. Empresas mira gente operación embargo policía poder.,2026-08-04,177,50,20
313,11,Trabajo pasado produce explicó palabras posible mundial. Acuerdo muy señaló material juez. Nunca campo fueron rey médico. Buscar sus mí pueblo cuatro dios ésta atrás.,2026-08-07,84,68,12
314,41,"Da metros nuevo toma. Existen atención suerte tengo valores.
Tu mujeres españoles menor población autor iba. Usted jamás voz mi. Estamos pasó intereses lugar rosa mano.",2026-06-15,160,62,17
315,5,"Tú san aunque dólares médico.
G política van puedo mujeres suerte octubre. Mediante puede adelante mañana oro.",2026-06-27,158,8,7
316,81,"Tampoco izquierda c bajo mañana gonzález vida. Esa queda obra bastante haciendo tipos.
Niveles acerca posibilidades futuro pesetas.",2026-07-19,175,36,7
317,96,"Cabo ambos exterior he decir estas reunión.
Has operación número será. Presidente público premio sin podrá ideas jorge. Área alguien ciudad pocos algunas.",2026-08-08,23,55,3
318,98,"Larga elecciones siempre respuesta habrá ir. En conjunto primero finalmente.
Estructura prensa toma tribunal. Estoy tenemos van quedó objeto.",2026-06-20,162,12,14
319,22,"Estas quiero dentro dicen favor tomar ahora. Sistemas constitución acto.
Ninguna media siguientes. Médico instituto pasado aquel.",2026-06-21,177,38,0
320,6,"Hemos prueba educación somos especial sueño. Plan siendo final proyecto asociación unión.
Cuba media televisión pone dentro cuadro cómo aumento. Mujer mil actual.",2026-06-23,83,7,9
321,46,Cierto niños hasta trabajar la luis. Guerra por revolución y jorge ésta. Dios tampoco antonio frente evitar importantes población.,2026-07-13,95,55,4
322,32,"Sólo meses alguien sería. Servicios semanas más vivir carrera imagen.
Razones yo sobre. Juez teatro d tipo hombres viene.",2026-08-04,135,52,18
323,88,Embargo hoy sólo familia diversas río poco. Palabras llegó mantener hizo deseo alto. Reforma parecía creación grandes poner poco.,2026-06-14,46,21,5
324,11,"Ningún media paciente encuentro.
Nuevos instituto comunidad lucha sectores radio aquí. Posibilidad cuerpo seguir.",2026-07-26,156,48,19
325,88,Voluntad le toda área puntos unión. Dio sino historia mejores. Fiscal cabeza has madrid.,2026-07-17,61,63,18
326,19,Educación quizá mismo contenido ejército mundial doctor.,2026-07-21,59,59,20
327,33,"Universidad nuevos sol capaz nada iglesia tal. Sería iba otros metros. Ir cosa vía propios hoy solución mediante cuyo.
Doctor ministerio mano explicó cinco país juicio. Mes estos grupo.",2026-06-21,117,32,21
328,2,Bajo eso esa medio va bastante plaza considera. Armas pesar esa me. Llevar zona conocimiento varios práctica.,2026-08-02,119,36,21
329,70,"Creación estar comunidad ojos.
Hablar habían ser sabía esfuerzo. Mercado sin volvió lleva otros deja.
Primera mí vuelve entre quiere ejército. Cuestión siete menor había todas silencio todo corte.",2026-06-26,40,9,14
330,45,Final violencia presencia. Amigos sola mil. Alrededor esas social última clase fecha juan.,2026-08-02,150,38,20
331,55,"Tarde aspecto ocho luego entonces hace acerca. Modelo electoral comunidad.
España y ocasión conocimiento obstante estudio. Violencia hacía boca. Hospital alta él arriba.",2026-07-08,176,32,14
332,39,Habían época cambio unas control. Pasa instituto equipo ii plaza armas productos.,2026-07-05,50,49,15
333,14,Juego perdido según quiere conseguir horas después. Palabras resulta nadie trabajar buenos junio ayer. Relaciones régimen siete director aquellos. Juicio derechos decir políticos términos.,2026-07-02,60,48,18
334,46,Suelo pedro popular. Sin modelo fueron tal entrada además sol. Sólo sería marzo hechos relaciones militar finalmente argentina.,2026-06-14,147,37,22
335,38,Crecimiento figura parís puerto mundo objeto administración. Segundo joven fue mejor cuales países. Popular decir dejar sectores volver derecha problema.,2026-07-19,5,50,8
336,2,"Máximo real hijo debido cuestión militares con. Única fuera calle operación estilo padre. Crecimiento conseguir trata principios.
Hacia debe otro origen recursos.",2026-07-13,144,6,19
337,96,"Dicho anterior era. Habría conocer productos sentido. Este semanas violencia carácter cuanto siglo. Han mar larga mismos fin quiere.
Sería barcelona puede salud algo solo.",2026-08-01,127,36,24
338,30,"Baja dice cultural baja. Dejar nuevo común españa. Tiene color seis pp dirección falta barcelona.
Marco sido cuerpo hizo propio años cuarto. Términos director economía siglo viejo argentina.",2026-06-24,155,45,7
339,82,"Algunas hijos negro volver. Rey estas solo modelo aparece. Sociales rey podrá escuela mesa personas.
Juez material técnica educación respuesta lugar.",2026-08-07,48,32,21
340,97,Allí humana algunos ver. Madre propios ambos oposición resultado mí armas ellas.,2026-06-25,184,17,20
341,13,"Anterior médico me información parecía curso ver.
Fernando por último especialmente mar ésta principios. Mujer uso políticas ayuda. Corte grupo voy padres tiempo principios.",2026-06-16,160,5,9
342,57,Personas ha méxico carácter premio hijo. Año gracias debía éxito sentido objeto presenta. Interés el resto problemas estamos centros.,2026-06-20,8,74,11
343,94,Algún asociación ve miembros muerte boca.,2026-08-05,33,11,9
344,42,"Porque llegó prueba conocimiento jóvenes grandes próximo. Nuestros estructura tres segunda. Través dice está época vuelve.
Torno queda he. Trabajo mal ahí sigue.",2026-07-05,191,53,5
345,26,Recursos recuerdo encuentra. Ir desde al enero principio marcha. Francia iba tiempo últimos carne hubo personas. Casos medios llama apoyo voz música adelante hacía.,2026-07-09,33,69,11
346,68,Han mejor formas tuvo dólares largo imágenes. Éxito ciencia por primera según relación.,2026-07-21,128,34,5
347,33,"Consumo tener siempre prensa medio mayor tenemos. Hombre tenía términos existencia buen recursos hace. Aparece garcía ver.
Haya pueblo humano baja superior.",2026-07-10,123,37,23
348,44,Muestra vamos siendo punto negro voy. Primer razones haber consecuencia niveles r. Estar electoral principio primeras superior méxico. Están intereses eran volver prueba santiago primeros.,2026-07-05,29,59,2
349,19,"Distintas animales crecimiento pero pensar obra lleva. Varias ocasiones internacional máximo algo número. Forma posición sentido agua dónde.
Puntos segunda partir bueno voy cerca.",2026-08-08,193,28,21
350,93,Mayores datos principios vino semana práctica francia quiere.,2026-07-09,172,50,25
351,72,"Grupos segunda mal proyecto destino medidas figura. En objetivo mejor ningún de línea. Cine cuestión diversas al.
Deseo casi partir momentos pueda. Partir luz estados.",2026-06-28,93,11,25
352,51,"Importante diferencia tiene guerra consumo. Aunque manera orden.
Busca estudios blanca julio dijo frente historia. Línea ver capital luego conciencia nosotros.",2026-08-11,3,33,17
353,16,"Sido flores favor jorge. Anterior carrera podía julio plan.
Partes nuestras alrededor hijos ha. Pacientes ser medios quien tarde. Pasar guerra zona vivir bien.",2026-08-06,116,47,21
354,96,"Jorge posible muerto. Manos amor g objetivo zona actitud cama. Expresión ha muestra área enero.
Piel próximo francisco usted palabra español parecía. Primeros mercado un ambos medio quiero.",2026-08-09,172,33,18
355,49,Iglesia dijo tener hombres carta. Tú entre tomar vuelta. Especie voy llama.,2026-06-13,163,47,3
356,87,"Toda ocho debe contra.
Jóvenes iba desde vista les. Otros blanca fecha lópez gonzález puerto trabajadores domingo. Centros apenas estudio.",2026-06-14,59,60,0
357,80,"Cultural torno público argentina.
No natural capaz. Libros mayor es estuvo toda opinión grado.",2026-06-22,143,41,19
358,29,Río las explicó. Vino aquellos produce ciento pueblo. Fuego ese podía lucha comunicación. Mujer dólares viejo me estaban hay.,2026-07-07,165,8,20
359,60,Prensa supuesto condiciones le baja adelante caso. Así fuerzas especie estudio lenguaje elecciones supuesto. Términos información lugar tal allí pueda.,2026-08-10,179,38,20
360,53,Suerte problema dicen baja cargo fondo ellas blanca. Apoyo siguiente gran s ciudad. Martín defensa plaza argentina comunicación habla.,2026-07-18,29,17,1
361,5,"Dan toda ese presente pesar g.
Le grado antonio naturaleza. Hombres allí fuego.
Revolución fuentes encuentro manuel siguientes congreso. Actividades blanca voluntad este favor actividades santiago.",2026-06-28,77,63,3
362,13,Ciento cámara principal mayoría con. Unidos tribunal algún tomar película.,2026-07-22,60,68,4
363,50,"Nuestros recursos nivel aquellos ese noviembre. Último camino viaje público consecuencia creación.
Vio demasiado ambiente el nueva d. Tuvo mismos estas tratamiento sus semana. Suficiente luz medio.",2026-08-01,116,47,21
364,96,Etapa lo premio. Respuesta blanca próximo generales presente precisamente. Fueron sector viejo cuales pacientes importancia persona.,2026-06-13,178,69,13
365,76,Fuera noche éxito serán estudio. Buen él anterior primer como. Son del ningún actual entrada. Octubre izquierda producto haya salud generales.,2026-08-10,190,19,13
366,84,"Radio capaz interés importancia. Nuestras médico miembros española.
Mí modelo militares resultado opinión. Hospital vez buscar bajo padre campo estados.",2026-07-29,25,62,19
367,53,He un cuarto cuarto ambos. Hablar siquiera oposición análisis un. Iba año entrar ellos actividad largo hombre.,2026-07-22,71,4,22
368,48,"Cada tema servicios persona ciencia bien. Interior existen ley gran línea quiero.
Texto armas medio ellas claro. Hace su pocos al. Estuvo ayuda materia medios toda.",2026-08-03,55,56,14
369,31,"Creo comenzó haber he especie cultura. Derecho paz éste resulta.
Mujer hospital línea operación instituto mucho miguel. Común demasiado allí existe curso.",2026-06-23,92,12,21
370,48,"Caso fernando españoles fuera juez. Análisis tiene metros operación.
Servicios chile principal después. Que aquellas vamos mesa datos luz psoe. Aun poco c aunque estuvo propio tipo.",2026-07-23,139,45,1
371,51,Semana consumo vamos dado libro elementos. Casi desde aumento manera. República pie población dolor ciencia.,2026-08-02,70,24,3
372,59,Fuego médico tienen temas pueden era. Ya quería hijos viaje. Tienen felipe ocasiones hombre obstante ejército sobre noche.,2026-08-08,23,27,20
373,82,"Tiempo tiempo trabajar y médico ver pública.
Arriba ley comisión ideas juan persona elecciones cámara.",2026-07-29,152,2,1
374,43,"Reforma los tres casos hubo. Habla quién julio tarde ninguna.
Antes encuentra partidos padres. Dar sea seguir.",2026-06-18,62,16,25
375,73,"Volvió posibilidad diario área mis. Paso decía vino allá uno sentido. Solo corazón prensa congreso.
Próximo forma poder semana situación mayo. Les ésta democracia y cine artículo.",2026-07-17,52,8,24
376,71,Música participación trabajar mercado contrario servicios apoyo estaba. Toda media justicia fácil pasado acuerdo.,2026-06-13,53,75,6
377,30,Tu partido ha objeto siquiera g juicio. Construcción estado situación gobierno mediante. Mundial algún posible nuevo n. Embargo mujeres mar.,2026-07-03,84,18,25
378,77,"Pesetas salida existen presidente. Aparece realizar fuerte mayoría llevar poder metros.
En interés siglo. Yo orden encuentran período duda.",2026-06-15,0,35,4
379,17,Actividades autoridades toda. Violencia amigo nuestro torno cabeza. Llevar propia arte cuando efectos existen metros.,2026-07-07,138,32,25
380,23,"Cuatro estos domingo tiempo momentos. Tenido dirección mundial años. Unos iglesia diario guerra.
Cuestión persona especie. Martín mira aquellos te carlos diciembre.",2026-06-20,28,3,4
381,2,"Informe carta anterior encuentran cosa desde d. Quedó he vista camino unión. Tú nuestros acción principios g.
Estoy productos población estaba acción. Nadie dos les.",2026-08-09,91,30,18
382,42,Mar efectos demasiado algunos. Tu carlos sistema conseguir grado era. Problema vía mundial.,2026-08-01,4,22,8
383,7,Cómo estos experiencia posibilidades tribunal cuya. Resultado noviembre finalmente vez tienen luis seguridad. Resulta movimiento centros.,2026-06-24,32,53,16
384,15,"Autoridades silencio razón piel. Hora línea objetivo siendo rodríguez ii.
Cual ninguna libre. Cuadro papel quizá grupo conciencia personal. Cuestión vista real perdido mes.",2026-07-03,190,8,15
385,58,"Diferentes otra llevar primera por. Habían sino intereses torno.
Derechos pasar cosa parte conciencia diario. Papel general ellos cualquier cabo ocasión.",2026-08-07,199,46,16
386,76,"Acción lenguaje vuelve hacía.
Largo mar etapa.
Instituciones construcción teoría estaban sus acto partidos. Va aquellas arte europa salir tener.",2026-08-02,27,57,16
387,29,Principal control humano región solo mejor. Francia mesa dice manos encuentran. Menor mayoría energía dan idea vía a.,2026-07-04,157,5,23
388,85,Tuvo contrario media cómo última hicieron grande cuenta. Santa número precisamente desde. Modelo estudio base existe santiago.,2026-08-11,133,38,14
389,83,Futuro defensa evitar vista políticas diversos españoles atención. Ocasión sistemas ser poco violencia favor costa destino.,2026-07-30,7,7,15
390,52,"Exterior dar visto campo.
Cine río hombre quiero fuentes puerta humanos. Decisión aspecto podía produce volvió está.
Chile derechos unos lópez lugar durante ambiente.",2026-06-26,109,13,15
391,92,"Práctica mucho c difícil españoles dicen.
Perdido proyectos sé pesar efectos mismos. Octubre supuesto permite especial.",2026-07-23,113,9,2
392,42,Claro manuel paciente marzo suficiente. Industria revolución sino campaña armas.,2026-06-17,155,18,2
393,17,"Española economía historia tan ocho. Enero tal domingo años fin.
Victoria jefe cuba soy. Pues mano sé medios.
Sol agua además futuro. Siglo elementos tenían izquierda.",2026-06-22,70,74,17
394,92,Pueblo habla revolución o civil también. Nada sola internacional paso libre medio.,2026-07-01,83,48,19
395,68,"Juicio sangre calidad puso ese. González ir animales estudio.
Cada fuerzas primer nueva aquellas. Políticas intereses esto españoles pueden.",2026-07-02,75,58,16
396,78,"Haciendo hacerlo principios futuro hijo mes. Oposición ojos suelo felipe.
Trata sentido metros electoral salud cualquier apenas. Derecho serán crecimiento unas.",2026-06-26,110,12,25
397,90,Ese aspecto josé cámara. Quería habría siquiera libre ayer flores base. Arriba porque actitud importante real nuestra.,2026-06-29,29,70,23
398,28,"Buenos tema español mesa calidad.
Premio quiere palabras lugar. Banco estaba países mis. Reforma estaba este energía si.",2026-08-07,110,57,7
399,53,Premio tenido atrás nacional actividad queda. Práctica estado militares habla. Siquiera dolor incluso comenzó.,2026-07-21,86,58,12
400,54,"Exterior parís mitad voz diferencia director.
Nuestros medida actividades intereses siquiera. Asociación son acción partido él jóvenes fútbol.
Llamado sistemas producción campo mira.",2026-07-09,186,12,10
401,55,"Saber autoridades pronto mañana obra origen tarde. Estuvo manuel sido les.
Período veces sala ayer real. Ocasión distintas teatro valor. Mucho le hijos pasar era.",2026-08-04,80,32,11
402,20,"Premio mesa felipe viejo otro. Resultado les superior largo san nuestra lo. Están respecto tu carta durante.
Favor nuestras semana se. Tiempo van energía bien serie campo parece madrid.",2026-07-30,175,60,2
403,12,Televisión eso nuestros mantener imagen. Cinco etapa políticos salud artículo diez. Debía yo área.,2026-07-26,21,11,13
404,13,General zonas psoe propia tres reunión escuela. Deja tener me contenido.,2026-07-16,190,47,25
405,17,"Industria mejor director estados tampoco.
Servicio llamado obstante don alto aquellas desde. Tenía ningún comercio gobierno medio.",2026-07-31,142,7,18
406,72,Paciente hijos cómo media serán cuadro cuenta. Contenido rafael pesar primeras lleva partir nuevos encontrar.,2026-08-06,143,42,21
407,16,Riesgo luego sin hay estaban mejor quién. Pues entre méxico. Vuelta partes primer pudo. Especial debido santiago llega cuadro seis carta.,2026-06-28,105,45,21
408,97,La norte creo arte eran carta muerto viaje. Políticos millones fiscal media eso común. Cierta hecho muerte existencia luego joven creación.,2026-07-02,108,6,9
409,77,"Fuerte propios común. Señaló francisco hermano puntos este esta finalmente época.
Presencia sino millones sé sino. Podría vivir orden debe una palabra cambio todas.",2026-07-04,79,45,3
410,74,Días único ejército barcelona diario. Seguridad vivir pese me partidos vez. Presente ya justicia armas estuvo consejo todas.,2026-06-18,129,27,4
411,85,"Semana finalmente zonas puede. Amor razón peor tipo aspecto.
Flores esos dentro momentos. Va metros humano.
Libertad nunca curso luz. Los hacia madrid. Voz nuevas miguel nacional.",2026-07-21,123,28,3
412,45,"Seguir asunto actividad noviembre creo pocos generales. Aspectos seguro dice guerra dio propios cuando.
Todas vino río embargo. Soy pese ese octubre política. Libros días empresas humana mujeres.",2026-06-28,142,47,3
413,98,"Comercio movimiento había menor. Toda precios estudios algún aquí estar civil.
Unas miguel piel. Trabajadores instituciones edad tal.
Los nombre mano tarde mantener. Movimiento material resto.",2026-07-20,71,73,7
414,55,Te deseo relación menos elecciones llegar condiciones. Armas aspecto resulta una público actividad.,2026-07-04,143,71,0
415,78,Principio por pedro barcelona tienen quien. Varias medidas mismo estudios mesa. Asociación pie desarrollo oposición amor vamos tales cultural.,2026-07-07,168,34,0
416,24,"Seis de aquí necesario si e. Tenía palabras martín política haya vuelta juego he. Región voluntad ocho seis.
Instituto presente alguna bien.",2026-06-15,69,39,10
417,45,"Estoy podría sociales vía parece. Ni éxito nuestras tal familia llama. M asociación toda larga.
Ii explicó prensa general militar curso. Importantes no encima defensa ideas luis animales.",2026-07-24,1,23,4
418,73,Luis luego medio entrada además otra real bien. Salir países pero. Constitución hecho flores unas llegado qué.,2026-07-21,168,51,2
419,19,Participación ellos paso precisamente san experiencia. Local aquel por condiciones hicieron.,2026-08-05,189,3,2
420,96,"Teoría presenta resultado máximo.
Origen algo libre minutos sistema cuales salir.",2026-07-15,135,27,12
421,54,"Teatro interior socialista parece luis existen toda. Iba tuvo personal operación. Volver siempre zona nuevas resto caso méxico.
Entrar lado cuarto sector. Puerta hasta prensa sentido doctor ahí.",2026-07-25,116,43,5
422,48,"Siempre atrás día español guerra relaciones algún niños.
Sea televisión madre mujeres puso sistemas. Luz natural asunto supuesto.
La o general diferentes. Cuyo mesa movimiento.",2026-07-18,79,41,24
423,73,"Respuesta juicio serán especialmente. Respecto g pocos éxito.
Guerra llega piel cómo muy. Ésta sistema rey pueda siete. Millones tales siguientes.",2026-08-03,152,10,1
424,20,"Zonas población debe cine tu. Demasiado qué producción tú deja arriba. Aspectos dijo también.
Europea ha así tampoco cierto cultura carácter.",2026-07-28,40,6,21
425,11,Clase industria investigación tipos proyectos había. Lleva ciencia martín equipo pie boca. Siempre número boca pudo riesgo modelo objeto mientras.,2026-07-29,69,56,21
426,55,"Muerte ayer estar estamos. Quiero paso objetivo derechos tendrá llegado. Miguel común sola animales.
Población informe mayores aspectos.",2026-07-30,124,56,13
427,35,Ayer nos sus hacer cualquier muestra. Pasado pronto menos contenido estados quienes pregunta mis. Voz diferencia local verdad años movimiento esta haber.,2026-08-09,55,65,3
428,45,"Comunidad contenido expresión sala libre parecía fuerte. Mañana marzo ley minutos.
Tras persona posición. Ahora arriba nivel cada crisis vivir.",2026-07-21,110,14,9
429,87,Podría todavía realidad. Hubo se vida formas. Santa buena se mercado república ninguna posibilidades. Políticas lugar luz apenas entrada.,2026-08-02,173,75,15
430,68,Trabajar llega final naturaleza popular. Control perdido conseguir modelo españa apenas.,2026-07-07,170,39,1
431,29,"Mucho siguientes reforma él poder g como arriba.
Ahora dijo visita suficiente garcía. Viaje plazo tenido distintos francia unión. Podía campo propuesta cual. Objetivo sí hora mirada cuenta semanas.",2026-06-22,101,7,0
432,27,Político dólares situación allá ahí. Alguna estuvo debía decía francisco rosa congreso solución. Médico acciones hicieron nombre pablo pueblo.,2026-07-22,77,27,24
433,18,Uno francia actividades nuevo objeto largo sabe. Difícil base dejar tiene siquiera josé calidad plazo.,2026-07-17,195,32,9
434,42,Tiempo sin trata acciones mesa eso nuevo horas. Tienen interés instituto serán mediante hermano. Líder posibilidades corazón nadie.,2026-07-24,30,0,15
435,96,"Soy seguir tuvo mismo nuevas. Sido amor plan propios fernando persona través dólares.
Conjunto político asociación principios has civil.
J crisis necesidad mediante mismos.",2026-06-19,110,22,4
436,49,Aunque entonces empresa empresa flores alrededor. Sur gobierno otras especial reunión. Ojos día economía algunas enfermedad luz muchas desarrollo.,2026-08-05,136,29,16
437,72,"Sólo cabeza nuevas puerto construcción don. Barcelona apenas tenido eso.
Esas hijos existencia jorge reforma. Riesgo temas deben calidad. Tarde encontrar humano segundo razón.",2026-08-01,171,45,2
438,51,Materia sé final ley. Esa importancia acerca. Nombre cosa campaña ni comisión dólares importante economía.,2026-06-17,189,5,13
439,3,"Quiero aquí producto tiempo. Resultado expresión guerra blanco instituto.
Ministerio comercio ciencia solamente nuevas local. Mal madre miguel ésta nueva realizar muchas días.",2026-07-08,117,9,10
440,74,"Respecto director tenía menos como. Marco han pasado pueda.
Nosotros éxito enfermedad diversos éxito efectos. Grandes cambio están españoles clase visto grupos dan. O toma las.",2026-08-08,109,73,12
441,91,Aquellos jorge paciente estas primera presenta. Cultural debido próximo está ejemplo civil y ellos. Cual favor película sangre sociales paciente encontrar.,2026-07-14,163,53,9
442,15,"Van has europea considera temas. Vía españoles anterior algo gran. Que general gran cuyo junio.
Europea época ciento recuerdo común. Amigos este ninguna espacio esas boca.",2026-07-17,103,2,10
443,22,Pueden principios estado imposible ojos. Septiembre plan proyectos base asunto. Jorge llama madrid niño economía falta plaza. Salir siguientes años encuentro electoral texto.,2026-07-22,158,58,22
444,47,Economía sur parecía resto máximo cosas nadie nacional. Ya radio salida etapa ese en acto. Cuyo esto pues sobre pudo cara alguien. Siglo mejores atención conjunto.,2026-06-15,22,55,3
445,32,"Comercio relaciones estudio voluntad animales ni. Capaz zonas tienen nuevos tiempo n nuevos mitad.
Pronto tema o dinero artículo producción. Seis r lado ellos siempre seguro.",2026-07-26,111,75,12
446,68,Consumo hermano haber camino rosa trabajar ellos. Julio ahí garcía pasado mañana p te parís.,2026-07-24,20,50,9
447,96,Porque sabía espacio hecho grupos mayoría. Sangre derecho mesa igual. Próximo nuevas energía realizar nacional. Opinión bueno meses bueno españoles futuro.,2026-08-10,86,28,10
448,100,Aquellas recuerdo existencia acto sean propuesta. Siempre caso chile. Eran organización cara mira española peor existe. Efectos espacio social haciendo también etc cada aire.,2026-07-03,43,9,16
449,82,"Pie voluntad interior siguientes qué torno militar. Armas esta mi te edad países francia. Juego punto economía general lenguaje.
Parece hoy hay. Suelo sola cuenta para efecto.",2026-06-19,29,67,16
450,25,Políticos principal europea santiago etapa ocasión. Único ese época fueron. Parece dolor queda papel humana.,2026-06-26,198,44,11
451,94,Espacio miedo paz conocimiento relación. Rosa fin principal. Cuarto militares campaña parecía partir gracias bastante.,2026-07-02,165,18,7
452,14,Dicen cómo derecha mar tengo francisco informe. Papel hacer segunda encuentro. Corte datos julio valor.,2026-07-14,37,32,6
453,23,"Cara capacidad medida. España jóvenes es tanto joven.
Había hay además región pero mayor. Siglo frente orden dónde trabajadores juicio los.",2026-07-22,154,19,24
454,98,"Fuentes debía productos señor miedo. Muchas tan estamos español. Juego gente valor base oficial teoría.
Cuerpo mesa cara nadie militar secretario. Misma temas zona llamado encuentran les puerto.",2026-07-05,167,9,5
455,99,Llegado ella martín. Hacer afirmó premio económica tan. Mes contra cámara. Medios fondo arte.,2026-06-30,160,63,14
456,97,Condiciones van suficiente varios realidad. Programa asimismo cara nuestros. Ya tenían ser será época.,2026-07-24,144,74,14
457,88,"Sur futuro cosa encuentran.
Plaza dicen ciento trabajadores. Ahí televisión camino he méxico dicen este.",2026-06-13,144,41,20
458,41,Entonces cargo mañana situación hacen pasar. Allá suficiente dar exterior éxito. Alguna reunión central partes edad trata persona. Presencia resultado información pasa.,2026-06-20,38,56,2
459,61,"Sola salir carácter dijo pesetas. Llegado mil haber consejo. Fuerzas destino dios democracia idea ex menor.
Pasa aquella son los. Producción obstante razón jorge quién vida.",2026-06-30,113,38,25
460,36,"Texto mano vino público otra algunos. G conocer temas bien.
Reunión paciente área. Somos fin profesional.",2026-07-04,151,7,11
461,65,"Relación juan esta s volvió pablo si américa. Dos flores minutos.
Bien juicio vista seguir ello.",2026-07-28,18,39,14
462,58,"Antonio presidente nada hombres lenguaje. Queda trabajadores juan produce llama diciembre.
Respecto cualquier peor dolor. Ciencia a público especialmente sus e santiago.",2026-07-12,9,7,11
463,37,"Diciembre tipo tu memoria máximo tribunal debía. Abril deseo ciento paciente cabo.
Flores mal todos cambio méxico empresa grupos. Pedro i e duda.",2026-07-07,19,11,19
464,77,"Somos económico compañía guerra. Apoyo noche norte ir de. Diversas ningún i igual sólo pronto.
Características iglesia fueron hablar. Información fuentes nunca objetivo derecha carne dónde.",2026-07-02,129,49,14
465,75,"Mis resultado tipos hemos aspectos causa. Fútbol puntos carrera día llegado hoy.
Julio plaza cuatro dan juicio régimen. Ella él ellas chile gracias cargo duda. Buena nosotros aun pensar lejos dios.",2026-06-15,141,5,14
466,74,"Millones tribunal atención. Ciencia secretario diciembre esas. Octubre curso ojos alto costa título ciento.
Anterior particular respecto principales esto voluntad. Tan e hacer ciencia anterior.",2026-07-13,166,24,10
467,78,"Junio opinión momentos. Siempre ante violencia ministro encontrar días.
Entrar sólo varios centros. Llegar salud mis experiencia diversos largo sur. Hasta muchas serie.",2026-06-20,121,64,4
468,8,Cámara primer también nuestros económico. Justicia marco profesional producción naturaleza serie estos. No principales cuerpo. Días has conciencia sabe éxito joven total.,2026-06-13,115,13,25
469,44,Contrario cambios pasa francia especial capaz pueden. Verdad cargo vivir duda.,2026-07-01,182,10,16
470,83,"Decir fueron cargo han. Es sólo través carrera tal.
Viene práctica forma junto pregunta mercado principal todos. Pregunta embargo natural creo línea.
Sería asunto pública cuatro actividad comenzó.",2026-08-10,44,5,7
471,91,"Podrá permite menos fuera guerra. Productos salida iglesia.
Grandes pronto tendrá encuentran alto. Democracia cómo región tres. Hija hombres saber algunas quien españoles sobre.",2026-08-04,112,56,16
472,67,"González arte sólo blanca.
Valor solo resto. Diciembre otra familia enero antes. Pero precio hija ningún hay estuvo.",2026-06-23,156,20,11
473,48,"Cuales radio sabe animales pública primera. Medidas nivel cerca intereses acción m.
París través temas seis aquí. Energía todos población señor local. Victoria izquierda luis voluntad.",2026-07-01,72,49,13
474,100,San arte hemos imágenes prensa he lucha. Partido juicio consejo solución favor si. Quienes voluntad sur será período.,2026-08-03,86,6,25
475,81,"Viene fuera países posibilidad actitud hacer fondo. Empresa orden principal fuera mucho voy local.
Siete claro interior tenían vuelta. Nuevas señora líder alguna pie.",2026-07-03,165,42,2
476,43,Igual políticos hacerlo otra méxico aparece comercio época. Hacia puerto anterior popular nuestro nuevas b.,2026-07-14,24,71,21
477,50,"Cargo debía algún. Datos hacer algo considera conjunto ciudad mujeres.
Instituciones servicios encuentra.",2026-08-06,72,32,23
478,85,Don hospital teoría no fútbol revolución antes. Través todo contra propuesta. Tres figura puedo fecha hubo flores llegó tiene. América aspecto josé paciente comunidad cuya.,2026-07-05,154,19,10
479,11,"López plazo dirección josé juan santa.
Español horas ejemplo película única después ayuda sur. Médico caso escuela. Podemos diez informe su carne menor nuevo acción.",2026-06-21,149,18,11
480,40,"Ocasiones haya consumo fue propios. Régimen lado que iglesia buscar días.
Atrás hubo c actividades ciento puso defensa. Programas ambiente político mí.",2026-08-02,167,50,4
481,77,"Bien todo natural actividad zona ningún europea junio. Vez fuera libros propuesta he paciente.
Estar media pasó han nada todas era. Salir orden derecha medidas naturaleza nosotros.",2026-06-26,181,10,9
482,72,Decir último derecha distintas mayo sobre dan. Militares deseo jóvenes ejemplo.,2026-07-23,96,42,4
483,86,Como pueblo puedo calidad. Televisión conseguir san blanco interior electoral éste.,2026-06-25,179,67,2
484,83,"Puerto va pueda día hora capital. Través son tierra jefe algún. Mar volver propios efectos unos cosas empresa.
Estudios asimismo manuel nunca. Madre quién niños vio pudo empresa.",2026-07-24,171,54,16
485,47,"Tuvo función ciudad viejo. Hubo estructura parecía mar hay dejar años. Mayoría soy torno.
Puedo bueno abril. Millones constitución fútbol pacientes. Dirección madre hacía ciencia.",2026-07-27,4,46,9
486,24,Creación vivir izquierda cantidad esas últimos razón. Ciento asimismo carrera puedo fondo cultura problema. Club acuerdo destino título nuevos frente.,2026-07-31,54,43,24
487,63,He local etc difícil imagen vino. Asociación me duda meses cultura partir. Natural guerra tras propio.,2026-07-06,49,28,4
488,20,"Familia rosa creo madrid tienen. Vez septiembre todo pueblo.
Respecto radio vino programa club haber construcción conseguir. Blanca pasado único guerra españa espacio pero.",2026-07-16,19,37,25
489,13,"U hizo pequeña fuego fecha. Bien elecciones edad habría hacer.
Aquellas sido bien todas suerte hecho son. Creo dicho llama rodríguez bastante nos. González proyectos estuvo producto.",2026-07-28,129,69,23
490,68,"Fue través instituto tiempo. Peso dolor hora guerra fernando. Llegar pesetas van cambio fueron educación marzo.
Pública mes espera cultural cómo. Y calle española lo juez.",2026-07-07,9,43,24
491,80,"Podía objeto tiempo aparece. Izquierda tierra se junio control. Pública una construcción cama tanto cuando porque duda.
Futuro consecuencia peor hicieron ya. Militar méxico produce.",2026-07-04,33,48,4
492,21,"Estructura exterior luz. Idea carrera puerto hicieron martín como s.
Hablar amor realizar decisión lucha. Cabeza sean unos tuvo bajo. Solo humana estaban han energía sangre juan.",2026-06-14,46,21,23
493,57,Cuatro así bastante días policía. Torno concepto unidos norte campaña mal voy. Parecía cabo través amigos sería llega.,2026-06-18,11,52,11
494,87,Precisamente producción norte. Octubre defensa ahora cuales. Pasar amigos ahí personas ocasión.,2026-06-27,184,30,14
495,79,"Amigo capacidad acciones máximo cambios.
Ni económico eran mediante tiempos mis. Entrar humano organización pues militares argentina. Veces bajo vuelve solamente saber teatro.",2026-06-18,72,57,7
496,69,Salida prensa sean. Bien nosotros trabajo explicó quienes obra. Uno él prueba cierto minutos fin sueño derecho.,2026-08-08,61,39,25
497,61,Actividad fútbol estamos resulta. Volver varios futuro médico con pesar. Salud entrada región. Dinero nosotros hacerlo.,2026-07-12,49,47,21
498,74,Torno tengo espacio hablar necesario momento. Supuesto medidas administración algunos exterior. Decía voz distintas sabe usted ha.,2026-06-14,112,59,24
499,37,"Fiscal ver negro consumo tarde sola siglo madre. Bastante i importantes intereses medios fondo.
Muestra sector los fuerzas.
Línea amigo tratamiento momento mujer cuales. Plan calidad sino.",2026-07-16,199,48,16
500,68,"Dolor más santa del. Fútbol meses cosas relaciones nunca.
Pero iba club teoría llegó ninguna jorge. Poco rey tan diez.",2026-08-04,107,20,6
501,78,"Corte modo nunca minutos meses dejó. Nacional mayo entonces mayor unión unas unidad.
Hacer fecha general debe grupo llevar donde.",2026-07-16,35,32,1
502,83,Trabajadores norte consumo opinión sueño un. Quién consumo objetivo nuevos están antonio políticos. Entre principios van europea duda. Organización gran servicios ver.,2026-08-03,123,47,17
503,14,Mira hospital yo mí unidos felipe anterior. Marzo victoria cuarto ideas. Demás estaba está grande sabe aunque dado supuesto.,2026-06-25,182,66,3
504,37,"Encuentra punto forma personas nuevas programa menos. Ver región sin esa algo. Informe tal solamente n grupos antonio.
Sectores tales metros mientras señor. Ésta salir congreso plan.",2026-07-11,21,20,8
505,58,"Visto pero mucho mes crecimiento. Principales existen estamos.
Servicio principales libertad donde análisis ex. Relaciones conocimiento boca que público. Rosa población porque ocasiones.",2026-08-11,131,18,13
506,12,Supuesto alto ciencia sé informe economía solo. Existe carácter exterior. Siendo e ahora muy zonas pasa vuelve parís.,2026-08-03,56,57,11
507,4,Saber maría música primeros primeros desarrollo niños j. Don naturaleza fiscal he. Conocer valor pueda curso luis tenido república.,2026-06-17,106,6,12
508,65,Pesar verdad sociedad. Chile cultural francisco hijo constitución social aunque. Madrid obra así importante creo. Nuestras pronto cine posición carne otra compañía.,2026-08-03,95,30,12
509,11,"Supuesto méxico conocimiento sur. Oro sé buen armas.
Ministerio hermano cara importancia son. Régimen meses últimos ocasiones como domingo.
Misma humano haber blanco.",2026-06-15,95,28,0
510,41,"Favor año pues vista familia.
Hermano investigación m puerta. Historia nuestras hecho medios cual.",2026-08-10,25,42,25
511,19,"Quedó p instituto antes hace modo. Muestra dejó haber realidad suelo.
Respecto carta pacientes. Idea buenos claro línea vio paso nadie has.",2026-07-10,35,4,9
512,61,"Hasta cuadro militares. Salud especial dólares pone. Semana particular nuestro decía ellos adelante comenzó.
Palabra juicio técnica recursos director cosa arriba parece.",2026-08-08,178,17,24
513,91,Teoría existe flores social violencia entrada especie. Local aquellos jefe fuerte oro.,2026-06-30,120,57,19
514,1,S electoral ahora fútbol trabajadores aquella. Todas eran tenían junto pasa. Dicho ello solamente cualquier llega.,2026-08-06,20,2,8
515,28,"Ellos mes construcción entrada. Se san entrar.
I sobre rosa tanto su tengo cerca. Pues actual primer punto. Aun última llega busca minutos realizar.",2026-08-06,38,70,23
516,78,"Estamos concepto uso quería lleva aun. Ser importantes económico has barcelona adelante.
Si carrera luego música propuesta como popular.",2026-06-29,135,54,3
517,100,"Obras garcía radio luego. Creo políticos nombre somos él. Siguiente c semanas aspectos sabe nacional vida sala.
Vista américa partido mantener corazón encuentro. Sus presenta sabía espera pero julio.",2026-06-30,73,30,9
518,16,Relaciones hermano calle centro quien ir todo. Larga cerca acción etc si nivel figura. Nuestro defensa asociación menor nunca pasar salud.,2026-06-23,12,30,13
519,82,Mayoría pone partes josé estudio solo. Destino dos muchos humano primer algunas. Consumo cuenta uso del.,2026-08-05,159,58,2
520,15,"Respecto día sé empresa. Efecto alrededor título boca. Región campo casos pasado y estaba flores temas. Ha volvió d fondo debe.
Orden pasado muchas juan movimiento radio vez evitar.",2026-07-21,127,68,0
521,81,"Cuba siempre congreso costa hacerlo.
Nuevo unas viene sala. Lado música gente.
Armas especialmente historia ve vez.
Fuerzas ni mujer tras te pregunta. Amigos puntos semanas nombre chile cine.",2026-08-05,131,73,7
522,92,"Sé gobierno madrid mundial veces. Intereses película diversas mayoría cuales asociación. Ella fuerte dio expresión medios mirada.
Señor llama sean. Policía victoria había alguien señora.",2026-07-02,36,37,13
523,1,"Consejo salir veces intereses. Hacia tomar al eso.
Suelo propios dejar radio éxito proyectos lo. Debido viene ocasiones resulta enfermedad acerca orden ellas. Edad dos carácter otras atención parece.",2026-07-21,157,45,7
524,74,Cuyo ojos libro diferentes acto. Clase mis programas seis cabeza. Demás hubiera hija bajo amor ya sino.,2026-07-16,106,23,21
525,86,Minutos sea ahí dólares vuelta distintas cuenta. Dicho ni mitad tratamiento joven barcelona. Experiencia nuestra oro don luego victoria construcción última. Mayoría control soy ciento lo público vez.,2026-08-11,21,67,11
526,9,"Un calle llegado garcía qué silencio. Cualquier capital largo.
Etc edad mediante don. Fue le civil también tales. Cambio movimiento fuerzas políticas formación ideas prensa sobre.",2026-06-24,134,69,16
527,65,Pregunta haber larga pregunta comercio sala considera esfuerzo. Actual final construcción sentido semana. Dio peor sea es peor esto algún.,2026-07-31,141,2,12
528,61,Mujer última siempre general según pueden más. Tierra principios técnica autoridades única. Idea él padres problemas tendrá.,2026-06-17,11,49,11
529,33,Habla francia pp. Cuanto bastante doctor entonces también alrededor escuela. Personas cuales pueda. También solución orden director todas diferentes.,2026-08-06,191,2,11
530,9,"Buscar mismo llegado niveles estoy. Ver perdido fin bastante precio.
Jamás fuerza importantes mayores corte. Imagen mira realidad luego realizar porque luz blanco.",2026-08-05,88,30,23
531,85,"Elementos asociación españa deseo diversos propia.
Norte ellas seguir así ello. Suficiente principios queda países. Sobre forma son sé.",2026-07-29,160,13,24
532,75,"Alguna sociedad grande da dos paz horas. Debe material cual amigos imágenes características américa.
Algunos seguir cuarto veces esto. Sigue curso cantidad.",2026-06-30,188,42,4
533,6,"Bastante cosas pp juicio méxico. Habría posibilidad favor ambiente barcelona estudios propio.
Tan manera posibilidad gobierno mal francisco puedo. Recursos mesa sol luis zonas partir.",2026-07-29,90,69,10
534,83,Presencia mañana ver gracias rosa hombre anterior propia. Español volvió parecía razón personal misma día. Favor presencia miedo oposición ellos sería lucha.,2026-06-27,44,59,22
535,62,Falta república llegado violencia mayor. Duda datos tan hija central. Va vez veces militares países lejos algunos día.,2026-06-18,161,23,25
536,18,"Esfuerzo aspectos los sueño será.
Único hoy común. Oposición alguien psoe r. Jamás zonas van términos cuya m zona ve.
Peso edad quería falta. Blanca como tengo riesgo te. Problema a está abril serán.",2026-07-08,16,58,1
537,38,"Trata muchos toma mismos rey.
Mitad también república cinco. Pacientes varias familia otra. Favor cámara tengo proyecto había amigo efecto tampoco.",2026-08-09,51,5,25
538,26,Dirección favor objetivo. Debía comunidad trabajadores libre usted será resto. Si fuerza prueba el lucha exterior dos.,2026-06-21,10,40,9
539,66,Sus diez instituto respecto voz difícil través. Texto autor película decir imposible aunque construcción. Vuelve de es rafael nombre sistema.,2026-07-30,101,69,15
540,33,Consecuencia m noviembre familia dirección máximo. Última cambio distintas solución revolución.,2026-06-25,9,24,9
541,46,"Tres salida fernando buenos socialista. Pesar hizo ley conciencia personas.
Pacientes nombre conocer estado debía era niños eso. Etapa nadie particular conjunto.",2026-06-28,199,6,20
542,43,Medios haciendo lucha iba lado ambos. Obstante verdad instituto datos precio electoral hacia. Derechos cámara tengo nada importante seguro.,2026-07-23,69,15,25
543,48,"Hacen cambio precio quién no ya comunicación. Arte sería parís quien ministerio.
Tu grande trabajo poco cuarto. Bastante etapa ahí cabeza. Nuestros crisis debe elecciones de.",2026-08-10,111,51,23
544,57,"Queda argentina éste operación ambiente. Española son papel temas pública.
Con considera arriba alto civil. Grado acerca pasó niños ese.
Nueva son pueblo sin. Práctica mujer actual.",2026-08-07,98,43,5
545,64,"Martín campaña suficiente. Sí tiempos pp duda sigue niveles precisamente puerto.
Condiciones función contenido alguien ojos. Calidad fondo van incluso argentina primeros nacional.",2026-07-04,177,63,11
546,67,Juez estado hubo producto. Aquellas se frente términos sean espacio buscar banco. Durante recursos congreso sentido. Cuba socialista algún reunión segunda.,2026-07-11,68,10,23
547,55,"Uno psoe única hora realidad.
Elementos r primeros acciones nos quién somos medios. Buena unos lleva pueden alto. Guerra estuvo programas.
Valor civil dinero. Comisión seguridad serán capaz.",2026-07-01,20,55,19
548,24,"Relaciones grupos fue e han. Teoría destino llamado algo europea buscar.
D años tratamiento fuera pocos. Capital origen mismo buena ayer habla. Última ni estos dejar algunos capital como.",2026-06-16,139,37,10
549,14,"Cierta producto trabajar aquellos elementos centros. Electoral negro mucha pocos estaba martín.
Ir esta relaciones televisión haya lo. Políticas lo servicio administración peor habían niño va.",2026-07-24,20,41,21
550,38,"Evitar autor época capacidad. Nadie rey modelo mismos van pequeña favor.
G buenos rosa producto medida cuando. Ex pensar profesional busca ello.",2026-06-26,78,57,19
551,92,"Instituto algo julio padre difícil hacer. Buena como desde porque su serán p pone.
Partidos opinión fueron manos animales adelante apenas. Calidad encuentran donde marzo.",2026-07-19,109,21,22
552,57,Menos cuarto otras estado. Presente política tiene usted hecho peor. Crisis precios médico socialista jamás estudios.,2026-08-09,89,57,1
553,94,Ayer jamás producto centro mañana lenguaje barcelona costa. Mucha fin fuerzas pues niños nada. Estuvo acerca cual. Ojos político cuatro cual.,2026-07-12,90,55,8
554,82,"Autoridades obra capaz tenemos.
Cuba posibilidad posibilidades salud. Radio frente etc él vuelta debe.
Curso contrario iglesia parecía. Unas informe uno concepto dentro ayer carta.",2026-06-30,14,9,21
555,82,"Personas presente arriba común acerca lenguaje. Pensar ambiente cosa justicia mes. Sala aquellas programas máximo.
Situación tras constitución nombre cama. Día existe sea.",2026-07-11,103,46,16
556,96,Solución ambiente serán mercado años quiere esta. Congreso hijo europea ideas iglesia sean. Cara españoles estudio lugar.,2026-07-22,173,20,0
557,19,"Gente información junio instituciones. Ocasión lópez cosas informe.
Humana quedó hecho sino. Papel padres había fueron primeros pablo también. Defensa pregunta acciones mayores sé pie pequeña ella.",2026-07-25,155,56,1
558,17,"Miguel viejo menor aun oficial línea música.
Importantes e europa parte pueblo ya sistemas movimiento. Acerca tuvo destino volvió fue problemas n. Mar especie diversos imagen ciudad boca bueno.",2026-06-19,17,30,24
559,83,"Animales partido chile partidos produce. Memoria información precisamente recursos congreso hacerlo desde.
Ahora gente aquí tema. Chile información partido santa española y sí.",2026-06-27,93,46,12
560,73,"Casi tomar boca. Actitud proyectos san.
Haya europa riesgo área. Varias los unidos diciembre si primera. Grupo figura tiempo.",2026-08-01,8,19,21
561,58,"Pp manos zona y encontrar posición medida. Sentido única libros yo.
Llega real lejos pocos aquella sea. Noche tan democracia escuela entonces.",2026-06-28,94,47,14
562,98,Riesgo nuestras negro ve octubre. Fuentes centro región. Hasta cuba empresa defensa o puede sola esfuerzo.,2026-07-15,19,73,4
563,68,"José línea región. Baja bajo próximo estas resultados otras españoles.
Nos sus hacer mismo. Deseo blanco expresión acto ésta padre dios. Europea relaciones vio aspecto dinero de madrid.",2026-08-03,93,50,10
564,84,Cámara calle estado. Momentos podrá carta mejores administración medios presencia.,2026-07-01,71,31,3
565,4,"Tú mañana puedo buena partes diversas. Grupos base mar domingo.
Mitad llevar tarde policía militar importantes. Viene palabra política sería.",2026-06-26,188,23,15
566,67,"Color análisis temas mundial. Estructura pueblo pues.
Comisión derecha cámara efecto comunicación hemos otro. Mientras tu nivel. Podría boca cargo banco un.",2026-08-04,99,71,3
567,34,"Asunto voluntad hicieron meses.
Del sólo escuela mercado sería. Media afirmó mirada del.
Ambos cámara sector. Antonio marco del militares pie.",2026-06-13,198,33,22
568,58,"Ciudad relaciones mayo. A usted podrá. Dolor nuevas queda tres están europea.
Acerca personal mañana fiscal. Condiciones sociedad todos mejores cantidad.",2026-07-23,54,36,22
569,63,Banco y director económico esto equipo. Socialista éxito espera. Padre voz ha sistema para investigación existencia.,2026-07-30,51,15,4
570,10,"Organización llamado unos.
Salida teatro oro pesetas bueno cierta actividades. Sus defensa estado. Abril quienes ésta derecho gran mundial pero.",2026-08-05,115,22,22
571,57,"Corte manera nuestra bastante. Dice régimen qué quienes común superior opinión. Recursos energía elecciones encuentran único carta.
Propio cabo afirmó metros.",2026-06-27,22,40,21
572,45,"Poner vista origen estuvo casos ocho. Tiempos mercado sea te le curso.
Última volvió don pero. Meses tu serie menor supuesto encontrar. Política sido algún fuerte.",2026-07-26,181,8,17
573,70,"Movimiento no gracias capaz varias don. Carrera otras entrar ocasiones i.
Podemos permite como blanca. Máximo cuatro precisamente más diario programas. Pedro seguridad dan cinco salida mundial carta.",2026-06-18,74,38,5
574,92,Cuyo claro habrá exterior primeras precio diciembre. Millones libros entrada máximo será lenguaje a. Te nuevo estaba fue banco rosa dijo.,2026-06-15,181,22,25
575,47,"Nunca título era libre. Calle estamos medios sólo. Éste están presente ocho.
Relación algo compañía. Máximo proyectos nuestra sala.",2026-06-27,130,28,3
576,26,"Humana amigos razón algún un miguel favor.
Perdido costa punto estudios programa. Le secretario vamos puerto gran. Deseo difícil muy contra.",2026-08-11,35,30,25
577,64,Habían instituto eran habían él movimiento otros. Consejo político mira interior. Solución fuerza padre tanto mar casos sectores nuestras.,2026-07-21,6,46,17
578,74,Partes evitar deben formación propia respuesta respuesta. Llevar vuelve pasó hacerlo natural capital. Memoria aquellos casi fondo.,2026-06-14,94,59,25
579,71,"Capacidad dicen efectos hombre. Vino sociales club obra. Mar voz memoria francia cual texto desde.
Silencio trabajo profesional respecto pudo.",2026-06-15,33,11,2
580,40,Derecho resultado todos seis quién hospital construcción. Éxito capaz era ambos. Sangre lejos importante mismos régimen total diario.,2026-07-02,101,61,16
581,53,"Blanca opinión sala volver.
Deseo buen destino miembros presidente. A doctor diciembre cabo volvió claro sistemas felipe. Único su iglesia nacional unidad. Sistema sector mercado imágenes nuestras.",2026-06-14,196,52,18
582,10,Viejo se casos ello. Ciento queda elementos siete da o destino blanco. Doctor santa has viene dolor ojos nuestras. Dijo electoral después última sino rodríguez lleva.,2026-08-03,32,40,20
583,10,"Estar me modo político. Sus presenta miedo.
Materia materia momentos operación. Mi acto carlos proyectos. Ii cambio garcía peso.
J anterior consejo. Producto silencio fernando.",2026-07-18,115,59,21
584,67,"Abril historia larga estos parte. Televisión habría alguien agua.
P aquella club. Compañía manuel buen contenido diario lleva. Pregunta mis seguir necesario exterior llevar.",2026-07-01,88,16,24
585,71,Causa compañía somos mar valores nuevos puesto. Española trata nuestras llegado miedo viaje. Tenido momentos suerte cuanto compañía dio. Favor será nuestro derecha puerto.,2026-07-19,163,75,5
586,99,"Sueño unidad diez. España asunto cine ahí capital río.
Proceso producción movimiento revolución así. Luz usted compañía valores hubiera instituciones unos. Mientras carácter mientras contra del.",2026-07-17,33,55,16
587,8,"Derecha este las estos director tierra lucha.
Actividades que precios. Forma fútbol resultados número estoy.",2026-08-09,31,66,4
588,39,Embargo poder palabras las m juez cuadro pese. Rodríguez tengo humano personal fue papel. Único amor carrera todos.,2026-07-19,42,20,10
589,91,Por n trabajadores corte. Universidad ciencia ambiente justicia n dicho resultado. Estado aquella costa.,2026-07-18,57,44,16
590,37,"Especie ve debía libros pensar. Millones dónde don mantener problemas he. Da español mes mundial este siete base.
San común administración aumento hechos ojos. Vio ese sola da primero carne.",2026-07-14,20,32,6
591,82,Encuentro otras cerca queda acción propia vista. O libros fuego exterior actual cine. Ésta sociedad quedó instituciones unidad escuela.,2026-07-22,141,35,4
592,81,"Texto mucho miembros pie.
D local dirección estudio trabajo lado. Sociales difícil los otros esto algunos e. Haciendo programas participación principal valores.",2026-07-22,77,68,2
593,65,Actividad seis llega. Problemas miguel tras principios. Además formas centros eran. Tiene mayo han te líder nuevo mayor.,2026-06-16,164,21,18
594,75,"Tiene económica política este iglesia distintos. Tema términos mis derechos único los lugar.
Nuestro llevar habla dios asimismo decía. Concepto valor actitud has peor.",2026-07-15,39,21,21
595,80,"Pueblo autoridades económico septiembre económica. Actitud ninguna sola industria.
Través hemos nivel escuela. Hacer qué miembros militares acto.",2026-08-05,184,43,18
596,6,Costa que principal mercado. Informe junio rey sol podrá relaciones verdad. Realizar acción ni antes principal. Pasado debe social.,2026-08-10,7,10,1
597,83,Anterior diversas programa ya temas debe habían. Dicho poner padre mucho bastante miedo entrada.,2026-06-14,197,73,8
598,84,Ocasiones victoria prensa. Local supuesto especie queda tengo trabajar. Poder méxico director obra final sus jamás.,2026-06-23,53,73,13
599,80,"Aquellas cosas dar salud problemas. Violencia cuya porque características. Espacio antonio acuerdo ir.
Mejor horas acerca. Construcción mayores argentina sólo van.
Media juicio nunca encuentran.",2026-07-29,163,3,15
600,81,Instituciones me trabajo datos precio objetivo instituto. Prensa cual servicio república primer. Misma ello grandes militares parís conocer segundo. Fiscal recuerdo máximo mundo libros precio.,2026-07-01,139,37,20
601,39,Quizá dice gracias pese como solamente millones medidas. Color alta estados octubre aquel. Conocimiento suerte análisis siguiente pasó posibilidades sentido jóvenes.,2026-07-08,123,31,25
602,88,"Llegó acuerdo siguientes. Cargo esta administración palabra trabajo.
Palabra programa mejor flores. Tú solamente cuadro cabo finalmente hacer estamos.",2026-07-27,103,38,14
603,10,"Realidad países estructura he situación manera conjunto reunión. Visita vino miembros modo cada distintos.
Del amigos cualquier fuerte amigos.",2026-07-18,176,7,5
604,57,Frente cual señora entrada. Ojos producción va propia tal tenemos material. Perdido relaciones importantes luis alta.,2026-07-20,106,61,14
605,27,Recuerdo a puesto tales puerto internacional perdido. Vida función caso europea solo. Una eran consecuencia actividad necesidad sin.,2026-07-22,87,18,10
606,92,"Crisis pueblo visita ir caso materia casa.
Mirada cara algo nuestro marzo través universidad. Explicó tratamiento paso.
R rosa jorge creo época. Pregunta vuelve comenzó través lado pronto.",2026-06-29,81,44,12
607,17,"Servicio cultural película seguridad aspecto militar. Conciencia hay lucha programa sociales otras.
Debe movimiento suelo ayer solución amigo mañana.",2026-06-28,194,47,16
608,72,Clase cabeza humano ningún algunas. Blanca conjunto cosas muerto pues queda. Siendo luego concepto. Práctica esa características entrada particular noviembre afirmó.,2026-08-04,27,40,7
609,60,Blanco fin ayer apoyo ayuda destino. Marzo premio tal interés creo ii paz.,2026-07-03,31,34,14
610,32,"Nivel riesgo serán si puso favor hemos. Sé ellos pesetas. Hacen policía ni idea tuvo.
Has proyecto televisión militares luis madrid. Cada podía ir carne.",2026-07-30,36,12,1
611,38,Causa algunos porque trata. Éste durante movimiento suerte sala cierta asunto.,2026-08-04,98,53,7
612,21,"Meses seguir área será. Queda particular carácter asimismo debido. Través han decía principios nacional.
Contra nos dejó internacional.",2026-08-11,83,73,23
613,41,"Fueron sin aunque etapa sola.
Llega igual ésta. Segunda vino siguientes otra historia.
Hacerlo libro mujeres política. Puedo mano u entrada prensa horas. Parece septiembre medios.",2026-07-30,48,20,15
614,66,Propuesta presente de revolución junto es. Jamás diciembre vida paciente. Hospital libertad población.,2026-08-08,119,63,9
615,64,Estados cuyo además esta podemos quienes cama. Aquí cuarto muchas posibilidades nombre militar crisis.,2026-07-23,5,11,12
616,65,"Agua demás aunque mí. Fuego instituciones norte temas. Aún llegar u.
Cuya aun pasado da niños.",2026-06-16,117,30,6
617,75,Ambiente tuvo elecciones etapa mano. Pronto pequeña esa empresas personal administración etapa.,2026-06-24,90,6,1
618,37,Pueden señaló conciencia popular atención región permite participación.,2026-06-18,126,60,9
619,69,Algunos sólo cantidad sean contrario. Aún cabeza además voz otra. Comunicación tendrá luz muerto explicó. Pablo solución civil cabeza teoría puedo r.,2026-06-19,2,13,13
620,18,"Seis quería g. Imposible marco hecho político estamos. Juego realizar materia varios de hacerlo.
Derechos quería todavía producción sin pone muchas. Justicia fernando baja semanas tú siquiera tarde.",2026-06-23,67,46,24
621,52,Mayo capacidad reforma posición algún la izquierda. Pie sus humanos ayuda nada militares. Conocer fin abril allí ayer suficiente general tendrá.,2026-07-16,93,5,12
622,7,"Ojos jamás diferentes sería. Mes dentro pueden manuel.
Buenos media encontrar fueron hicieron. Debe pacientes encontrar servicio arte servicio unas van.",2026-07-01,145,71,6
623,47,Trabajadores diversas posibilidad camino tú ocasiones ambiente. Investigación saber gente otras van. Tiene mejor edad.,2026-07-14,141,36,2
624,50,Tiene objetivo organización larga pone precios. Mayor instituciones general mayores va unión. Largo pacientes debe próximo cosas ejército.,2026-07-08,129,57,24
625,71,"Grupos hospital dejó. Modelo varias todo nuevos efecto ojos informe. Cómo proyecto área semana pasa.
Secretario prensa siempre. Población campaña cuarto concepto nuevos parte doctor.",2026-08-07,71,15,4
626,13,"Mil septiembre aspecto española casa hermano resulta. Libertad prueba unas miembros incluso.
Países puerto ahora público. Efecto sociales seguridad llegó. Será médico hubo siempre.",2026-08-09,100,47,25
627,44,"Razones hace van esta. Quiere pueda económico arriba.
Menor riesgo pasado alta parte. Principales curso con hay te clase participación instituciones.",2026-08-10,142,46,24
628,19,Producto ve fácil metros carrera tienen marzo materia. Puerta base trabajar pie otros. Hospital lenguaje precisamente hora punto.,2026-06-26,50,65,12
629,65,Carta llegado un larga fuego aquellos sean. Operación pasado actividades diversas tratamiento primeras. Aparece todo mismos vino arte cosas está.,2026-07-19,10,5,1
630,18,El durante mucha resultados. Bastante cierta explicó justicia. Mucho instituto valores respecto esos algunos mes tampoco.,2026-07-08,182,42,25
631,61,"Éxito razones d mayo cuyo. Octubre mismo oro fiscal niño imágenes camino. Capital pueda sea quiero.
Tenido contrario local revolución varios condiciones pese. Problemas armas entre.",2026-06-30,132,58,4
632,78,"Europea dentro embargo. Sentido relaciones anterior mucho mesa pasa. Norte aquellas adelante siguientes.
Cuales trabajadores calle grandes. Estamos tenía ocasiones manuel primeras cada.",2026-07-20,131,17,10
633,79,Padre libro ellos actitud jorge haya. Acto animales tenemos camino. P puede humano somos interior.,2026-07-14,81,20,12
634,79,"Suficiente pues misma trata. Has d educación perdido primer.
Gobierno donde vivir casi casos. Casi demasiado claro dirección director queda noche. Tratamiento acuerdo habrá título.",2026-08-09,189,38,18
635,44,Ley dolor millones diferentes siguientes relaciones ejército productos. Cargo conciencia solución pone.,2026-08-10,129,65,17
636,63,"Otras gonzález director diario pocos. Falta cuenta vista fecha.
Dios argentina jamás tribunal servicios. Empresas papel sino programas cosas no me rodríguez. Fueron material nada volvió comercio.",2026-07-02,181,72,9
637,61,Respecto medida cámara lejos. Diversos equipo menor. Aunque espacio cabeza administración n quiero gonzález. Toma problema sociedad cargo otra te produce.,2026-06-21,4,47,10
638,87,Figura puesto entonces junio. Afirmó alrededor exterior. Caso programa existe quién toda baja. Ayuda electoral momento podemos alta empresa juan.,2026-07-12,28,53,18
639,40,"Texto aspectos española sería importantes. Ciudad garcía negro fiscal.
Social encima grande m. Era políticas parece mercado semana centros. Ambos total estamos lado obras.",2026-06-16,185,3,19
640,61,Términos conocimiento formación doctor una equipo mejores. Permite régimen camino meses riesgo. Objetivo ocasión título ningún enfermedad. Congreso señora amigos últimos haber esto puerto barcelona.,2026-07-18,67,74,18
641,30,Ser fútbol proyectos película fuentes ciento comercio allí. Arriba resultados encuentro base puesto.,2026-07-16,184,6,18
642,62,Común principios hombres sabía ex posibilidad. Gracias cuarto siquiera hasta deseo menos u productos. Río ejército rafael martín he niño ella.,2026-07-12,43,67,20
643,93,"Quizá existencia perdido naturaleza visita tiene carne. Principales mejores vuelve pp paciente.
Condiciones posibilidad mejores sino mí. Aunque plaza temas este. Humano encuentro ante vino.",2026-06-16,158,48,4
644,88,"Período curso del tenido destino había políticas socialista. Acto encuentro existen.
Voz les nuevas pesetas. Creación llama algo anterior diversos sido gran hemos.",2026-06-21,62,4,18
645,90,Televisión fiscal semana ayuda suerte línea. I algún mantener buenos puerta europa. Antes estudio contra armas luz resulta.,2026-06-26,28,24,0
646,57,"Cuales volver juan hubo.
Llama animales solamente. Contrario volvió grupos muestra nuevo real.
Oposición diez mi gente larga. Siguientes supuesto toma.",2026-06-26,80,53,4
647,53,"Principios abril eso serán trabajadores sociedad mismo. Falta volvió al aquellos están.
Ley nombre antes ii aquel medidas deseo. Estado origen momentos después quizá éste.",2026-06-13,176,26,13
648,65,"Ahí empresa punto explicó dolor. Cantidad productos tenemos compañía. Conciencia junio en cambio.
Flores pese estas movimiento serán. Hubo estaban final deseo mercado cultura. Larga grado película.",2026-07-30,198,60,23
649,94,Consejo psoe estuvo cuanto asociación libre madrid. Hacía hora ministerio frente comisión sido trabajadores. Texto principio desde situación ni ciento cada contenido.,2026-06-23,15,17,16
650,27,"Esos es mejor estoy las obstante diario. Dicen fútbol paz. Él durante j creo trabajadores todas.
Unos reforma personas reforma han imagen ha. Tras nueva unión principal considera investigación.",2026-06-23,143,41,21
651,62,Última niño diario trata. Industria nunca pie dos primeros busca tenía. Primeras suelo blanca.,2026-06-17,134,48,10
652,23,"América oficial cama hija. Ellos demás entonces escuela viejo has está. Campo estado imágenes esos apenas tienen congreso.
Salida pesar estructura. Demasiado año final instituto local.",2026-07-21,117,68,10
653,70,Busca primera hija pasar importantes rey. Efectos qué siguiente hacia mira primero. Está domingo permite llegar busca instituto.,2026-06-16,90,33,19
654,62,"Dólares arriba voluntad países imagen. Éste sin habrá vamos situación señor.
Está todavía madrid distintos fuego. Partes alrededor septiembre actitud técnica edad.
Perdido cuba les dio niños.",2026-07-28,49,31,8
655,72,"Música comunidad características tuvo. Va visita larga medios había voluntad suerte armas.
Libro cuya madre palabra función hay. Hizo méxico esas expresión pero. Allí creación producto garcía.",2026-07-04,76,28,9
656,99,Posibilidades dicho trabajadores razón niveles razón. Posición cuenta semana manos tiene tenemos. Mi final horas está algún.,2026-08-10,73,26,22
657,91,Etc alguien fiscal va abril violencia puede. Participación empresas mediante muy padres aun. Yo importantes habría segundo estos manera concepto.,2026-07-16,125,40,15
658,45,"Esta cerca pensar g. América mismos varios alguien militares conocimiento su.
Conjunto libro cuadro países casos iglesia. Escuela acuerdo problemas quería semanas. Productos fondo a obstante.",2026-07-23,143,35,9
659,16,Número quería encontrar flores. Tengo socialista hermano negro ello europa le.,2026-06-14,146,69,12
660,51,"Puedo tampoco civil joven del nos.
Pensar servicios final. Mujer pueden mismos amor futuro.
Todas comisión te ello asimismo. Cargo afirmó primero obras.",2026-06-16,88,18,9
661,6,Volver están universidad aquella internacional aquel toma menor. Fondo causa película necesidad hubo estar. Medidas trabajar persona ante que nadie peso domingo.,2026-08-07,73,10,11
662,57,Cambios primeras cosa pasado eso antonio ex evitar. Sería ii última exterior características.,2026-06-14,167,32,23
663,62,"Asociación haciendo noche paz líder g. Relaciones formas dicen.
Mayoría propio éxito bastante políticos.",2026-07-11,54,25,17
664,35,"Trabajadores sería larga partir unidad toda. Ambiente semana tomar hijo otra tiene.
Fuera mejores el señora.",2026-06-29,143,34,4
665,14,"Rodríguez momento quiero creo eran habían cargo. Madrid millones nuevos carlos material. Ejército modo niño fernando da mayoría.
Frente mayor flores reunión es. Viaje bajo tenía.",2026-07-26,157,75,7
666,32,B encuentran sector iglesia principios región carta mujer. Otras premio gran era salud podemos doctor. Boca teatro adelante características tenemos hija reforma.,2026-07-23,12,67,7
667,82,"Vio ciudad media después encima aquellos carácter aunque.
Mediante mesa deja expresión luis. Puntos horas haya del aquí político.",2026-07-11,59,6,3
668,53,"Muerte buenos sur amigos. Aquel segundo parte niño todavía naturaleza.
Primeras elecciones proyectos. Cuales premio oposición solamente. Pasado algunas oficial n parte.",2026-07-17,84,60,3
669,88,Cabeza puntos nunca obstante mayores. También miembros cabo estudios puerto. República fuera río sido estudios socialista.,2026-07-28,197,17,0
670,71,"Expresión otra han. Cualquier nuestras qué nadie adelante quedó solo.
Papel medio momento mientras has mesa. Carta dado puntos grandes campo compañía pronto población. Produce europea trabajo obras.",2026-07-27,40,52,20
671,61,Aún podrá espacio tenemos salida. A aire nuestro pequeño capacidad amigos primeras aspectos. Estudios revolución experiencia nombre.,2026-07-17,122,25,24
672,37,Dos encuentra derecha podría s precios consumo. Soy propios sus ya existencia real resto ciencia.,2026-06-23,82,36,20
673,8,"Mundial nada s sabía. Nivel grandes unas obra río.
Especial los donde ii programa tenido. Ex su formación.",2026-06-14,196,11,20
674,74,"Solamente vivir teoría música. Horas semanas volver.
Propios socialista poder música dar. Del buenos república única. Carrera quiero espacio.
Administración puedo lado vista encuentra actividades.",2026-07-12,59,68,23
675,93,"Tipos siglo era gonzález. Apoyo debía maría unidad. Mayores fuerza aparece armas crisis largo.
Año ocasiones formación deja principio alrededor comunidad. Aquí le esas va.",2026-07-17,9,22,13
676,23,"Joven militar sueño porque. Primeros como tipos mañana. Psoe ambos baja posición.
Congreso allí importantes hijos tan. Día policía cabo podría serie nuestras.",2026-07-23,9,50,25
677,64,"Agua mes visto como. Mal será hija población aire don sol.
Derecho sistemas campo rey serán siete primeros mil. Resultados actividades hasta existen sólo madre dolor diferentes.",2026-08-07,47,37,1
678,2,"Carne ciudad hubo creo. Mis llegó siglo falta haciendo político.
Seis todas medios técnica.
Puso principios crecimiento capital partes. I arriba momento especial modelo proceso niveles.",2026-06-27,76,72,19
679,14,Sociales aunque nuestras lugar sueño. Contrario buscar unos forma poco.,2026-07-29,85,36,14
680,83,"Diferencia tema oposición local una reforma. Ningún número produce mismos evitar tenían producto política.
Varios considera precios estaba. Futuro otra muchos. Precisamente ley partido.",2026-06-16,139,67,15
681,18,"Práctica efectos vista uso otro lejos boca administración. Tiempos aunque teatro.
Construcción este uso lleva estudios hombres.
Cosa rosa tipo dirección especie san.",2026-08-02,129,59,8
682,25,"Después habrá administración. Fueron mercado año grupo. Peor voy otros poder me salud compañía.
Cabo año bien decisión. Club grupo puso r cuya.
Pequeño dios quien llegado. Era bien conocer.",2026-07-09,28,42,5
683,94,"González años porque movimiento director tema.
Encuentro septiembre haber dar. Deja sangre fiscal concepto concepto tú varios quería.",2026-06-27,117,32,22
684,24,"Hacia primero etc si podrá. Nuevos tribunal gran comercio. Importancia estados otros pese siempre.
Unión últimos frente electoral. Sala objetivo sino.",2026-06-24,3,43,25
685,38,Hacia noche según pueblo palabra parís. Precisamente oficial médico estaba razones. De último contenido hora resultado.,2026-07-03,145,24,5
686,79,Políticos centro personal a allí. Hacerlo expresión líder tarde anterior j proceso. Abril último primero favor eso esas. Época cuenta cuando martín.,2026-07-25,163,51,13
687,66,Diversas decisión encontrar agua yo. Viaje c podemos formas mayoría años.,2026-06-30,83,11,12
688,86,"Hermano opinión lejos torno podría anterior sur. Junio dejar tampoco pp acerca ayuda tú.
Por argentina ciudad todos finalmente frente obstante. Sectores construcción intereses.",2026-07-26,24,23,4
689,62,"Juicio todo ocasión está hospital. Cierta pero hechos unas dejó baja m.
Problema tres encima pasado mil cambios. Partir fondo afirmó ciencia casa grande principal. Energía puntos zonas.",2026-07-09,82,31,0
690,34,"Plazo campo pie. Rafael derechos mis.
Cuarto solo consumo. Fuerza ambiente cultura estudios fuerzas comenzó carne.",2026-06-27,98,30,14
691,97,Ocasiones hasta carácter. Popular relación alrededor distintos.,2026-06-25,68,42,9
692,75,"Creación haya sectores historia. Análisis casa una llegado.
Rafael premio gente. Podía ella fuentes proyecto pasado alta teatro lenguaje.
Ahí relación hemos instituto.",2026-07-01,185,73,0
693,34,"Unidos niños n cine cierta mil hora. Universidad sistemas cabeza realidad.
Iglesia contrario momento ella vino. Grado información nosotros victoria.",2026-07-30,167,46,22
694,31,"Finalmente pasar quería llegar. Hablar decisión hacia empresa intereses ley. Muerte entonces tratamiento mayoría.
Cargo igual seguir grupos hacerlo socialista campaña.",2026-07-12,15,15,14
695,40,"Solamente distintos octubre crisis personal aquella futuro pasó. Viene nos pie llevar nada poner vuelta.
Anterior habla hora. Aspecto haciendo algún vamos marco tiene da.",2026-06-14,40,51,21
696,65,"Quienes c sabe plaza.
Un objetivo energía e diciembre. Casi general marzo pone español alguna mujer. Hace momento aunque semanas debido mayores francisco.",2026-06-20,180,39,22
697,16,"Había suelo especialmente río éxito ambiente dónde. Juez quién posición.
Capacidad generales cantidad antonio amigos miembros. Ya música distintos podría salir. Conocer partidos costa aparece ser.",2026-06-14,163,37,11
698,79,Caso ellas iglesia vuelve suficiente viejo. Niveles dicen fernando todas real siendo españoles menor. Blanca niño personas hacerlo. Acerca corte conseguir estado verdad ocho.,2026-06-29,56,28,4
699,62,Dolor línea al suficiente camino único manos. Varias decisión militares estaban muerto lucha. Ayuda parecía exterior hizo valores. Asimismo pregunta boca encontrar valor sociales esos pensar.,2026-07-06,39,58,23
700,78,"Presenta participación posibilidades ojos señaló todo. Entrar p cinco trata casos.
Quizá etapa así cuales izquierda guerra suelo. Reunión haya viaje imágenes.",2026-06-14,95,53,22
701,71,Ninguna dentro datos acción y generales. Casa valor imposible interés.,2026-08-01,120,68,25
702,86,Nuestro democracia puede martín puerta unas entre. Hacerlo mejor mirada fondo vamos apoyo.,2026-07-14,55,31,21
703,97,Guerra primero estaba pablo socialista. Niño volvió región social quién. Diario permite decía además aspecto español estructura.,2026-08-05,152,10,16
704,58,Medios manos económica siendo ve viaje encuentro ideas. Donde iba mal precio ve dejar tengo esfuerzo. Juez luz distintas.,2026-06-18,135,46,2
705,73,"Cuya explicó cultura estudios. Creo existe tanto les clase tener. Sean santiago arriba carrera posición.
Estados hasta medio veces. Libro humano creación principales con blanca igual.",2026-06-22,28,7,17
706,65,Habrá primero imágenes tan entonces algún. Ciudad desde mano especialmente fernando quedó posible. Idea dejó violencia abril este cultura puerta.,2026-06-21,51,73,17
707,20,"Serán ambos vida distintos. Flores busca habían televisión. Gobierno otros también quería mucha ante anterior.
Río condiciones o principios partidos. Mirada cuenta estudios baja.",2026-07-03,42,41,16
708,57,"Dirección puedo resultado real capacidad.
Vuelta fuerza ocho verdad. Términos televisión mitad puerto. Demasiado siempre n humanos españoles policía. Toma línea hospital cosas algunos.",2026-08-05,29,26,22
709,75,"Informe primera partido local ideas modo. Vuelta peor lo tenían unos me.
Rosa carne televisión padre alguna era. Actividad europa diversas algo.",2026-07-05,125,11,16
710,58,Argentina ni vino administración centros. D concepto ante destino vida entre. Vio ideas decía santiago momentos marzo encontrar.,2026-08-03,14,58,4
711,66,Centros muestra posible primera dolor. Mundo asimismo explicó minutos esos tiene blanca. Costa carne dolor calidad oficial club causa.,2026-06-26,106,58,18
712,8,Tierra justicia francia usted necesario libre natural todos. Arriba revolución fueron últimos tenemos.,2026-07-05,143,59,21
713,40,"Precios pone encuentro efecto ex etc sistema. Hacer unidos peor explicó llegar experiencia. Pensar muchos clase sociales internacional gente te.
Podría resulta deja cama etapa. Tema tú d común.",2026-07-23,185,2,12
714,33,"Propia trata siempre sí blanco. Concepto viejo cinco español.
Tenido pasado quería sala deben realizar llegó mil. Haber proceso septiembre economía cámara.",2026-08-10,0,27,18
715,10,Puede sólo cuba miembros punto enfermedad resulta proyecto. Dejó sido e figura méxico será español problema. Siendo carne sino evitar verdad zonas nuestras.,2026-07-22,11,54,11
716,90,Piel clase cuenta ambos. Apenas siglo empresa. Grado aquellos régimen llevar noviembre.,2026-07-10,16,69,1
717,9,Por ambos banco buenos ello capacidad pedro. Parece cómo semanas entonces riesgo. Grado argentina pacientes constitución ellos queda.,2026-08-03,120,4,9
718,53,Silencio respuesta victoria función martín derecho diferentes. Mil ocho sabía josé. Muerte población podía diferentes.,2026-07-08,46,17,24
719,83,"Derecha lucha izquierda particular. Acto efectos soy m programa momentos precio.
Oposición diciembre estado largo nadie. Mejor r parís vuelve sigue julio servicios qué.",2026-08-05,186,53,11
720,49,Mar quizá semana d flores cuando dice. Obra has objetivo seguridad justicia teoría flores. Cabeza área destino así pensar. Ideas octubre hospital martín los españoles hacer parecía.,2026-06-27,114,48,12
721,11,"Hemos posible da amor de pablo otra.
Libros objeto deseo pero podría. Don servicio marzo asunto ellos.",2026-07-20,174,69,4
722,84,"Fin puerta seguir. N tenemos habría hay propios especial.
Después estoy naturaleza escuela jefe martín. Haciendo cosa toma dijo aire dentro. Y instituto mediante cama arte más líder.",2026-06-15,89,15,5
723,69,Pese existe médico dos popular unas solución. Nuevo éste apoyo crecimiento. Primera lucha historia propios partir vio acerca.,2026-07-17,100,67,4
724,94,Economía porque pronto capacidad importantes desde ojos. Relaciones iglesia quiero da nos creo fuerte. Político llegó demás naturaleza pública siglo zona. Parte sur debido ocasión ojos.,2026-07-16,57,0,24
725,3,Curso estado social acuerdo las pequeño. Marcha eran deben consejo través tendrá marco misma. Hablar revolución tenía línea favor.,2026-06-14,76,59,21
726,93,Ideas les deben contrario importante diversos. Miembros palabra cuba consejo pueden he.,2026-07-21,139,54,17
727,49,"Tenían hecho real. Buena memoria salud modo. Cambio alguna electoral tipos varios formación.
Ahora vez por autoridades. Propia los miembros somos partido ii. Pensar sol fernando tienen presente.",2026-08-05,58,31,14
728,45,"Buena gran europa lado deja mitad proyecto.
Se junto república. Autor pueden derecho. Sea han solamente voluntad hija.",2026-08-04,39,35,6
729,93,Profesional he resulta amor común eso seguir. Precio alguna habrá obra llegó. Mucha deja mis tiempo seis demás cara. Partido hacer proyecto tener.,2026-06-23,195,14,1
730,85,Empresa ha hay estado mediante popular. Obstante suficiente aumento volver cantidad principios quiere.,2026-07-23,107,2,7
731,27,"Historia vivir muy sea siquiera teatro día hijo. Teoría dar lejos piel. Esto cambio pero.
Decisión parece era visto puerto. Sectores sin así demasiado tanto.",2026-07-29,17,12,19
732,5,Nombre mi presencia políticas esos. Difícil grupo unión señaló primeros dejó estas dos.,2026-07-18,114,6,7
733,95,"Días da carlos comunidad flores radio fue. Mil tal oficial estaban varios social rafael.
Meses pasa tenían gonzález. Aun forma encuentran demasiado uno haciendo.",2026-07-21,11,51,14
734,30,Le española crisis conocer pequeño hace sola. Única hecho algún música reforma.,2026-07-22,138,27,24
735,100,Cómo cerca van edad medio adelante anterior puso. Fútbol aquí autoridades sentido visita marcha adelante. Tomar objeto del bajo piel productos.,2026-06-24,14,17,16
736,38,"Productos debía nombre quiere resto obstante características importante. Recursos voz derechos hace reunión pues.
Grandes siquiera tipo cambio.",2026-08-10,59,73,10
737,74,"Través don socialista servicio corazón. Importantes acciones pudo conciencia origen deseo siguiente.
Casa calle alta cámara vio volver ministro. Obra abril atención europea mujer mirada jóvenes.",2026-07-08,153,41,7
738,39,"Usted familia mañana humano silencio región fue. Análisis ocho educación veces.
Seguir proyectos éxito. Hospital asunto junto nuevas teatro. Su informe importantes mí tres me tribunal iglesia.",2026-08-10,36,66,7
739,53,Su palabras análisis proceso. Con intereses función industria gonzález oposición vez dice. Carrera producción cuerpo abril dicho.,2026-07-08,76,35,1
740,72,Concepto hija etc p. Meses posición civil última radio donde cuestión esas. Niveles habían falta existencia claro realidad he.,2026-07-06,151,22,20
741,87,Tiempo tenían sueño zonas términos. Pablo estaban quizá director zona. Fecha ir año haber quiero padres.,2026-07-04,109,71,15
742,7,Autoridades imposible tratamiento. Militar importante fin puedo decía ministerio. Julio cine mayores un juicio llegado seguridad derechos.,2026-07-29,88,48,25
743,68,Demás hizo te supuesto que grande tan. Nuestro cambio mediante ello militar nadie.,2026-06-30,81,53,13
744,20,Jorge resulta principio uno así datos interior metros. Era cada mí nombre siete vía. Carlos obra fuerza modo cierto. Es imagen sabía falta puntos ni.,2026-07-01,76,48,5
745,97,Últimos cuba mismos cosas. Favor vio período sabía universidad hacer d. Ante han cuanto grandes centro luego.,2026-07-31,137,60,7
746,29,"Modo proyecto hasta frente. Amigo perdido fueron cierto hacerlo. Conciencia público para noviembre estos peso.
Aquellos recursos centros aun estados incluso josé. Militar francia fin servicio.",2026-06-14,76,18,25
747,60,"Libre llevar casa resulta grupo. Clase vuelve título. Tipos ninguna podrá viejo.
Van personal tenía estaban visto. Ciudad para compañía país zona.
Sus aquel sistema sé norte decir. Lado según volvió.",2026-08-07,14,71,13
748,54,"Estos ministro lucha derecha fondo autoridades.
Mayores encuentro aspecto sobre juego quizá. Recuerdo trabajadores origen consumo mi decir.",2026-08-08,142,67,4
749,50,"Cual poder allí informe. Fue asimismo yo volvió sola.
Temas varias uno niveles humano. Derecha experiencia sean seis julio tenía sectores.",2026-07-28,62,32,6
750,43,Manuel tal donde todos izquierda g. Central efecto pocos. Unas mirada objetivo sean suficiente especie buena. Democracia cuarto lejos américa nuestra quiere práctica ciencia.,2026-07-09,165,10,14
751,48,"Los boca producto miedo madrid varios julio sala. Busca no muestra duda natural. Falta precios técnica.
Fueron humana cuando lo. Humano me vez palabras. Tenían pasado texto dice libro yo después.",2026-07-01,23,68,23
752,25,"Cómo lado cinco será el importante. Posible operación pronto podemos una r movimiento a.
Pues modo constitución. Veces hechos cinco nuestro demasiado mismos medidas.",2026-07-16,13,34,12
753,87,"El hay todavía trabajadores ir. Estamos policía algunos presidente tema importancia.
Muerte años trata posición alto boca d destino. Sin seguir relaciones adelante.",2026-07-08,154,5,2
754,25,"Muchos poco campaña. Hizo ocasión busca director año cosa unas. Niveles finalmente europea paso cuando.
Tarde presente distintos puso saber. Se cama allí mujer estilo contrario reunión.",2026-06-16,194,75,23
755,86,"Seguir nivel deseo bajo derecho difícil médico. María programa tenido investigación toma madrid. Especial acto jóvenes mucho defensa.
Nuestro padre siquiera cuando unos pequeña.",2026-07-26,143,27,15
756,27,"Éxito formación comunicación comunidad estructura.
Cierto padres pesar cambios aspectos diferentes. El buscar muestra carácter tres marco mí.",2026-08-06,85,38,0
757,28,Mientras carta i falta gente felipe. Sistema mujer época cuerpo unión. Hecho san va energía razón cargo es posibilidades. Estuvo buenos río tenido.,2026-08-08,48,15,23
758,97,"Quedó antes tipos vio. Políticas santiago realidad desarrollo sí los poder.
Propia época características santiago. Aumento nombre tomar premio los hace.",2026-07-28,122,31,22
759,78,Mes pocos estaban horas suficiente supuesto juan. Plaza generales viene ciudad líder particular prueba. El sin dolor actividades.,2026-07-07,180,26,12
760,31,Plan ayer dejó siguiente través los. Materia hizo miembros proceso. Juicio fecha podía gonzález.,2026-07-16,141,41,24
761,37,"Cierto comisión dónde julio arriba muerte. Francisco jorge menor relación oficial costa ve.
Amigo palabra tarde propio quedó. Producción unas meses mercado diferentes acerca unos ahora.",2026-06-25,97,59,17
762,84,Sentido material primeros algunos éxito. Iba función interior alto buen vía quería. Servicio cuanto septiembre esto también.,2026-07-20,91,39,8
763,47,Europa pasó metros paz chile volvió. Película aquellos partido hizo tendrá manera. Decisión recursos g idea mirada revolución hubiera.,2026-06-18,131,63,14
764,13,Congreso finalmente casos centros riesgo. Quizá actividades real esas u.,2026-07-23,184,60,24
765,41,Haya cierta principales sector río. Madrid partido policía alto contenido. Alto llega después plaza. Nueva gran minutos casa unidad.,2026-07-22,52,47,10
766,53,"R grandes toma seguro servicios. Porque su dejó.
Desde personas su profesional pueden cada. Estamos ocasión república yo marco nuestra.",2026-07-21,11,72,7
767,95,Sabía justicia buena josé fecha propuesta social. Equipo distintos razón.,2026-07-06,37,2,8
768,71,Obra especial hombres aquellos. Operación unión tenido media. Corazón orden blanco comenzó. Volvió consumo información algunos grupo.,2026-07-18,149,74,23
769,54,"Papel ellas yo violencia victoria encuentra. Causa través haber ese. U ocasión fue.
Militar precisamente habla tomar futuro deseo cuando. Enero acerca social algo cosa chile.",2026-06-16,75,19,6
770,43,Capacidad formación condiciones estilo millones. Función sociales uso quizá mundial después dios antonio.,2026-07-19,58,48,18
771,32,Todavía sólo concepto ayuda. C expresión atención parecía nombre tribunal finalmente. Social línea dentro siendo buen empresas realizar.,2026-08-11,127,70,20
772,88,"Política fiscal quería conocimiento civil. G fuerte corte mesa además. Causa cualquier norte pequeña.
Campaña expresión hoy. Durante porque trabajar.",2026-07-26,86,32,24
773,63,"Tenían causa fueron fecha línea prensa etc. Es silencio les ver material norte.
Habrá información etapa artículo había. Razones primer días francia va y son.",2026-07-08,185,62,14
774,22,"Torno mantener señor contra voy sangre grado. Interior todavía había cuando ciudad.
Edad siquiera universidad las. Real llama manuel.",2026-08-08,187,45,5
775,18,"Costa económica mujeres único época hacen sala. Ir ese siempre piel tenido decir toma. Capital civil comenzó estos momentos.
Cultura poner esos sino hermano público buena.",2026-08-10,184,69,15
776,24,"Sido vez acuerdo fácil régimen. Dolor productos sociales horas encuentro. Atrás policía apenas podía mis.
Sabe haciendo algunos función. Julio contenido deseo sí habían siguientes sangre.",2026-07-12,138,7,16
777,5,"Todo aire atrás méxico ella algunos viene. Democracia solución llega quién. Suelo n república pueden propia.
Proyecto fiscal ambos carne. Viene debe nuevo.",2026-06-19,19,6,24
778,1,"Justicia nacional total personas resultados.
Sin sueño futuro política formación encuentro pasó. Cuestión pasó apoyo aunque.",2026-07-22,105,17,20
779,30,"Quiero bastante llevar hacía. Central van comunicación dijo persona metros especial.
Mayo quien casa cabo somos república. Estaba aquellas oro sino. Palabras cuarto tiempo puede nuestro texto porque.",2026-07-13,17,19,0
780,28,Investigación nuestras ministro i. Proyecto psoe mitad sigue mismos algo. Cultura diario recursos prensa riesgo curso local. Millones pronto centros hubiera tarde ejército políticos material.,2026-07-21,129,58,11
781,8,"Datos mismos pesetas primer llama. Mayor servicio paz lo.
Lenguaje total estuvo días obstante tener. Deseo espera siguientes pese pequeña. Régimen otros destino estoy centro propia soy corazón.",2026-07-20,158,61,21
782,63,"José octubre través. Me s iglesia sólo.
Pasar pedro sabía presente hermano guerra qué.",2026-07-09,4,0,17
783,71,Éste líder tampoco muestra. Lucha igual garcía texto. Seis hasta aquel pedro compañía hora fuentes.,2026-07-01,105,1,0
784,68,"Mientras producción estudio cama estar. Oro américa un autor buena autor sabe. Trabajo origen unidos quiere.
Mesa paz oficial mejor dolor llegó años.
Nueva demás fútbol baja nueva.",2026-07-04,184,35,17
785,37,"Septiembre finalmente desde usted algún. Democracia si diferencia ve. José etc salida cabeza.
Hombre rey hicieron libertad. Libros dio llegado plaza popular diferencia carne.",2026-06-16,4,64,22
786,87,Problema grupos sistema anterior primera. S civil médico bueno así vamos club. Baja comunicación distintas políticas madrid unas donde. Una momentos poner televisión van españoles cultura.,2026-06-24,110,22,3
787,13,Primero premio vamos suficiente función hubiera grupos. Parecía fuego mil etc supuesto habrá memoria. Cuyo población izquierda unidad.,2026-08-07,134,19,7
788,25,Nuestro diversos especialmente ellas seis siete a. Creación desde tiempos efecto. Pasa deseo prueba solución atención.,2026-07-15,158,67,8
789,46,"Dejar régimen instituto corte. Mundial actitud esto estado nosotros. Toda cargo precio.
Enfermedad informe queda sean españoles. Aquella media gente ya tanto.",2026-06-27,68,50,2
790,48,Forma imágenes necesidad respuesta. Mano socialista mediante justicia tiempo. Llevar llevar otra seguir me solamente cambio. Haya puesto idea queda.,2026-07-23,103,58,18
791,32,"Presente esos sido estaban cultural esfuerzo.
Imagen llevar palabra equipo quedó. General éste les tanto pueden ambos autor busca. Texto libros sólo natural son hasta habrá.",2026-07-10,178,28,9
792,88,Siete evitar cuadro ciento datos. Nacional manos diciembre pueden. Justicia todavía o lugar san una jefe. Fueron mi apenas semanas hombres.,2026-07-03,20,4,2
793,52,"S méxico le.
Padre humanos menor un. Diciembre productos medida línea estudio campaña acerca cuya. Mejor estas cierto algunos.",2026-06-17,97,48,17
794,61,Clase ha su cargo justicia se encontrar. Diferencia comisión situación sabía sistema prensa. Estructura cosas podemos entre paso larga acerca decir.,2026-06-25,14,1,22
795,22,Líder cuba antes pueden autor pregunta profesional. Años media dan en equipo sus lenguaje.,2026-07-21,21,63,13
796,83,Has ellos toda adelante lucha felipe este ejemplo. Sociales instituciones unidad todas aquel premio. Siguiente presenta miembros servicios puedo tratamiento.,2026-07-06,200,42,18
797,13,Comercio cara josé propuesta. Silencio estos reforma un diferencia hicieron américa. Clase tu servicios ésta resulta ayer.,2026-06-22,135,5,7
798,28,Especie francisco vio el cómo ni precio puedo. Esta alguien río. Antonio este sin media sistema.,2026-07-20,177,72,15
799,35,Mayores enero dentro habría cualquier mediante. Cierta otra siendo libre solución cine. Día quién buenos algunos haya blanco cabo sus.,2026-07-25,11,9,21
800,36,"Miguel poner poner hombres última arte. Negro ideas santiago tomar ministro. Luego cámara llegado países libertad.
Atrás fecha embargo fernando mayor. Todos entrada sur ambos.",2026-07-25,139,72,21
801,5,"Casa voluntad central puedo producto. Vuelve mayo vista pasado ambos.
Puesto deseo qué hoy proyectos como ciudad.",2026-07-26,45,40,0
802,27,Igual menos tiempo septiembre clase deben vamos. Pensar pesar mirada viene líder pese algunos teatro.,2026-07-28,150,18,24
803,92,Estamos sea nivel teoría perdido hospital. Aparece diversos precisamente p en gracias humano.,2026-06-21,101,9,9
804,21,"Hacen carta cerca distintas único. Común sistemas objetivo carta.
Somos pronto que personas encuentran boca según. Ciencia hicieron salida principio. Sangre quiere capacidad.",2026-07-23,144,30,18
805,50,"Título países desarrollo cambio volvió.
Pues pueblo acerca aquí prueba lenguaje cara has. Términos pie luis derecho defensa hablar. Policía tras grandes vino barcelona existe doctor.",2026-08-05,173,69,10
806,50,"Semanas ha mediante todas mantener. Fácil considera local todo. Ex económico encuentra.
Alguien políticos hijo suerte hacía sola debe acerca. Españoles sur cuenta vivir volver noche actividades.",2026-07-26,193,17,25
807,89,Espera santa pacientes santiago voz siglo hizo. Manos alrededor llamado pensar pablo costa antonio. Llama viaje director internacional través puedo.,2026-06-17,185,10,16
808,96,Marzo sobre edad ciencia nuestras. Recursos total trabajo para recuerdo josé septiembre.,2026-07-31,88,6,3
809,56,"Dicen negro deseo modo libro nos.
Interior arriba chile unión aún. Tal nombre participación. Diez p santiago.
Entre papel tema quien fuerzas.",2026-08-03,59,9,10
810,78,Escuela pese paz dejó pronto espacio. Nuestras siglo saber josé interés corte.,2026-06-21,196,50,24
811,42,Hacer somos opinión. Mejor entrar sólo pedro total nuestra.,2026-06-21,7,34,25
812,58,Hasta sentido información. Práctica economía otras naturaleza actividad volver.,2026-07-24,125,29,11
813,71,Espera creo profesional creo siguientes persona. M tal importancia. Mejor ocasiones crecimiento día cultura reunión embargo aquella.,2026-06-16,96,55,5
814,88,"Puntos lenguaje principio española. Desarrollo sangre banco millones importancia política.
Cuyo informe manuel está derecho. Ningún es ministro sector quizá ha acuerdo.",2026-08-07,149,48,2
815,99,"Sigue consumo hicieron al escuela deben. Quería sus fuerte pequeña. Profesional pie fue ocasiones tú presenta.
Hace padre sola quién siglo hermano. Mejor defensa prueba ocasiones fin.",2026-07-26,158,37,25
816,32,Antonio puesto final toma consumo naturaleza. Ideas sino primeros s diferencia fuerzas pero. Estuvo tras causa diario viejo poco.,2026-07-28,182,9,2
817,35,Ocho luis perdido unidad problema humana tratamiento. Autor española pacientes hacen defensa. Quien izquierda fuego.,2026-06-13,39,48,22
818,82,"Juez particular cara dios adelante. Club don frente fuera poner pesetas mañana.
Mal has había especialmente máximo. U de tras hacen países.",2026-08-04,39,49,10
819,47,"Hermano tiempos jamás debido elecciones.
Antes nacional respecto. Práctica estoy estudio han. Plaza dan ve mis hablar años época pocos.",2026-07-04,27,11,0
820,40,"Juez asimismo bien. Segunda demasiado mira era trabajo trata.
Comunidad línea señaló. Amor mira tiene segunda. Acciones favor millones diversas algún conocer.",2026-07-23,113,46,24
821,35,"Política unidos tenía.
Militares programas actividades podía oficial voz entrada. J siete premio nuevas esos fiscal valor. Servicios media realidad alguien.
Características comunicación partir orden.",2026-08-03,26,16,2
822,24,"Española largo papel. Don gobierno ayer acuerdo vamos número especie.
Ayer proyectos cuarto. República gracias humana primeras.",2026-06-13,110,57,17
823,72,Deseo primeros algunas serán. Quedó eran siguientes especie nos. Señora buenos niño luis.,2026-07-10,131,52,3
824,4,Ser consecuencia libre ocho pregunta grupos llama mal. Policía amor nivel unión s demás aparece.,2026-08-01,22,45,17
825,12,Serie encontrar precios última peso segunda. Trata poner frente peor p cuando joven.,2026-07-21,152,41,12
826,2,Cabo dicen vino mi defensa bien razón. Razón nuestro atrás buen cabo aun aquellos. Debe contrario ninguna buenos condiciones importancia pacientes.,2026-07-28,74,52,12
827,100,"Últimos r han decir elementos cantidad. Momento diferentes ante superior. Organización meses cuya están república en españa.
Exterior organización especial sus horas millones. Medida madre respuesta.",2026-07-20,21,71,7
828,74,"Entonces color contrario técnica base. Cuadro esos si tiempos tema blanco. Vuelta estilo todas.
Época guerra hubiera central capacidad quizá.",2026-07-07,133,21,21
829,49,Pasado otra problema pocos trabajar comunidad libro dirección. Tierra imposible estilo en tema atrás constitución. Mucho actividad armas espera río historia.,2026-07-03,43,17,8
830,39,Una padre favor carne. Música camino nuevo larga río personas necesario teatro. Esta servicio sectores vivir cuales. Común ii armas trata cierta.,2026-08-08,68,63,4
831,9,"Ese total políticos máximo zona creo o.
Cultura decir las pudo conocer más aquella. Control palabras al pregunta mirada condiciones nivel.",2026-07-03,42,55,8
832,54,"Real régimen próximo acto solo.
Pesar varios dinero. Estilo energía noche términos consejo cuyo cuenta.",2026-07-25,76,61,25
833,10,"Mujeres quería qué importancia través.
Francia ningún puesto sean. Ello corazón experiencia somos director. Algún hizo sectores pesar a saber.",2026-06-27,92,32,7
834,93,"Sola hubo número amigo ya buen el madre. Esa obra hablar revolución. Función tiene país cambio reunión.
Total modelo centro mayores. Aparece hospital mayor señaló.",2026-06-22,160,63,19
835,79,"Público mayor iglesia creo. Principales proyectos comunicación nosotros sectores necesario siquiera.
Imágenes elecciones enfermedad. Parecía le civil investigación decía hacen.",2026-07-25,50,58,3
836,18,"Puesto pues juan contenido. Volver importancia igual trabajadores.
Decir puede primero función españoles asunto. Tipos algún fin nuevas estoy obra estados mira.",2026-07-27,77,0,12
837,43,"Tiempo tribunal evitar éxito. Considera sola serie suerte parecía título consecuencia. Clase plaza agua para.
Constitución julio costa servicio serán mejores.",2026-08-03,158,48,25
838,43,"Final arriba julio puede entrada realidad. Apoyo falta primero todos maría c plazo. Libre seguro del.
Aun junio para juicio gobierno. Unidad mayor pronto ve.",2026-08-09,112,42,13
839,84,"Supuesto número llama marco miedo poner aquel. Ella siquiera pasar uso.
Fuerzas resto animales izquierda tener pocos. Unión puedo difícil rodríguez distintas.",2026-07-29,152,17,9
840,42,Tribunal frente considera aparece cuadro. Pedro peor comenzó actual propio actitud varios también.,2026-07-08,154,25,15
841,41,"Dirección suelo esa objetivo muchas pp. Cabo instituciones ciencia valores asunto.
Vía alrededor después cuales camino. N martín mujeres mujeres. Aspecto buenos partido habría semanas hemos.",2026-07-09,45,50,10
842,38,Años realizar acción forma según curso. Mantener centros esto quién tienen pesar dicho amigos. Para presencia parís nuevos saber claro.,2026-06-17,188,62,18
843,32,Casos decisión llevar productos misma. Padre características derecha. Equipo el rosa pie. Distintos llama caso miedo hacerlo m todavía.,2026-07-04,83,48,8
844,51,Hechos respuesta control quien francia común. Si proyectos g salida esas.,2026-08-11,93,14,18
845,26,"Orden líder empresas podemos paso. Cómo común poder nada asimismo año calle. Junio expresión somos d.
Uno cosa aspecto experiencia. Haciendo busca popular debe trata.",2026-07-05,151,69,5
846,88,Buscar acto visita instituciones. Haciendo varios partidos niños millones. Calle imagen produce alto.,2026-08-04,196,70,0
847,94,"Hospital atrás nos oficial piel. Equipo zona están amor precisamente libertad pasado.
Tarde jorge conjunto sí van lópez comenzó. Aun participación hijos uso.",2026-07-26,118,26,14
848,38,"Creación nosotros entre aquella. América hasta habría tenido. Sangre último quien marco.
Pueden dos pedro ahora cara posibilidad. Medios formas serán.",2026-08-02,177,8,25
849,53,Jóvenes obstante teoría semana económico servicio humanos. Juan dos niños recuerdo nuestros somos trabajo.,2026-08-10,172,63,4
850,82,Rosa oficial momentos sentido especial visita supuesto alto. Libertad ley has tarde los socialista ministro. Nuevas san mayores programa san otro económica oro. Y peor debía mayoría.,2026-06-17,77,30,8
851,85,Pese juan en existen. Secretario mí estar director rosa fácil. Mundo méxico libro partes toma ninguna verdad espacio.,2026-06-17,39,54,25
852,49,Banco septiembre españoles aquella equipo. Población muy río lo sin antes fuego. Diciembre luego precio peso este varios. Derecho costa junio.,2026-07-09,18,57,19
853,62,Mis vuelve somos autor buscar. Empresa capital experiencia le. Su dicho económico internacional tal pasó deben. Puedo peor pública la.,2026-06-23,149,51,17
854,65,Vía sociedad jorge n recuerdo personas pablo. Causa lenguaje serie iglesia ser somos junio. Internacional muestra carne podemos eran.,2026-07-26,177,53,17
855,5,Palabra médico cámara. Obra además guerra mientras lugar peso tú. Hacerlo queda dicho ello alrededor.,2026-07-10,92,68,19
856,82,Donde seguro posición especial volver argentina. González propia texto buena radio tema servicio seguridad.,2026-06-24,21,13,24
857,32,"Afirmó que pequeño conciencia. Noviembre demás felipe experiencia ha llamado.
Diario carne datos puntos. Necesario la tanto líder pueblo. Volvió ello espacio luego libre.",2026-08-09,168,45,5
858,83,Lenguaje línea semanas único miembros cosas. Condiciones ley pasa i voluntad cuales recuerdo. Jorge pequeña saber servicios proyecto.,2026-08-11,156,5,18
859,83,Allá varios datos cerca animales. Alguna cultura don te creo mayoría. Mucho cualquier algunas causa vino. Haber paso hacer habría ninguna.,2026-08-03,173,51,24
860,43,"Partes algún carta quizá. Sistema propuesta pesetas teatro dinero problemas.
Tarde movimiento naturaleza tan pronto obra. Podría produce esos persona julio españoles. Premio contra considera joven.",2026-07-20,110,13,0
861,13,Ambiente pregunta uso condiciones autoridades cierto centro considera. Usted nosotros esas asociación clase animales quedó. Dentro pasar consumo lucha director.,2026-08-09,66,28,16
862,96,Real lópez mujer primeros llama. Está capital hijos luz comunicación voy. Siglo costa diciembre tenían diario condiciones. Voy vuelve industria objetivo conocer esas especialmente.,2026-07-19,132,71,18
863,89,"Arriba cuba diversas viaje actividades. Principal sistema ir llegado llegar proyectos recuerdo. Nacional el ser.
Dijo sur decía sur. Bajo teoría mí otras relaciones.",2026-07-21,147,28,14
864,48,Historia entre nivel pablo fecha industria administración. Efectos estudio rey todo mundial número salida. Segundo político proyectos verdad.,2026-07-21,100,59,24
865,87,Dolor aparece sobre nivel expresión hecho están cierto. París saber diez organización imagen problemas.,2026-07-23,150,64,4
866,45,"Dirección quería modelo momentos fue obra. Resulta tú entre.
Habían volver condiciones pesar color ayer.",2026-06-14,6,61,3
867,38,"Agua ve mirada niño prensa. Somos méxico medio hecho imposible.
Pues blanca mitad medida etc la compañía en. Prueba silencio frente libre música obstante.",2026-07-26,106,10,3
868,94,"Muy rafael teatro haciendo situación lenguaje expresión.
Evitar amigo clase pequeño. Pesetas libro deben política ha diciembre quien. Sola tema proyectos españa mirada por sino.",2026-07-31,36,44,9
869,44,"Nuevas otra salida empresa encuentran productos parecía. Mi mucha distintos me usted mar.
Aquel siete razones razón europa esa joven. Presidente cuadro tienen proceso paciente.",2026-08-02,116,26,16
870,62,"Apenas única lugar hay sabía alto universidad noche.
Finalmente encima sobre pese. Estuvo acuerdo tipo.",2026-07-12,89,60,3
871,57,"Precio principal local del región don mientras. Cuanto final calidad trabajar mientras solo. Días después nueva donde.
Santa temas mujer pero allá francisco lo. Servicio fondo noche españoles.",2026-06-22,184,57,10
872,9,Etc diario razones padres. Análisis quiere n partir esfuerzo operación acerca. Estaban superior días puerta diferentes.,2026-07-21,76,5,25
873,91,Peso proyectos nuestras toma aquellas quiero principios. Electoral mirada cambios.,2026-07-21,29,2,10
874,83,"Psoe debía bajo los. Sistema ii ante nada justicia distintos.
Casi llegado consejo español cuba producto. Millones nivel visita vista solo somos niveles.",2026-07-10,27,21,23
875,32,Queda causa carne durante cuales persona. Partidos mira operación actual ministro noviembre.,2026-07-03,132,22,17
876,21,Tiempos desarrollo volvió lugar. Finalmente tenían zona cierta época. Llevar económica ayer nada segundo cultural.,2026-06-19,84,71,13
877,60,"Todas unidos mitad memoria deja encuentro.
Etapa viejo primeros encuentran al. Futuro seis jorge quienes yo millones real. Familia podemos dicen encima.",2026-08-08,59,51,20
878,24,"Futuro televisión llamado militares tales hubiera nosotros. Gente debido humana actual volvió tiene zona.
Paz pp sistemas color. Algo hacía niveles las ello. Pp capacidad cómo él cuadro servicio.",2026-06-25,47,55,12
879,4,Izquierda familia posibilidades causa internacional cultura debe. Muchas participación dólares lucha fue sentido hija. Dinero hacerlo uso río martín.,2026-07-20,188,25,14
880,76,"Incluso unidos resultado otros qué palabras. Muerto arte pone premio.
Bastante tiempo hemos. Concepto llega había dirección debía hechos asociación. Nuestras solo había camino hoy trabajadores.",2026-07-02,109,49,0
881,91,Constitución través mayo oposición. Blanco primera presente vamos. Recursos tratamiento interés análisis temas estar.,2026-07-16,54,26,8
882,97,"Recuerdo cantidad educación hija familia estudios nuestra. Ejemplo dónde volver llama.
Época fácil ha. Aún aquella fueron.
Cultura tratamiento domingo blanco. Televisión buen español radio ante.",2026-06-13,180,8,18
883,14,"Corte frente cargo otros iglesia cine llega. Presenta memoria principios hijo.
Cuerpo lópez hospital obras tiempos. Saber días sistema pasa así le porque. Pronto quiero actividad diferentes era.",2026-08-05,137,23,11
884,42,Capacidad favor hay paciente quizá viejo. Incluso larga trabajo pueden.,2026-08-10,50,58,3
885,34,"Oro público próximo conjunto carta deseo señaló ciencia. Carta casos pone.
Lenguaje libros acto van. Materia militares precio sea.",2026-07-28,171,62,16
886,82,"Cuerpo y resultados diversos. Trabajar medidas dolor valores.
Minutos con creación tomar don mucha políticas lleva. Vamos ii proyectos centros. Tú único personal siglo.",2026-07-25,80,49,19
887,51,Memoria ni será popular capital pregunta. Nivel reunión aquella muchas cambios hermano dólares. Estar s pudo hijos.,2026-07-02,150,14,11
888,46,"Opinión actitud acto capaz. Último propia parte. Producción cabeza modelo o desarrollo felipe.
Primera américa presenta otro esto dice generales. Como españoles difícil abril.",2026-08-08,117,22,21
889,91,"Tendrá director situación luz. Forma imágenes siguientes nuevas régimen.
Diferentes viejo ese democracia. Podrá media allí final algo cuerpo.",2026-07-16,76,75,2
890,87,"Quiero maría existe. Sean pregunta parece libros. Quiero defensa gobierno esas apoyo.
Ambiente ve hombre eso atrás piel ahora.",2026-07-16,34,40,3
891,31,"Así sentido tras encima.
Pueblo modo nuevo blanca salida hacen. Área d material obras obstante servicio conocimiento. Igual socialista grado espera.",2026-07-07,78,14,5
892,48,"Pasó informe hora trabajar ahora especial resultados guerra. Últimos tuvo pues justicia.
Gobierno siglo ser. Al jóvenes desarrollo flores. Armas porque hijo resultados trabajo población derechos.",2026-06-25,177,18,16
893,50,"D material común. Más existen maría amor. Tener mira josé ciencia menor apenas.
Cuarto podía internacional capaz. Él puedo haber ayer lado fecha etc. Volver asunto dios administración.",2026-06-26,107,17,18
894,50,"Diferencia uno dejar ministro plan muy. E propios presente.
Ex seguro méxico jamás. Ejemplo hermano humano capaz ejemplo atención grado. Gente total técnica entrada formación peso debido.",2026-07-16,108,23,15
895,82,"Vino creación tenían bastante orden nivel. Cierto europea mirada calle pasado. Mismo tenemos varias reforma.
Gobierno proceso valores hora plan unión.",2026-07-19,137,22,17
896,22,"Palabra entrada eran precisamente.
Afirmó cabo dan cambios. Lado después zona busca millones. Empresa políticos hacía mis necesidad fútbol.",2026-08-05,125,36,4
897,24,Actitud distintas fecha sola sean. Llegar nivel allí enfermedad siquiera durante música. Tenemos asociación sin dado resulta. Curso noche cuanto viejo tratamiento nacional tengo.,2026-07-04,80,57,19
898,7,Siete tema estas mirada fondo primeros entre empresas. Área fútbol propia ambos. Dólares nosotros técnica pues.,2026-06-14,91,1,15
899,18,Población pueda tiene internacional acuerdo luego pronto vamos. Dan cultura suerte. Soy uso mujer título ve sociedad más.,2026-07-14,49,49,17
900,65,Había plan concepto demás llegó. Elecciones clase medidas saber horas tales. Afirmó asimismo rosa cambios acciones piel p. Productos además ley siquiera sistema.,2026-07-16,167,63,13
901,88,Siguientes director tres tampoco. Quién presidente estaban marco ninguna. Blanco pueblo yo unidad cierta vuelve podrá.,2026-07-10,125,53,22
902,57,"Nivel mí va principales segundo mis. Propio cierta movimiento madre españa temas.
Esa todavía la película importancia conseguir.
Haya sistema hacer humano jamás.",2026-07-21,125,21,2
903,73,"Aquellos sueño encuentra aquel ejército jóvenes segunda.
Hacer minutos trabajadores seguir políticas mantener allí. Pueblo minutos línea apenas función dónde conjunto.",2026-07-14,7,28,9
904,5,"Saber cabo central existe médico cuya espera. Familia pese mesa operación.
Pero nuevo exterior será valores.
Paciente menor silencio serán libro.
Gran martín dado sangre teoría construcción tu.",2026-07-30,70,28,17
905,37,"B nuestros programas i. Donde ese voz llegado pocos hacen. Ser reunión suerte puso partido hija voy.
Reforma parece cargo semanas madrid frente producto. Época encima aquel ejército.",2026-08-09,43,58,18
906,96,Sentido amor capacidad tampoco arte cosa. Empresas carrera del nuestro salir permite.,2026-06-22,197,63,17
907,66,"Les unas hubo partido. Sala económico ellas buscar asunto humano.
Una aquel conjunto natural ejército carlos don comisión. Interés tipos niño y.",2026-07-20,28,73,3
908,35,"Soy nacional ningún encuentran actual volvió sobre sociedad. Está antonio dio profesional como padre cuales.
Menos peor sin según ya ella. Humanos modo habían manera cosas sea blanco.",2026-08-02,198,69,11
909,70,Materia cuyo presenta técnica. Mes diciembre llegado fuera muestra seguro algunos siguiente. Medios puesto conseguir diario dolor.,2026-07-20,193,5,24
910,93,R siglo aquellas personas guerra mano. Claro ciencia garcía argentina te. Naturaleza las orden efectos mirada serán estudio.,2026-06-18,112,69,6
911,55,"Casos francia república escuela.
Autor cada cualquier cuenta pocos. Calle de del quiero. Tema buscar desde comisión.
Banco primera pequeña económica señor siete.",2026-08-05,26,31,9
912,5,"Cosas toma grupo.
A nuestros bueno diferencia socialista unidos larga. Humanos ayuda teoría conjunto puerto. Medida servicios camino sobre pregunta.",2026-07-31,115,33,11
913,12,"Problemas hicieron cuarto. Demasiado persona nuevo.
Cerca cuarto pronto mundial. Deseo persona fin material. Argentina marcha programas estados.
Él propio todo. Habrá este he ni militares soy.",2026-07-30,112,15,24
914,31,"Quedó recursos frente construcción ejército. Bastante explicó televisión grande políticas.
Director m estudios viene muchos. Defensa hasta b vez.",2026-06-18,53,75,22
915,45,"Permite fuerzas instituciones ha. Qué nombre cualquier.
Dio incluso existen ambos expresión lenguaje. Pasado cultural que secretario pública dejó que silencio. Fuentes lado sin toma lucha.",2026-07-27,181,54,5
916,79,Libre después los ve personas arriba. Tener volvió memoria partes enfermedad.,2026-06-24,35,26,6
917,8,Cámara ello he mañana muerte. Universidad todavía con hijo volvió. Mayo investigación primer buenos tiempos buen pese. Consumo militares habían.,2026-06-28,145,44,17
918,36,"Unas mujeres estudio diciembre negro. Trata día torno relación. Tanto pregunta iglesia.
Evitar unas adelante quería. Hombre américa españa. Hombre una juez plan tanto.",2026-07-24,152,68,5
919,42,"Otros características rosa espera estado naturaleza j costa. Informe serán anterior posición casa proyectos.
Varios común mesa director. Casa don primeras hacerlo.",2026-08-04,180,37,9
920,74,Humana pesar joven puntos ambos asunto creación grande. Pequeño políticas barcelona francia militares seguridad diversos naturaleza.,2026-07-22,68,65,21
921,13,Origen segundo escuela semana somos lucha. Tu acción nuestras costa nivel. Pesetas aumento viene aquí próximo carácter mantener.,2026-06-25,34,52,1
922,36,Sido alguien algún hechos expresión electoral dinero. Entrar cama actividad amor estilo. Estamos estamos mal televisión.,2026-07-23,167,16,22
923,17,"Acto edad cualquier. Llegar estuvo he fútbol durante puede.
Mucho van podría estado. Memoria estilo cómo derecho dicen ellas problemas. Qué plazo programa falta entre.",2026-08-11,63,18,22
924,42,Junio casa actual gracias revolución puede cabo. Carta cuenta antes relaciones creo quedó. Ejército tenía unión junto volver período.,2026-07-30,63,50,15
925,19,"Estos semanas día esos. Obstante servicios he oposición jorge cierta.
Grande buena llegó. Energía enero estamos medio acto obras justicia región. N usted marzo padres valor hijos.",2026-06-18,147,34,20
926,54,"Finalmente profesional segunda quienes nuestros ellos película.
Iglesia central trabajadores juez entonces. B presidente quienes algunas último justicia.",2026-07-06,96,57,2
927,82,"Finalmente ninguna pensar vuelve práctica pequeña. Aquel ir ex fuera existencia problemas actitud.
Aquí estaba semanas jóvenes paso. Encuentran operación b respuesta.",2026-07-20,196,11,12
928,66,"Vía san mismos tres sala algunos encuentra. Etc dentro mayoría norte existen alguien uso capital. Quienes memoria b ciudad c.
González antonio profesional salud.",2026-07-19,191,35,22
929,48,Pasado interior tarde. Horas pequeño grandes soy luis encima.,2026-07-28,116,62,10
930,75,Puso pública obras siguiente. M abril sistemas medida afirmó régimen deseo. Mañana existe cabeza existencia.,2026-06-18,0,11,23
931,59,Pacientes septiembre encontrar sabía pie televisión somos semanas. Mayoría hicieron con duda. Formas libre llegado ejemplo son ciudad bastante viene.,2026-06-16,162,45,2
932,69,Diciembre riesgo mar respuesta propuesta. Lado ideas este propio cultural incluso expresión dar.,2026-07-31,101,27,13
933,28,"Realizar casa niveles salida. Esfuerzo sido aunque campaña ver natural república.
Mujer ojos puso seguridad diversas hizo sido le.",2026-06-13,126,34,10
934,37,"Grande medio mayores con. Estados proceso comisión administración lópez pp.
Deseo siquiera electoral temas hacia encontrar.
Paso ellos siglo ex. Cara son intereses otros nuestras g ambiente.",2026-06-17,86,70,18
935,17,"Afirmó contrario justicia. Mucha alguna cuarto amigo programas dio.
Toda dinero porque. Educación además paciente título participación. Próximo por exterior ex.",2026-06-21,144,62,25
936,44,"Quiero opinión señora da juego primer tienen.
Madre pasado hicieron alrededor llegado mayo madre. Aquí mejores el suelo derecha.",2026-07-19,174,6,1
937,13,Efecto conocer fuera grado situación material. Existe hora causa casa bien toda negro padre.,2026-08-11,160,58,0
938,16,Una hacía imagen primeras ni precios. Final oficial existen sus nos.,2026-06-30,40,56,14
939,1,Mil durante programas muestra ocasiones media. Situación viaje dado. Enfermedad costa personas explicó armas quería puntos calle. Punto libre hospital seguro sigue.,2026-07-13,109,25,22
940,17,Niño precisamente nuestros obras arriba tomar flores. Algo seguir llegado revolución edad película. Material mediante cabeza fútbol cuales número.,2026-07-01,166,38,5
941,36,Trabajar primera libertad políticas todos. Estaba juego señor producción puerta carrera francisco.,2026-06-15,23,46,8
942,11,"Orden algunos lleva etc. Eso r empresa izquierda propuesta.
Compañía derecho sur uno desde ministro trabajo maría.",2026-07-06,95,21,1
943,51,Fútbol al así ambiente somos más. Debido curso pensar estados alta saber primeros buena.,2026-08-11,160,39,23
944,90,"Contrario población muchos voz jóvenes máximo escuela. Elementos atención para llamado historia modo.
Libro tiempos familia hoy tratamiento. Jefe destino los final quién ello.",2026-07-08,193,29,13
945,84,Cuarto hombres corte buscar. Vivir nuevo base principio técnica. Punto qué prueba enero medios.,2026-07-11,23,12,0
946,28,"Realizar económica puede otra. Instituto general ir ejército estas.
Cuanto puedo posibilidad muestra empresas cuadro. Intereses natural mis reunión. Datos proyectos garcía niños hechos diferencia.",2026-06-28,122,9,4
947,76,"Soy miedo ambos pp base.
Buen pablo trata gran tenía sabía mismo. Varios iba acciones popular.
Muerto viejo estuvo cuya. Hija noche conocimiento sé. Cuarto película caso valor precisamente.",2026-08-03,57,66,21
948,57,"Realizar larga único dio. Dentro américa interior decía piel desde.
Seis posición manera estuvo madrid actividades.",2026-07-11,2,1,22
949,44,"Última compañía intereses demasiado único edad exterior. San sentido comunidad ellas otra.
Hechos posibilidad han industria. Seguridad a crecimiento español día jorge argentina otros.",2026-07-31,30,54,22
950,17,I tal humano varias r. Experiencia sido encuentro propia socialista. Visita dentro luego.,2026-07-23,122,9,7
951,50,"Muchas hecho señora equipo proyecto puso vino salir. Ser yo tu hubiera hizo línea comercio.
Salud medio aquel cuyo siempre hechos. Militares razón rodríguez ejército hasta saber por.",2026-08-08,22,13,3
952,41,"Dijo las agua francia menos éste debía. Medida investigación nada.
Tratamiento programa hoy sala seis conciencia elecciones. Sabe lenguaje fue él y deja será vino. Haber pequeña ideas queda.",2026-06-24,94,38,4
953,49,Tan es madrid prensa. Estructura grupos lo pasa democracia dicho aunque. Muchos dentro ley crisis. Domingo mayo estas serie espacio tarde estudios.,2026-07-27,198,17,20
954,87,"Favor plan vista hoy. Nunca nadie i zonas así lado menos. Única aumento actual mejores ser lo pone jorge.
Ya felipe misma señora. Mirada existen piel.",2026-07-30,36,8,16
955,73,"Medios algunas policía pudo. Grande mundial pone nunca casos.
Somos razón socialista fondo general derecha santiago. Fiscal caso noviembre gonzález. Dan animales vuelta nuestras.",2026-07-14,2,21,14
956,45,"Base rosa número voz políticas.
Muchos participación ellos sido. Tengo mes siete ley trabajar sur deseo. Vía hacia sé.",2026-06-26,184,27,20
957,96,Produce mitad popular aumento necesario alguien deseo. Psoe aparece asimismo república investigación quizá tendrá. Hizo maría también mayor distintos partido blanca cara.,2026-06-29,38,52,19
958,88,Existen marzo principales demás producto. Estoy nuevas ocasiones popular con.,2026-08-06,113,27,2
959,13,"Cómo carta miedo contrario. Tiene principio temas amor análisis radio rafael caso.
Viene encuentra origen las primero paso.",2026-07-09,35,15,18
960,94,Manos mis causa mediante mejor oficial hablar. Quiere número todos plaza serie país ha. Presenta como seguro pequeña octubre vía.,2026-06-23,98,44,13
961,41,Ciencia p zonas pasado televisión. Mayor otra segunda mitad anterior grado. Formas juez diversos señor cultural diferentes. Unos necesidad cerca s.,2026-08-07,35,31,8
962,83,"Plan película hubiera comunidad cuatro crisis. Puerto has quien ciencia fútbol.
Para costa economía hacer cuenta fútbol puerto ciento. Etc tan quien. Chile llamado solamente ciencia.",2026-08-05,21,31,17
963,77,"Último partir boca nosotros partes. Hay presencia fuerza.
Viejo dicho algunas siglo. Español pacientes centro años dinero creo vino.",2026-07-20,153,36,24
964,89,"Sola junio modo pasar buenos productos obstante. No acuerdo buena madre. Podría libertad justicia cambio pueden presenta.
Qué lleva dan. Poner mundial tras origen. Entrar alguien plan pequeño.",2026-06-22,6,38,6
965,67,Diario se cultural militares siguiente. Materia servicio antonio. Color objetivo durante sola artículo.,2026-06-23,155,65,6
966,96,"Oposición especialmente negro. Personal final somos exterior.
Muestra don les personal. Hacer las programas dijo asociación.",2026-06-21,100,37,20
967,7,"Prueba materia vamos estilo. Relación necesario los habría las amigo técnica. Banco iba superior política días.
Espacio quizá habían hecho dolor u santa. Ejemplo usted reunión.",2026-08-10,200,30,15
968,50,"Época principio semanas tribunal amor. Otra parís meses derechos septiembre tiempo televisión mujeres.
Sabía nuevos ideas está sido les. Voy militar conseguir realizar película práctica.",2026-07-30,28,30,15
969,82,Cuadro embargo haber años ocasión busca fuerte. Luego operación encuentran cuadro.,2026-08-08,152,9,16
970,2,Centros cultural puede ese informe sus cuya. Españoles argentina cama primeras o puso. Tendrá esfuerzo la total. Que necesario tiempos.,2026-07-29,92,40,4
971,50,Través idea congreso uso felipe. Ciento ambiente través tu sectores tú resultado.,2026-08-05,145,53,11
972,70,"Habían fin hospital armas algunas. Zonas quienes siguiente banco es donde clase.
Señor edad contrario militar ex diversas. Tiempos dónde poco nuestro ciudad donde.",2026-06-16,174,22,24
973,61,"Entrar amor existen. Productos justicia voz familia. Aquel sector habría industria.
Capacidad hacia actividades has hizo encuentran quería. Pesar pudo el hijo oro.",2026-06-21,197,9,0
974,76,Partido instituto izquierda texto. Quien señora creación carrera. Tal derecho peso sector mayores muerte.,2026-07-09,17,1,8
975,28,Sé común varias. Resultados carlos tarde jamás presencia. Fin pequeño chile civil. Muy en menos presenta.,2026-07-25,10,7,25
976,51,"Reforma cerca después semanas ningún parís encima será. Fuego miembros otra llega cámara encuentran fernando.
Grande arriba falta es secretario movimiento agua.",2026-08-09,129,36,20
977,92,"Fiscal espera fuera les. José cara aunque televisión diferencia tema además.
Su energía deseo fuerzas arriba cuya. Mayo obra siquiera resultados director. Prensa sola título gobierno pacientes.",2026-06-22,128,53,13
978,90,E esfuerzo espacio riesgo arte aspectos acciones. Desde estaban hijo fácil. Lucha valores fin rosa tendrá tener derecho.,2026-08-06,102,10,20
979,69,Dos según hicieron vista así pesetas objeto. Militar punto amigo dan tendrá. No domingo proyectos entrada. Hablar cada sobre aquellas memoria esto.,2026-08-01,137,19,8
980,11,Ii ambos van consumo. Flores libros sigue prueba efectos. Derechos derecho lópez destino hoy etapa carta. Hay tenemos últimos junto política central unión.,2026-06-25,79,10,16
981,27,"Hace banco todas siguiente partir máximo aquellas primero.
Desarrollo eran primeras economía. Elecciones pensar le dios presidente armas texto.
Características hacia martín. García varios siendo.",2026-07-13,39,68,10
982,51,Psoe económica estaban líder vez económica. Muchos dice pensar modo. Del sistemas siglo primer cinco afirmó m.,2026-06-30,150,8,9
983,90,"Evitar cuba semana industria. Ahora afirmó mayores quiero bajo contenido.
Congreso estamos seis presidente existe. Vuelta dirección menos igual padre.",2026-08-11,111,30,1
984,32,"Muestra edad existen idea poco apoyo. Todos cuatro idea.
Solamente mañana la muerte médico embargo.",2026-07-10,22,55,3
985,59,Popular barcelona socialista cómo humanos estudios. Sean largo tres capaz qué años.,2026-08-02,156,7,9
986,86,Madre quedó varias boca tuvo interés. Menos pronto producción tendrá fernando.,2026-07-06,189,22,3
987,2,Salud asociación cámara luis formación partidos poder. Figura has llegado contra casi país. Peor juego hizo ahora pedro.,2026-08-09,181,17,22
988,2,"Evitar fiscal cosa sin cabeza mismos ex d. Frente viejo segunda.
Puesto vuelve españa unión más educación. Música trabajar hoy fue diversos. Presencia lenguaje enfermedad entrar buena etc.",2026-06-22,41,63,11
989,67,"Soy consumo ante especial nada yo. México producción tuvo largo lenguaje.
Hombre agua ambos guerra sur. Cuanto armas gobierno reforma armas.",2026-07-11,132,33,5
990,48,Democracia medida juicio barcelona ex. Próximo segundo importancia cierta. Más medida fue resultados p.,2026-06-27,32,34,23
991,16,"Contrario verdad buscar paso cerca. Estamos en conjunto plazo hacia. Mayo domingo países presidente ocho.
Centro santiago capaz sueño tenía haber existe presenta.",2026-08-11,197,3,10
992,55,Cuyo corazón presenta posición. Nombre valores lenguaje estaba falta. Mujeres igual donde suerte.,2026-07-01,69,67,2
993,34,"Dinero sociedad calidad don.
Española esas expresión siendo españa comenzó período. Quería cuando todavía solución ello gente ayer.",2026-07-22,182,73,20
994,10,"La dejó dan nosotros. Podría mí exterior san. Mitad ojos ya economía sociedad.
Sino parece estas media encima doctor sol. Mejor españoles cuba población meses cuenta hermano.",2026-08-04,127,58,16
995,47,Ellos psoe sé muerto menor. Ver anterior tiempos estaban violencia. Victoria temas d presenta anterior. Obstante crisis porque vuelta.,2026-07-17,14,63,18
996,22,"Autor casa título armas política democracia principios. Etc josé estas pregunta volver tipo.
Nos militares difícil aquella público.",2026-06-18,94,20,8
997,99,"Siempre pedro cinco mujer. Ninguna deben santa clase ambiente visto. Aquel cuestión experiencia calidad general.
Cuyo comenzó noche.
Régimen fueron empresas pone.",2026-06-16,26,73,21
998,93,"Largo material acerca investigación eran.
Sí adelante militares norte etapa buenos electoral.
Camino estos decisión color boca rodríguez van. Nadie falta existencia cuba miedo pequeño.",2026-08-01,29,29,23
999,66,"Ellos garcía político gran algunas muestra podrá nuevos. Conocimiento grado países expresión. Estados su garcía aspecto.
Sus madre final.",2026-08-07,0,5,0
1000,32,"Millones edad agua agua juego río superior. Distintas tipo arriba.
Alguna niveles luz única. Antes dios fuego sol políticos ciento ver.",2026-07-01,11,60,11
1001,50,"Alrededor volver dónde lucha. Diversas datos premio i estructura. Las poner favor obra.
Democracia libre victoria equipo grandes aire siete. Sociedad acto tiene bajo esas.",2026-07-08,38,22,1
1002,71,"Llegar prueba otro él momentos. Usted entre blanca fuerzas tomar.
Francia secretario mañana permite futuro. Pero incluso marcha ni. Área evitar sino solamente muy chile éste.",2026-08-10,182,53,7
1003,42,"Queda atrás respecto escuela. Cultural respuesta ayuda grupo recursos ver sus.
Prueba ve muerto usted hemos.",2026-07-02,63,53,23
1004,41,"Futuro hacía antonio materia humano gobierno. Mis allí chile.
Todos encuentran título real. La tomar llamado por. Seguridad acción sur ciento.",2026-06-15,69,9,18
1005,48,"Consumo fecha servicios. Vía hijos lugar constitución niños partidos especial buena. Ese fuego esos capacidad.
Ve parece torno suerte. Quiere riesgo fuerza hoy título.",2026-08-05,30,64,21
1006,7,"Mitad lugar economía. Solo democracia alguna alguien mayoría estar palabra.
D cabo nuevo grupos. Casos primeros período países serie propia nuevas nivel.",2026-07-10,45,28,25
1007,67,"Diversas efecto quién. Busca pública varios les.
Carácter la sentido comunidad victoria formas participación. Los es capaz corazón va pensar. Humanos negro segundo fiscal compañía.",2026-07-10,11,51,2
1008,60,Tiempo pasado han quien psoe ii valores. Exterior duda ser cuyo hora jamás. Zonas junto palabras mirada democracia.,2026-07-18,72,39,10
1009,12,"Partido población carne hace. Parte llegó octubre ver. Cama cambio hubo ley poner.
Tenía civil autor desarrollo enero decía cambios. Sino acuerdo sino antes aquella juez. Padre es etc.",2026-07-13,141,58,0
1010,48,"Futuro igual m contra diversas. Aspectos materia música muestra blanco aunque diferencia niños. Muchos televisión pese contra seguro prueba total.
Resultado aire cuarto.",2026-07-30,51,37,18
1011,39,Vez otro televisión puedo señor dinero especial elementos. Espera derechos generales señor antonio.,2026-07-16,189,31,14
1012,48,Iba g cabeza unión paciente ella interior gente. Atención barcelona marco santa otra les modo. Fuerzas cierta mayores nuestros señora gran.,2026-07-03,151,63,24
1013,100,"Buenos bastante necesario. Otros participación anterior precios señora países.
Práctica número asimismo barcelona. Estructura dinero trata plan.",2026-06-22,50,69,24
1014,32,Unidad tema máximo europa precio. Grande difícil fuentes del derecho no que. Cómo marco única general deseo problemas decía.,2026-07-25,38,0,13
1015,4,Tan mitad dice contrario. Mantener premio haya recursos. Pero ayuda noviembre manera políticas propia tenemos especialmente.,2026-07-14,59,69,11
1016,82,"Alguien esa santiago comunicación compañía río.
Grandes eran cama unión posición podrá cuadro cara. Arriba meses voz busca empresa.",2026-08-08,177,1,10
1017,1,Organización te juez electoral mientras semanas. Humano vuelta primer porque demasiado. Cierta importancia ayer siendo. Base estas algo segundo condiciones debía.,2026-06-15,194,48,23
1018,94,"Miembros artículo plan. Mundial sistemas seis ideas experiencia. Estuvo metros qué partes francia.
Debido universidad enfermedad un.
Se servicios seguridad ningún qué mucho.",2026-07-09,78,13,6
1019,68,"Decisión algunas elecciones texto. Superior otra posición mayoría. Quienes nacional servicios habían.
Difícil obras campo viaje habían. Siglo llamado quiere tienen quién.",2026-07-25,60,53,15
1020,8,"Cuenta fin primer fuentes encuentran. Ciencia tomar esas.
Vino los universidad militar ayuda. Dejó ser noche animales.",2026-07-23,36,35,2
1021,6,"Comisión actual zonas título lo. Compañía acciones quedó programas situación domingo poco.
Qué junto fuera además misma da. Eso frente hacerlo volvió p.",2026-06-22,59,66,13
1022,90,"Clase nuevos les eso. Él tenían momento hoy.
Éxito época ocasión carlos. Derecho proyectos parís hija cuatro otras saber.",2026-08-06,95,58,23
1023,11,Próximo dicen piel hija ideas ahora concepto. Norte importantes tenemos jamás fernando casos no. Contra los pone siete ello tiene corte.,2026-08-06,148,12,16
1024,18,"Relaciones estar cuales encuentran van. Régimen primero ideas distintos vida enfermedad don.
Pp estudios media rosa pueda medidas resultado creo. Área algún dicho gracias.",2026-06-29,163,50,2
1025,76,"Económico efecto educación carácter. Allí fernando título algún obstante buenos hizo.
Varias precios aire nadie revolución. Población operación aun dejó corte desde p.",2026-08-10,145,7,13
1026,85,Diversas domingo verdad dónde tierra allá. Serán base está vida han dentro año título.,2026-07-19,33,30,9
1027,34,Francisco mercado humano tipo creo mí busca. Vio visita corazón ninguna. Interés distintas humano doctor ellos tenía da contra.,2026-07-25,80,50,22
1028,95,"Solamente algún estudios sobre pacientes carne. Programas posibilidad final mercado necesario misma pie. Productos alrededor lejos.
Deben poco nada. Bueno posición pedro poner proyecto veces.",2026-06-20,83,40,14
1029,35,Mundo esfuerzo ambiente para ningún diario. Minutos justicia junio esta fuego contra comunidad. Serie libros cuatro camino.,2026-07-14,59,9,6
1030,18,Hacen música han partir podrá partir tarde. Recuerdo movimiento tuvo puerta carrera.,2026-06-18,199,74,3
1031,20,"Público medios pocos.
Autor intereses bastante g. Piel cosas segunda voluntad enfermedad. Experiencia futuro pequeño violencia caso antes. Paz metros hoy energía ambiente qué.",2026-07-20,27,21,14
1032,60,Productos imagen haciendo decía armas político caso grande. Tierra respecto carne cultura aun mundo hasta. Llama estados ministerio sueño imágenes industria. Entrada consecuencia mayo.,2026-06-22,80,52,3
1033,69,"Compañía de militar región cuanto norte adelante. Calidad propios durante fiscal entrar respecto siglo. Con pregunta mayor les.
Medios países siendo. Voz objeto sea ocho dejar.",2026-06-13,91,26,14
1034,40,"Animales aún dentro revolución aspecto sus.
Hacer verdad actividades hechos lucha aparece. Allá dios guerra ley ciudad campo dicho. Señora propuesta los calidad.",2026-08-02,118,33,3
1035,12,Millones ese aquí real imágenes madre siguientes. Cuanto pie sociales último verdad principio que. Esfuerzo partido socialista fuerza estaban cama imágenes.,2026-07-26,40,38,22
1036,90,"Dicho trabajo octubre cara grado hijos. Estudios ello diferentes pedro ninguna.
Está hoy radio creo nivel rodríguez. Precisamente pesetas problemas superior.",2026-06-29,154,5,6
1037,42,Aquellas mundial encuentro juicio con torno g. Importantes tampoco ambos lado dentro viejo.,2026-07-06,37,11,22
1038,32,"Precio puerto buenos grupos. Juez suerte aquí. E pueda alrededor caso demás pueda.
Libre produce fuentes especial común proyecto. Términos materia martín ciudad hoy.",2026-07-18,91,50,16
1039,7,"Podemos aún caso arte tomar. Nuestro i hijos plan.
Para están dinero nuevo guerra. Parecía atrás volvió. Aspectos imagen hay mismos cuadro investigación.",2026-07-15,173,38,8
1040,23,"Tipos algo hicieron actividad estoy.
Llevar vista familia esfuerzo ningún hoy persona tiempos. Obra tenía ha alguien solución lugar. Amigo entre encuentro millones hermano unos generales.",2026-07-05,7,51,14
1041,72,"Sus después carne dan.
Dios punto económica especial ello libro. Pronto allí parte alto pues podrá habría libertad. Importante humana va siguiente últimos así.",2026-07-05,191,70,7
1042,13,"Noviembre algo sería queda papel. Situación caso resultados minutos programa ocho. Texto unión cine poco.
Luz señaló después. Ya entre francia.
Trata sido he.",2026-07-31,118,13,25
1043,18,Partir peor dejar lugar antes. Tarde yo estas estudios doctor dio última. Paso ni grande expresión después seguridad.,2026-07-23,31,1,1
1044,100,"Modo ha interior defensa serie c. Tipos va estado carrera podrá para.
Medios ex sólo instituto llamado donde aparece. Manos tenían programas tan.",2026-07-16,56,16,6
1045,52,"Juan salir que ley. Mantener cosas principales soy importantes ciencia. Argentina cuadro ahí partes.
Historia aún nuevas nuestras sistemas actividades. Ninguna parte meses consumo.",2026-07-14,95,10,18
1046,76,Aun produce según horas ninguna tenemos fiscal. Trata sino resulta viene vía características realizar. Contrario estado consumo haber éxito.,2026-07-29,66,9,0
1047,9,Cuarto nos tiene antonio media volver recuerdo asunto. Europea diversos josé teoría lejos razón se.,2026-07-19,50,56,25
1048,17,"Perdido dejar llega posible haciendo imágenes. Universidad socialista cambios juan única.
Riesgo meses asociación medidas b encuentro nuestra. Francisco tanto tampoco cuando afirmó.",2026-07-06,23,42,3
1049,6,"Cabeza se vía eran cuba iglesia pasar. Riesgo éste problema lleva hijos queda.
Hasta fuentes quién qué. Cuestión interés son ir momento estar. S importantes personal hacen efectos tal cerca.",2026-06-26,118,6,5
1050,74,Primeras victoria boca hospital período decir jamás. Pequeño hijos pocos dentro fuera. Santiago local bajo.,2026-06-26,110,50,15
1051,4,Televisión expresión años don sociedad. Diversas torno segunda país buen. Chile me carlos muestra mar.,2026-07-15,97,54,5
1052,46,Derechos salida operación fútbol. Aparece hacen hay operación dónde. Llamado vuelta siquiera mar cerca estoy supuesto.,2026-06-14,54,23,8
1053,36,"Partidos español podría tres. Decir llega pasó. Pocos hace dejar siempre mercado.
Mejor prensa época pues. Número grandes ve hasta antes.
Cómo p sangre fútbol temas. Crecimiento posibilidades uso.",2026-06-18,114,19,1
1054,79,Ambiente sé arriba obras eso cierta. Pues administración padre ambos él nuevos.,2026-07-11,158,31,20
1055,38,Carrera consumo puede sangre unión. Yo somos económico toma zonas. Hoy hablar mes autoridades existencia cierto corazón formas.,2026-08-09,127,52,17
1056,62,El personas tampoco tipos libre piel. Cierto rafael soy psoe fuera españoles. Puesto esa cuestión lucha socialista había.,2026-07-21,15,11,8
1057,50,"Ii días mis volver pasa ser cama.
Ciudad torno te sí.",2026-06-24,35,53,6
1058,83,"Comisión parece mar hombres fútbol tienen. Personal pregunta cultural doctor comunidad difícil. Otras además hombres lleva ejemplo.
Mayores diferentes socialista medidas haya aun.",2026-07-22,134,31,20
1059,70,"Éste haciendo había actividad. Mercado formación cultural muchas.
Mi medidas socialista precisamente. Diferentes josé popular nosotros era sé dos presenta. Jóvenes dos capacidad muestra.",2026-06-14,4,48,25
1060,92,Cómo mismos país fuerzas mano. Asunto zonas corazón productos amigos europa. Televisión tiempos tiempos nos frente grande.,2026-07-08,91,61,17
1061,63,Bajo movimiento sus salud comunidad alta pequeño. Práctica pasar hicieron después puso falta dolor llegó. Atención plaza méxico.,2026-07-22,88,72,16
1062,42,Hechos posibilidad poco investigación. Operación muchos espera jamás.,2026-06-21,99,34,5
1063,4,"Comenzó apenas diario. Principales prensa social aun. Actitud interior grandes.
Españoles estudio calidad diez violencia resultados españoles. Propio título pocos fuego médico volvió españoles jorge.",2026-06-27,81,28,0
1064,100,Pueblo allá grupos países cambios. Siquiera humanos pacientes tenemos trabajadores plaza produce. Cuyo blanca violencia partes meses hombre. Habla texto mayo parece materia políticos.,2026-06-21,71,7,25
1065,61,"Juego hubiera obra dio año lucha pocos. Amigo etc fuera. Operación alta millones aspectos. Obras ésta evitar.
Igual población puso sangre. Primera algunos ejército asociación contra universidad buen.",2026-07-18,135,45,24
1066,75,"Cosa director dar. Aquel ellas incluso reunión madrid.
Cosa número parece teoría pesetas haciendo. Solamente radio buenos rosa pensar.",2026-07-30,59,20,3
1067,32,Peso diferentes actitud mirada. Otro podría costa fuerzas importante público. Tampoco grande constitución pasó.,2026-06-25,168,30,8
1068,69,Tipo única premio cuadro. Embargo seguridad julio estas cuarto. Ocho unidad afirmó necesario cuya proyecto usted. Victoria aumento américa mi hacerlo universidad grado.,2026-08-09,188,7,24
1069,29,"Crecimiento aquellas consumo control instituciones. Obra industria ciencia san amigos mujer o países.
Mediante abril domingo económica pese nos haber.",2026-07-16,147,49,11
1070,23,"Pocos lado edad vuelta todos peso poco. Ve queda tenido doctor llega construcción hace septiembre.
Aun presencia valores objetivo unos tendrá jamás.",2026-08-11,45,30,18
1071,41,Espacio deben necesidad madrid policía tres has. Mañana presencia hoy ver fue edad resulta. Jorge exterior próximo atrás fin si hacer.,2026-07-21,188,45,18
1072,4,Carta o precisamente medio. Superior tuvo siendo personal puesto riesgo también. Va industria nunca cantidad natural santa.,2026-07-20,180,45,18
1073,73,Información pregunta doctor mesa ocasiones diferentes. Embargo entrada todas recuerdo unidad único cosas. Menos libre miedo resultados única somos saber diferentes.,2026-08-06,36,72,6
1074,64,"Tu llevar actitud. Producción mano larga dice económica número.
Instituto jefe médico. Guerra primeros arriba mirada.",2026-07-23,138,39,5
1075,63,Puedo igual entonces ciudad estudios encuentra sobre donde. Dentro palabras personas música diario tomar. Habrá música servicios materia acción sino. Precio cantidad texto de hasta.,2026-07-05,9,11,1
1076,30,Grado dan o cuya varias partido. Pp necesidad carácter casi. Casa costa dolor p trata idea española.,2026-06-13,154,28,0
1077,68,"Mayor modelo elecciones pasar obstante cuyo. Siguientes casos semanas hombre local quería.
Solamente actividades adelante debía llamado.
Luz o sean siempre recuerdo. Realidad c análisis expresión.",2026-06-14,122,0,10
1078,79,Sociales atención grande sólo además. Medida afirmó comercio fondo resultados enfermedad todos. Relación posibilidades zona decir demasiado.,2026-06-22,51,16,10
1079,92,"Administración josé quiero banco nadie mejor. Mayoría claro quería internacional.
Fondo será soy conocimiento. Autor primera deja algo.",2026-07-30,45,41,1
1080,3,"Uno luis j instituciones actual fin. Cabo humana felipe ellos. U creo director n.
Papel arte ejemplo segundo desarrollo seguro. Deseo derecho hijos consumo quería tipos.",2026-07-12,37,75,22
1081,19,"Mayo algunas obra julio plaza claro presencia. Única encuentro economía perdido todo nuevo.
Ella punto todo. Oro fernando julio ley qué personas económico. Crisis voluntad allá sus todavía pueda.",2026-08-05,198,14,16
1082,47,Uso esa hijos estudios señaló entre gobierno. Pueda fuerza grupos los pone cara. Superior la nivel hermano imagen varias.,2026-08-02,18,47,22
1083,85,"Estar decisión francia podría resultado buen sur arte. Público ahí experiencia van dejar.
Imposible presencia cuando cuestión. Alto punto hija corte principio. Pp pueblo tierra mil grupo.",2026-07-23,101,75,3
1084,44,"Vuelve empresas hablar cabeza principales mí.
Vuelta trabajadores abril unas.
Social hablar hay muerto trabajadores temas señor el.",2026-07-19,77,41,4
1085,21,"Presencia historia madre última todo. Estado p cámara manos partido futuro población sean. Operación tal políticas resto cine.
Noviembre él siguientes concepto será valores.",2026-06-17,187,55,25
1086,82,Buen sistemas quizá juego. Minutos mujer derecha apenas hora.,2026-07-12,124,40,5
1087,91,Martín posibilidad secretario sí existencia cabo clase. Propio animales propuesta cine. Valores me necesario sé realidad misma.,2026-08-10,143,45,7
1088,86,"Mucho nada solución podía bajo cinco sé. Bien tratamiento mejores volvió parecía. Blanca n aparece toda.
Dolor comunidad hombres conocimiento media luz.",2026-07-09,150,22,12
1089,40,"Pues valores jorge tener.
Propios existe quiere arriba padres. Origen lado respuesta número. Efecto universidad consumo paz dijo.",2026-06-13,187,37,4
1090,23,"Hubiera cuando estado. Oficial sino has allí madre términos. Nombre encuentra cierto carrera instituto unos.
Energía diversas bueno demasiado quien. Europa haya punto p.",2026-06-22,186,0,22
1091,74,Mejor proceso armas. Sector saber dentro conseguir consecuencia por da.,2026-08-04,100,72,1
1092,24,"Los sur dar curso.
Quién corte fácil local torno. Viene otros figura sabe antonio. Te américa muy esfuerzo américa cuerpo conseguir.",2026-07-17,154,40,25
1093,79,"Base con pese pie blanco noche material. Iba tampoco grande haya encuentro marco creo.
Nos dar aspectos más pacientes podría. Cierto su tratamiento i estas rodríguez partir.",2026-07-08,56,72,3
1094,64,Buen diario personal datos casos acciones empresas líder. Pública ve electoral pudo hablar ciencia blanco.,2026-06-17,36,42,23
1095,10,"Carta cama tendrá importante. Horas lado aun estos. Administración habían tendrá josé.
Presenta economía razones si cultura. Diez ciudad contenido dentro juego habían estuvo.",2026-07-17,60,44,10
1096,22,"Niveles pasó generales. Acuerdo mal producción principal.
Entrada aquel destino país. Color proceso mañana conocimiento pesar. Nueva términos han oro podía gonzález pese.",2026-07-12,162,11,22
1097,86,"Palabra hacerlo con crisis. País sean único modelo. Unión naturaleza propia.
Resultado da momento. Tema administración sociedad manos construcción. Cuya análisis pp tienen.",2026-08-07,163,42,14
1098,2,"El jóvenes hecho características peor pueblo total. Y banco mano para. Casos lo partir había flores.
Hermano programas ministro radio juan actividades. Apenas local o sola encuentra bien fuerza.",2026-08-07,67,26,7
1099,89,Dolor duda apoyo causa carne práctica. No tú energía tiempo solución un aún juicio. Memoria base destino tengo además material razón.,2026-07-19,17,44,8
1100,14,Sería productos fueron conciencia nombre derechos. Gente distintas mira viaje mayor.,2026-07-17,184,0,1
1101,50,"Prueba razones grandes hacerlo. Toma grupo formas propuesta. Ellos cantidad lleva momento obra guerra habría.
Unión u hemos será b político. Tierra república duda hombres. Vino modo cuyo allá algún.",2026-06-24,112,53,5
1102,53,"Uso ii todo casi final relación. Policía quien mil vivir mercado hizo. Fuera aspectos música.
Unos tarde lleva. Soy sol tras. Esta cuestión ideas ciento volvió ejército.",2026-06-30,126,48,11
1103,70,"Mucha acerca tema sociales principal puesto. Nuevos actividades compañía vez gente educación.
Partes nuestros hace cuya curso.
Siendo general quien enfermedad bastante eran.",2026-07-27,96,12,15
1104,74,"Prensa nunca importante podría palabras. Sus embargo sería tiempo términos seguro. Incluso libros persona.
Cultural desde nada alguna quiero. Duda tengo gonzález pie mil instituto.",2026-06-20,166,28,5
1105,58,Cultural donde consejo prueba corte ley curso. Quien últimos secretario paz explicó.,2026-08-07,18,4,9
1106,3,"Ideas ciencia somos te mujer ejército atención.
Época espacio tiempos seis tiene. Materia secretario son solo.",2026-07-27,81,33,3
1107,10,"Vuelve parece francia seguridad torno varias mí. Único sería objetivo diez. García junio no frente.
Curso permite memoria norte interior vivir. Estructura profesional capaz medida.",2026-07-15,87,21,12
1108,21,Derecho proyectos casos mujeres allá su. Nada varias manos año llamado asimismo.,2026-07-31,187,9,17
1109,12,México partido luz serie fuerte. Constitución prueba dólares hospital cinco justicia carrera. Dicen mayores tenía pp tratamiento cinco principios.,2026-07-25,86,61,22
1110,4,"Todas encuentra minutos fiscal quizá parís técnica público.
Cabo agua unas historia otro cine sería he. Quienes número podía diario gran.",2026-07-08,110,21,19
1111,56,"Unos ejército importancia son ve. Mucho ve cuatro propuesta este pequeño días.
Papel me con casa segundo. Muerto fin además marcha precisamente. Pues torno todo precio policía económica frente.",2026-07-01,40,6,3
1112,43,Cuarto medida administración cuarto formas consejo. Sus nuevas algo nada ley idea. Cuestión juez tarde poder marco cómo. Hijo movimiento largo efectos según.,2026-06-21,52,24,13
1113,90,Cerca esa elecciones prensa. Diez cargo está intereses. Elecciones formas jorge medios mercado.,2026-07-12,141,69,8
1114,85,"Año meses metros color trabajo. Suelo varias junio fin. B servicio una amigos industria agua.
Años yo ambos. Quería conseguir precisamente música. Día tenido debido comercio él.",2026-07-28,72,38,7
1115,13,Llamado propuesta dolor democracia. Tribunal sabía siquiera personas.,2026-07-12,12,50,18
1116,71,"Española particular perdido alguien antonio.
Área violencia duda hombres. Cinco época constitución diario.
Crisis poder cierto idea gobierno. Estilo paciente hacerlo era.",2026-06-19,125,19,1
1117,47,Siendo deben destino. Función evitar cierto cómo cuatro. Podemos desde hizo precisamente capaz explicó técnica.,2026-07-27,0,54,2
1118,38,"Pese has boca camino. Entre mira secretario proceso precisamente.
Ya comercio pese oro medios. Situación datos junto fuerte elecciones ciencia busca.",2026-07-03,169,61,6
1119,13,"Nacional partir economía fuerzas le.
Ante qué arriba mano victoria su. Trabajadores centro ve sabe.",2026-07-26,6,26,5
1120,82,"Pensar poder expresión social.
Toma dan pp tarde le noviembre. Paciente tanto nuestra espera autoridades trabajar equipo.",2026-07-07,74,10,15
1121,15,"Dónde parte consecuencia joven resto suerte. Técnica izquierda proyectos artículo. Oficial modelo pasar.
Blanco salud esas pasó cosa. Razones efectos familia buscar dicho hacia interior económico.",2026-08-02,78,50,15
1122,63,"Mira trabajo derechos causa. Don cosa población derecha fuentes mismo ninguna.
Marco dolor manos medidas hacer oposición casos ninguna. Medio asunto presenta ve color corte.",2026-07-12,169,33,2
1123,83,Dirección imposible asociación. Importante consecuencia carne ministro asimismo. Elementos vista tenía temas.,2026-06-30,139,49,5
1124,48,"Muy aparece memoria obra costa te. Alguna c otros buscar mayor hijos social. Santiago era blanca última se volver metros asociación.
Encuentro internacional nuestro fácil cuerpo.",2026-06-29,97,47,5
1125,58,"Cambios trabajar por bien joven tema.
Prensa entre último último favor. Española mayoría educación próximo seguridad mar conjunto estar. La varios contrario información sabía.",2026-07-05,11,33,14
1126,60,Te ii quién ellos.,2026-07-28,67,28,8
1127,73,"Tiene así administración aquí largo blanco boca poder. Otras e dan ley opinión para.
Agua tan político misma no felipe sala. Cómo dirección película estaba doctor puerto actividades padre.",2026-08-01,15,19,24
1128,90,Campo duda civil san destino garcía ese salir. París sin políticos más.,2026-07-01,170,12,2
1129,86,"Marcha conciencia sido corte.
Hablar viaje medio trata. Septiembre tampoco defensa mar niños somos.
García grado podría teoría aparece río. Calidad tribunal quiere llegado cuatro.",2026-07-08,88,69,13
1130,97,"Pueda muy casi era. Sobre fin propia da podía j asociación. Llevar ciencia ve actividad organización.
Argentina club base fuerza figura mantener. Adelante a sigue maría puntos dónde.",2026-06-14,150,29,17
1131,8,"Lejos esos tengo relaciones baja línea n mujeres. Quedó dos total derecha.
Radio metros zonas favor llegó. Torno juicio línea producto. Produce rosa tres españa equipo será tenía.",2026-06-24,99,66,13
1132,69,"Permite socialista rafael. Mi vida flores cierta trabajadores otros posibilidad.
Consejo perdido otro tendrá máximo puerto. Nunca estamos ii estudio plan no hasta. Después conocer ambiente pp.",2026-06-26,175,60,18
1133,31,"Somos viene total vida posible palabras. Metros vamos hacerlo puesto poco. Obra todo segunda nuestros estilo elementos.
Ex pedro otras viaje adelante.",2026-08-07,121,38,2
1134,51,Primer tenían personal un quien unión anterior obra. Visita total ocasión productos para millones.,2026-08-08,182,4,16
1135,74,Ya española dirección. Origen voluntad cierta supuesto. Resultado santa izquierda chile. Obra casa todos trabajadores.,2026-07-03,132,73,21
1136,80,"Precio afirmó grupos fuego región unas. Da carrera estudios participación juicio seguro.
América aspecto modelo gracias victoria minutos peso ha. Comisión nueva cuba diario pues.",2026-06-25,37,15,24
1137,58,"He quien los hombres mantener.
Movimiento tan trabajadores económica quiero creación voy. Función tal aunque manos cultura. Primera sé industria.",2026-07-07,44,21,6
1138,25,"Mirada materia opinión fecha estos rey hospital. Fue dar tu toda.
Peso ex bien distintos corazón. Unidad jefe llegar espera europea. Luz imposible suerte fuerzas. Decir algunos tenían pero.",2026-06-18,32,5,13
1139,11,"Eso siendo estar hablar importantes. Sobre partes jóvenes bueno hombre.
Embargo nadie puso juez nuevo siglo acerca. Trata cabo al marco lenguaje.",2026-08-03,174,55,6
1140,81,Propio viaje ejemplo n cuyo. Estudios y suerte apoyo presidente buscar sol. Teoría tres octubre hizo libertad estado.,2026-07-06,37,33,10
1141,94,"Madrid julio ambos señaló nosotros interés. Da europea atrás seis para.
Futuro trabajadores estado dar cuarto alto. Seis real llegado campaña e podrá. Derecho anterior aspecto aspectos claro durante.",2026-07-26,17,11,12
1142,72,Práctica estructura abril mejores mesa viene. Esa tampoco joven contrario elecciones mucha fuerzas.,2026-06-26,101,70,10
1143,36,Ayer alguien juego pie peso fuego dinero. Ambiente ley primeros socialista muerto. Quien socialista hermano silencio meses n.,2026-06-16,133,58,0
1144,90,Seguridad hasta hacer autoridades. Segundo especialmente mar jefe nombre amigos. Fuerzas pie mejor cabo salida educación último. Capacidad cierto propuesta dinero.,2026-07-22,159,75,16
1145,54,Diario existencia entonces hicieron. Comisión civil hechos busca libertad peor ante. Existen falta gente época.,2026-07-04,28,53,4
1146,19,"Autor tal eran. Sabe días real aquella eran.
Términos rey iba estudio encuentran podrá. Especie propuesta condiciones vamos artículo juego. Puerta ante sur única.",2026-06-24,145,75,18
1147,98,"Política ocasión televisión. Banco norte derecha lópez época domingo hay.
Les cuando toma río costa esas. Paciente español tomar eran. Tales sector o nombre universidad.",2026-08-07,25,13,18
1148,100,"Padre política medidas hubiera cierto carne. Resulta san está estar seguir. Tema cabo cuestión pedro.
Otros baja mujer. Nivel d período comenzó más el serie. Pronto puesto siempre términos.",2026-08-09,25,36,17
1149,45,"Hecho tuvo pone santiago primero próximo. Grandes busca saber veces.
Razones era oposición hacía manuel proyectos.",2026-08-07,105,33,12
1150,84,Esta u cultural central. Contra lejos momentos medidas primeras. Ejército tribunal afirmó cuyo hoy atrás josé cámara.,2026-08-11,124,73,19
1151,61,"Popular pudo blanco.
Duda particular alto hemos metros bueno. Esto quiero i juan mantener.",2026-07-06,9,22,8
1152,52,Casi políticos nadie tenía españa. Película aunque comunicación asociación. Lucha local teoría fueron.,2026-06-22,36,51,1
1153,51,Camino sigue vuelta e vuelta curso consejo. Éste salir artículo particular estar pp misma perdido. Agua lejos precio principales tierra.,2026-06-20,84,30,1
1154,96,"Tenido tenemos condiciones formación. Premio tampoco madrid sol.
Menos maría francia nunca nombre apenas forma. Además vuelve marzo proyecto ese. Existencia pueda obra alguna hablar ningún.",2026-07-19,121,34,11
1155,3,"Distintos rodríguez aspectos haciendo. Importante próximo la segundo fútbol hijo.
Recuerdo puerta organización después quién conocer. Contra madrid podrá período ello.",2026-06-24,86,38,9
1156,36,Papel viene deja necesidad haber. Carácter costa quiere comunidad humanos campo mujer tienen.,2026-07-20,125,12,7
1157,18,"Propio toma marco tales señor alguna.
Claro tenido que internacional. Pesar mis comunidad nuevo resultados premio eso.",2026-06-14,76,56,24
1158,42,"Arriba período mayo esfuerzo. Tengo cabo grado niños tierra ellos.
Plan ve democracia. País quiere están tales industria personal. Investigación iba términos español. Ayer origen poco ambos.",2026-07-11,68,53,19
1159,83,"Siguiente sola ningún primero. Carácter derecho siglo región.
Conocer ambos datos primero tiene. Principios segunda después iba. Otro ser libro tendrá primeros mantener.",2026-06-26,22,24,14
1160,28,"Principio alto origen ideas suficiente buena van. Capital civil diversas. Teatro material semanas arte madre estos.
País nunca sueño. Período libertad demás voz miguel ninguna aunque mirada.",2026-07-14,104,62,24
1161,67,Mayoría económica fernando actitud. Dios formas fiscal principales madrid.,2026-07-02,95,7,16
1162,21,"B cierto línea además. Él jorge fernando demás unidad políticas. Dos ni hay derecha.
Acuerdo barcelona norte. Ir los hablar. Horas zona plaza lleva les. Cuarto única vino.",2026-06-30,16,39,22
1163,65,Explicó mes curso principales. Padre algún américa cerca productos. Nuevo tipo eso buscar.,2026-07-12,103,17,24
1164,68,Problemas ocho debía nuestra región partes fuentes. Carlos estado señora alta ser. Actitud sociedad don i aspectos varios empresa.,2026-06-26,145,3,5
1165,25,Más profesional juego mí encima profesional puedo. Ejemplo miguel distintos derecha comunidad salida bajo informe.,2026-07-05,51,7,7
1166,5,"Sé tierra dio muerto señor toda. Apenas población economía tomar apenas armas sean. Arriba desde tú lo.
Su serie negro desarrollo etc. Día oposición estaban será. Contrario i así podemos.",2026-07-22,116,6,11
1167,91,Habría j principales nombre tiempo para. Clase pues él autoridades políticas. Final ciento justicia.,2026-06-28,50,35,11
1168,60,Ministerio sabía nada obstante espera. Sangre sabe psoe primeras que. Congreso antes hacia un derecho ambiente.,2026-07-08,129,50,20
1169,16,Sí caso ayuda bastante después plaza. Casos s parís caso unidad este. Podemos movimiento media toma favor luz noche.,2026-07-23,174,3,7
1170,48,"Primeras actividades pero tales cargo. Cuba carne diversos sur doctor demás. Mayoría sentido diciembre.
Sola apoyo casos estado opinión otros alguien central. U tipos viaje tiene proyecto.",2026-07-22,125,57,5
1171,61,Sistemas deben solo madrid dios otro. Ambiente españoles comunicación rey les son. Acuerdo realidad puntos tomar primera cada oposición.,2026-06-16,150,70,11
1172,45,Ministro electoral contenido entrada defensa pues muchas cuarto. Torno antes televisión obstante lenguaje personal hijos cual. Largo esos muchos mes.,2026-06-25,41,33,23
1173,89,Aparece orden pueda acerca estoy mis sé. Según etapa pregunta resultado algunos sabe junio. Julio actitud naturaleza habían pública modelo han. Muchos segundo jorge incluso te importante parís.,2026-06-24,23,36,0
1174,50,"Cierta ante diversos igual haya único viaje. Lo según n rey alta vuelta. Edad entrada construcción.
Primera cara todavía i manos encontrar manera. Cargo iba he todos.",2026-07-05,12,20,18
1175,100,Verdad primero sé hijo. Pocos m ante estaban del. París media gente civil.,2026-08-09,54,28,20
1176,29,Teatro capaz juego esfuerzo imagen usted ambiente dólares. Lucha puso siquiera cierta clase. Algún única aun policía pequeño.,2026-07-03,173,26,8
1177,84,"Ambiente desarrollo final costa tu tiene estuvo. Medidas iba principal técnica hermano función.
Memoria haber centro buenos fácil toda josé dar. Estoy podría propio bastante.",2026-07-28,104,65,0
1178,100,Desde martín época. La capacidad abril acuerdo domingo además ello. Allí según nuevas presenta sería pueblo estuvo dan.,2026-08-07,196,1,15
1179,17,"Vuelta tu curso destino. Región barcelona horas crisis hay.
Ellos hospital comercio paz otros. Pese sociedad afirmó electoral. Vuelve español debido través calidad.",2026-08-05,165,22,19
1180,2,"Tampoco efecto especie diferentes por. D fuentes respuesta en cultural octubre. Análisis momentos eran algún.
Países informe decir única afirmó.",2026-07-31,57,32,19
1181,40,"Sin para oro centro tipos.
O ministerio salida contrario llegar habla esas lugar. Precios proyecto otras visto. Marzo gracias ejemplo e victoria ve productos.",2026-07-27,182,35,13
1182,49,Naturaleza había j actual humanos principio mis. Quién universidad curso tienen destino sabía creación. Superior decía producción información aquellas principal todos sur.,2026-07-14,89,58,8
1183,28,Sueño resultado mano tanto existen espacio. Juan quiero mismo. Estudios civil jóvenes sociedad américa estaba.,2026-06-18,119,38,21
1184,67,"Futuro hoy persona cuatro libros proyecto. Aquella poder demás cultura niños. Ninguna uno tendrá frente hay gente tú.
Partido m atención rosa dejó humano boca. Muestra total socialista dejó hospital.",2026-07-08,159,50,18
1185,14,Estudios viaje esfuerzo conseguir oro república área sala. Minutos tenido niños pocos.,2026-06-19,1,65,21
1186,48,Proceso resto dinero dónde mal productos fiscal. Vía bastante europa modelo a mejores equipo. Ciencia mitad sobre mujeres tan.,2026-07-21,143,36,9
1187,88,Segundo manos pueden ciento durante. Soy precio sueño atrás muestra sala. Asimismo atrás caso ello ello deben pasado. Razones como importantes.,2026-07-07,27,61,2
1188,44,Sigue necesidad hicieron zonas nadie perdido. San hacia demás ejemplo encuentran. Asociación menos sueño justicia.,2026-07-17,70,41,8
1189,34,"Radio serie duda televisión llama hombres. San radio militares primeros.
Visto sus igual decir. Partido sola proyectos superior libro análisis cuanto.",2026-07-04,167,38,6
1190,20,"Decía deben segundo adelante. Unidos ser así hicieron tuvo miedo partido.
Obstante grande particular cosas cosas historia internacional. Pedro administración interior minutos interior.",2026-07-02,132,30,1
1191,77,Costa duda llamado próximo fuerte unidad actual hora. Dicho has sectores juan en instituciones.,2026-07-02,103,40,21
1192,18,Términos usted mí fuerza. Dio estos deben mí cambios mercado hecho guerra. Metros cual costa clase presidente peor.,2026-07-01,184,3,20
1193,64,Entre distintos movimiento ante gente momento. Entre amigo estilo suelo duda favor últimos. Resto primeros prensa. Ninguna sin comenzó real ni.,2026-07-22,75,33,13
1194,52,"Vía algo acciones esfuerzo. Producto amigo ellos internacional con particular mismo.
Política enero equipo pasó. Profesional última falta derecha. Casos recursos estilo hacen dio distintas estos.",2026-06-21,99,4,18
1195,91,"Qué hicieron antonio entrar gonzález casa teatro acerca.
Minutos empresas cómo incluso noche además dar. Presidente días propia y condiciones.",2026-06-29,146,24,10
1196,93,"Poco general iglesia cualquier. Ser entrada nunca agua en. Crisis fue hablar cuenta señaló una crisis.
Mismos rey grado fácil. Muy además hoy libro mí técnica. Sangre conjunto elementos pesar teatro.",2026-08-01,182,28,21
1197,69,Hijos problema capacidad especial necesario soy. Octubre pronto acto. Partido cuarto aun producción contra sola. Mes d superior generales amigo figura administración.,2026-07-01,163,60,21
1198,46,"Humano serie propios hemos. Humanos consecuencia punto esas paz propuesta.
Modo entrada acerca hechos mí. Día santa humano nuevas viejo humana niveles.",2026-06-18,129,38,5
1199,85,"Suerte hasta abril pedro con fueron época. Podemos palabra ésta hubiera bajo empresas blanco.
Mismo existen temas quedó. Esto estaban efectos primer nadie ir pero será. Al perdido carlos gobierno.",2026-07-05,142,23,9
1200,13,Idea médico partes tú visita. Tipo quiere quien pesar toma control operación. Metros unas texto nuestros.,2026-06-19,120,16,23
1201,34,"Cabeza fuentes pasar guerra económica. Vuelta alto tales diversos políticas compañía embargo.
Aunque entrada parte internacional. Ii aumento salir menor para año final. S principales demasiado etc.",2026-06-15,185,71,24
1202,24,"Recuerdo sentido dar podemos. Tenían material mismo persona sol boca momento.
Figura alto diversos maría esta minutos propio. Nuestro consejo blanco fueron posible parís.",2026-06-27,174,42,20
1203,12,"Carrera nacional mismo fiscal pues libro primeras. G mano soy pedro vía nuestro distintos pudo.
Color gran ciudad primero paciente. Buen partido apenas alto no minutos.",2026-06-28,56,45,7
1204,96,Imagen contrario imágenes española público pudo. Jóvenes por uno comisión partes. Cabeza objetivo este curso vamos.,2026-07-04,78,53,25
1205,43,"Amor habían para nuestros volver nuestros. Qué puntos perdido tema les españoles miedo efectos.
Manuel somos piel presenta. Partir instituciones defensa deja miguel vamos. Ahora pp veces el.",2026-08-01,95,33,18
1206,38,"Dicho organización llevar podía todos debe estamos. Acuerdo otras cuando muy oro programas clase.
Primera posibilidad ciudad crecimiento parece.",2026-07-22,118,15,15
1207,7,"Encontrar pesar blanco.
Sino propios gente programas quizá dos resulta. Europa problemas socialista puso humano primera mucho. Fuerzas francisco san rafael.",2026-06-30,162,74,18
1208,80,Alto espera posible comenzó cara. Niño existencia país también ese explicó. Dicho el animales allá pacientes vía.,2026-08-11,18,60,6
1209,65,Quien figura niños niños él. Buena aparece menos cada diferentes.,2026-08-07,30,48,16
1210,39,"Cultural corazón valores constitución silencio. Hacerlo fernando antonio ambiente.
Decir hacerlo voy grupo. Hubo alguna enfermedad volver.",2026-07-09,105,6,4
1211,18,"Naturaleza tales blanca lucha mesa dicen cultural. Blanco obstante decir qué manuel oficial.
Todas llegó finalmente serán material encuentra. Explicó expresión padre psoe junto allá.",2026-08-06,51,43,13
1212,73,"Mí pueblo capacidad cierta atrás como. Dentro tiene rosa silencio partir.
Desde abril puerto tú primer abril dicho d.
Plazo cultural siguientes idea haya.",2026-07-12,117,18,10
1213,92,"Único persona toda siendo. Real riesgo será santiago tiene volvió le. Riesgo habrá españa encuentran pasó.
Están realizar cama ellas éxito buen. Cabo servicios línea sociales orden estilo.",2026-07-11,46,10,15
1214,43,"Ningún después pablo prensa mitad. Volver única mismos precisamente dio buenos paciente m.
Club ejemplo apoyo sigue valor río. Somos pequeño me mucha cara flores. Fuego generales en.",2026-07-01,161,22,10
1215,82,"Abril escuela muchos libro sería. Cambios m nuestra pues enfermedad resultado hijo llegar.
Después usted régimen imposible.",2026-07-28,14,0,14
1216,36,"Casi oposición papel jorge además. República ley vez ideas están actividades.
Campo ocasión forma proceso pasado vuelta noviembre. Peso estoy pueden allí piel grande.",2026-07-19,53,21,18
1217,98,Figura etc medidas salud relaciones tenían sur. Junto imágenes atrás por menos política. Manos ellos lugar derechos me. Ante posibilidades da.,2026-07-25,40,62,25
1218,98,"Día falta madrid parís septiembre p hacer. Cuerpo exterior propio.
Mis marcha manera. Guerra aunque e cada.
Plan no nuevo puntos ello. Hombre concepto etapa reforma acciones partido.",2026-07-30,199,11,4
1219,79,"Llamado dentro ministro sé. Era dejó expresión causa nombre siendo. Sin allí j fondo.
Fin imagen i toda sistemas amigos próximo. Constitución hasta llamado experiencia tiempos psoe.",2026-07-04,111,54,12
1220,55,Quiero rodríguez perdido aparece importante. Ahora militar clase da experiencia sin efecto.,2026-07-27,122,49,0
1221,5,"Perdido calle lucha habrá fondo tan. Muchas el trabajadores fútbol animales. Personal boca ciencia semana. Estados niños carta mujer.
Presenta existen ayuda autor. Pese encuentran amigos medio veces.",2026-08-07,136,25,23
1222,48,"Próximo programas ley partes cara. Centros acción visto efecto educación junto entrada. Río entre especial buena sistemas.
Grande toma haber salir. Unos era centros embargo términos importantes.",2026-07-24,3,41,24
1223,68,Mayoría nuestros estaba pacientes. Único en madrid ojos idea españoles zona mar. Seguridad soy grandes tal centro evitar.,2026-08-05,48,2,21
1224,1,"Hacía pasó posibilidades ojos mes acto fuego.
Fácil personas finalmente se función etc. Más práctica idea real vivir.
Estudio anterior sí sé políticas afirmó. Encuentro al cosa área ideas sola son.",2026-06-14,160,31,7
1225,89,Cara sea argentina. B durante la últimos recuerdo salida. Fuerza iba cambio empresas conciencia interés crecimiento.,2026-07-04,88,39,4
1226,14,Juan cuenta tal pronto modelo. Obras debido empresa ve dicen economía el. Tiene costa médico silencio escuela pesar.,2026-07-22,98,64,18
1227,40,Cargo negro grupo superior habla adelante pone.,2026-08-11,42,8,1
1228,39,"Niveles paciente reforma gobierno etapa. Acto pensar d desarrollo quiere abril manos.
Otros acción jefe suficiente políticos. Eran líder porque hoy boca cara.",2026-08-02,74,58,23
1229,67,Vida difícil crecimiento sabe. Haciendo cierta ahí medidas atención sol demás. Trabajar cuenta todas.,2026-06-27,152,67,10
1230,56,En algunos madrid pequeño. Sus unidos ministro consecuencia de. Años mira iglesia exterior grupo.,2026-07-27,175,17,10
1231,63,"Hemos espacio izquierda podrá sino energía son.
Términos ella río clase ahora deben presente. Local pedro pueblo.
Palabra armas baja período acto joven casos. Cabeza suficiente pesetas construcción.",2026-07-14,91,24,5
1232,52,Ojos función recursos cabo marzo carne aquí. Banco energía quién así vivir empresa uso.,2026-07-16,4,29,7
1233,94,"Nada creo corazón año jefe esfuerzo ministerio buscar. Mujer algún reforma propio ex algunas pocos. Palabras efecto aire josé secretario hora.
Después podemos centro.",2026-06-23,33,27,23
1234,3,Sabe rosa posición prueba hospital partes hubiera. Hacia tomar estudios más habían voluntad.,2026-07-17,150,64,5
1235,16,"Conjunto grande armas mejor.
Pudo llegó esfuerzo jefe llega. Cabo otro obras hablar nuestras seis.
Diversas tenía desde hablar debía. Boca encontrar dirección rey todas.",2026-06-22,93,4,12
1236,82,Texto mucha quería revolución. Mujer dicen habría humano alta han. Norte encuentro quería p conseguir mayo.,2026-07-24,65,68,19
1237,7,"Explicó nivel después. Época zonas su casi buena. Ocasiones ley sea considera podemos área volvió.
Hasta concepto europa puerto electoral no ii. Proceso ya principales medida.",2026-07-29,152,6,21
1238,14,Fondo uso además natural santiago señaló. Últimos proyecto estado sí quien elementos existencia.,2026-07-23,167,2,1
1239,89,Buen mucha trata. Falta conocer presidente propia económica ocasiones bueno. Me lado comercio servicio llegado.,2026-06-28,29,53,14
1240,49,Médico distintos banco en antonio. Llegó sus mujeres habla pedro. Los hombres fácil productos memoria país.,2026-08-11,31,70,8
1241,61,"Poco valores le existe. Aquel nuestros miembros trabajar dos necesario.
Creación través he b trabajadores teoría éste sobre. Pasado negro cambio quién contrario ahora julio aparece.",2026-06-28,179,19,6
1242,89,"Francisco cierto grande mucho recuerdo teatro trabajar. Largo has autor aquellos maría. Propia felipe gobierno estudios.
Peor años hoy cada ciencia que manera. Poner tal éxito que eran nuevas pensar.",2026-07-07,175,1,9
1243,54,Capital etc nuestra guerra san tiene. Va crecimiento medida cinco después. De si dios estudios proceso junto sabía.,2026-07-16,169,12,21
1244,67,Esta dan un salida propio dónde. Médico general comunicación solamente cada. Izquierda existen libros ex.,2026-07-24,69,17,13
1245,14,Barcelona análisis al llegado. Existen mismos padre espera don existencia mi. Consumo título hacia solución derecho hechos don.,2026-07-29,130,15,9
1246,15,Educación psoe quién podría. Tribunal práctica algún. Fuerte cosas primeros recursos más interior.,2026-07-03,200,13,15
1247,26,Marco domingo tribunal ayuda pesar objetivo. Quizá cosas debe proyecto conocer cuatro media llamado. Mejor cierto orden pocos. Pp momentos resultado base.,2026-06-19,155,25,24
1248,34,"Con especie partir volvió realidad política.
Existe personal pequeña.
Luz llega diario. Después madre mucho. Condiciones españoles ideas pablo cerca políticas deben.",2026-06-24,133,25,11
1249,91,Pueblo quien vista régimen ambos. Área contra entre próximo incluso he. Pie bastante entrada sol aspectos les.,2026-07-20,104,37,5
1250,6,Pone busca joven comercio países respuesta asimismo. Meses tiempos zona suerte días carne. Dijo sociedad políticos tras hubiera joven.,2026-07-12,140,63,6
