id_post,fecha_publicacion,hora,categoria,impresiones,vistas,likes,comentarios,shares,longitud
1,2026-07-26 16:54:35,16,tech,480,455,14,6,4,396
2,2026-06-18 09:13:51,9,tech,2098,1893,47,26,33,338
3,2026-04-26 15:13:19,15,tech,6930,5520,172,73,59,259
4,2026-05-08 08:20:41,8,tech,2847,2363,77,31,38,373
5,2026-06-12 12:05:15,12,business,1437,1109,17,10,6,173
6,2026-04-12 08:25:05,8,tech,82841,69311,2044,932,1177,518
7,2026-06-10 12:43:00,12,design,9889,8305,718,17,28,303
8,2026-02-28 12:10:25,12,tech,4944,4497,172,36,87,302
9,2026-02-25 11:19:54,11,design,2253,1589,109,7,4,381
10,2026-06-03 00:18:14,0,design,3943,2686,209,15,13,268
11,2026-07-02 10:28:45,10,design,1344,894,74,5,5,313
12,2026-06-09 21:27:02,21,tech,947,656,15,5,6,336
13,2026-02-22 18:16:32,18,business,14413,13247,370,80,78,175
14,2026-04-08 07:25:32,7,tech,1560,1427,56,20,16,376
15,2026-06-30 09:59:42,9,tech,7462,5934,132,60,65,393
16,2026-05-16 12:10:48,12,business,13404,11776,249,102,66,140
17,2026-03-11 01:27:13,1,tech,735,562,18,3,9,499
18,2026-07-01 20:56:35,20,business,12972,9276,270,71,77,188
19,2026-03-02 16:01:14,16,design,38572,27001,1737,202,133,295
20,2026-07-16 12:34:57,12,tech,1820,1232,48,12,19,371
21,2026-06-04 11:42:58,11,tech,1613,1065,25,6,14,331
22,2026-06-02 02:47:11,2,design,219,163,8,0,0,367
23,2026-07-21 17:52:06,17,tech,5466,4816,118,41,86,450
24,2026-04-19 17:22:00,17,tech,2174,1868,71,18,21,374
25,2026-06-03 19:38:57,19,tech,1318,992,29,12,19,442
26,2026-04-02 14:47:01,14,tech,3722,3255,125,17,36,285
27,2026-02-21 18:14:17,18,design,12259,10183,655,31,28,304
28,2026-04-17 08:07:00,8,business,5946,4216,58,24,38,167
29,2026-05-22 15:31:31,15,design,4392,3217,222,24,11,265
30,2026-04-29 12:48:38,12,tech,277,221,6,1,3,405
31,2026-08-12 09:43:39,9,business,2947,2642,52,13,20,95
32,2026-07-02 12:15:04,12,design,4901,4133,367,9,17,353
33,2026-07-25 11:53:05,11,business,3681,3397,72,26,26,163
34,2026-08-17 09:05:14,9,tech,5586,5084,112,57,78,265
35,2026-05-26 21:43:37,21,tech,888,793,25,4,7,378
36,2026-05-01 18:06:30,18,business,34000,22500,364,81,118,184
37,2026-03-03 10:13:15,10,business,4020,2676,61,14,18,171
38,2026-06-09 10:13:32,10,design,5703,4779,239,37,17,291
39,2026-07-11 17:11:36,17,business,36812,32670,893,153,206,170
40,2026-07-22 17:43:24,17,tech,20000,16662,516,248,207,441
41,2026-03-11 09:00:28,9,design,7389,4970,322,26,17,286
42,2026-05-25 14:23:35,14,tech,1760,1343,53,10,11,493
43,2026-08-11 13:47:43,13,tech,12195,9957,377,129,185,424
44,2026-04-30 12:45:09,12,design,728,483,33,2,2,287
45,2026-04-13 10:51:59,10,tech,1032,801,21,8,7,348
46,2026-05-15 17:57:31,17,tech,3686,2781,95,40,40,461
47,2026-08-01 03:57:24,3,design,1587,1080,92,4,2,318
48,2026-04-21 22:33:46,22,business,2788,1843,26,8,11,111
49,2026-04-29 11:21:03,11,tech,3483,2994,75,33,47,397
50,2026-07-23 17:44:32,17,tech,14840,13407,327,114,182,179
51,2026-05-17 18:30:04,18,business,2154,1552,30,6,7,172
52,2026-07-14 08:22:34,8,design,5017,4675,283,33,25,320
53,2026-06-09 19:22:28,19,tech,2691,2123,78,27,42,512
54,2026-06-26 18:46:51,18,business,1826,1689,44,7,15,199
55,2026-06-07 09:06:36,9,design,1913,1681,118,7,9,258
56,2026-04-17 12:39:56,12,design,12273,9116,618,54,28,312
57,2026-03-21 13:26:52,13,tech,6347,5750,158,77,113,506
58,2026-08-08 15:37:19,15,tech,2639,2086,69,10,25,451
59,2026-04-03 06:23:08,6,tech,10675,9145,246,109,160,273
60,2026-03-28 16:38:11,16,design,12453,9106,616,64,37,331
61,2026-05-29 08:37:15,8,design,9741,9093,609,22,45,351
62,2026-04-27 14:13:16,14,tech,3173,2738,91,25,38,386
63,2026-03-20 16:14:57,16,design,7419,5491,316,21,23,410
64,2026-05-28 08:02:09,8,business,9728,7405,196,53,62,147
65,2026-05-08 10:14:47,10,tech,94284,81324,2818,713,903,485
66,2026-07-02 12:59:55,12,business,2144,1606,19,12,14,151
67,2026-05-08 09:14:24,9,tech,879,635,22,3,12,422
68,2026-02-23 11:41:56,11,business,3069,2045,50,19,9,159
69,2026-03-10 19:48:02,19,tech,13562,10465,291,95,156,544
70,2026-06-12 07:07:39,7,tech,13680,11801,384,74,159,321
71,2026-04-18 08:55:53,8,design,2545,2159,177,6,9,373
72,2026-07-24 09:27:04,9,tech,3494,2585,59,17,34,506
73,2026-03-25 17:28:42,17,design,3859,3470,254,14,7,376
74,2026-03-07 18:27:48,18,tech,9372,6908,243,93,83,489
75,2026-05-25 12:07:25,12,business,25883,24334,618,117,242,121
76,2026-08-09 17:43:53,17,tech,4027,2737,78,39,27,500
77,2026-08-04 16:00:53,16,design,2439,1642,135,10,5,226
78,2026-07-18 18:14:10,18,tech,22604,16048,533,208,271,442
79,2026-07-19 15:15:39,15,tech,2694,1867,64,26,31,301
80,2026-06-03 17:47:02,17,design,4869,3452,189,8,11,278
81,2026-05-19 13:17:37,13,tech,9618,8423,309,77,83,493
82,2026-07-22 19:31:52,19,tech,2863,2354,80,23,44,346
83,2026-06-16 13:44:07,13,tech,4319,3040,77,32,45,458
84,2026-07-16 20:16:11,20,business,6836,4926,115,22,29,161
85,2026-06-28 14:23:11,14,tech,39034,31394,902,439,299,412
86,2026-05-22 10:42:11,10,design,8019,5594,363,21,30,266
87,2026-05-11 11:41:17,11,tech,4230,3284,77,38,39,526
88,2026-05-25 19:55:24,19,tech,3101,2581,60,32,40,388
89,2026-07-02 11:41:33,11,design,1325,944,65,4,3,262
90,2026-08-18 21:41:11,21,design,247,163,9,0,0,292
91,2026-04-06 16:39:34,16,business,4530,3498,49,25,24,155
92,2026-07-20 05:13:13,5,design,4330,3970,217,14,19,365
93,2026-05-03 17:40:54,17,design,5921,4146,333,9,16,281
94,2026-07-18 14:40:08,14,design,4154,3456,307,20,19,336
95,2026-07-03 17:29:46,17,tech,974,777,16,4,9,402
96,2026-03-28 12:44:00,12,tech,11884,8949,354,105,90,285
97,2026-03-27 09:30:02,9,design,6685,6273,418,47,16,210
98,2026-04-24 08:14:31,8,business,11107,8552,200,37,53,93
99,2026-05-20 18:40:25,18,tech,9514,8930,196,59,177,530
100,2026-08-12 19:01:00,19,tech,1479,1088,22,12,21,264
101,2026-04-09 08:42:50,8,tech,14519,12570,497,178,203,275
102,2026-04-13 14:59:06,14,tech,4155,3242,104,27,56,315
103,2026-03-21 18:20:37,18,tech,7327,5220,148,50,73,455
104,2026-06-01 15:19:55,15,tech,6959,5811,190,78,98,538
105,2026-06-05 16:34:46,16,tech,12965,10500,390,86,100,481
106,2026-05-02 05:21:18,5,business,7870,6653,155,44,54,167
107,2026-06-15 16:49:16,16,tech,25036,20172,724,241,349,392
108,2026-07-13 08:16:56,8,business,8351,5433,101,18,39,131
109,2026-04-14 13:19:56,13,design,7675,6958,615,36,29,302
110,2026-06-18 11:17:02,11,design,58837,49120,4194,98,232,326
111,2026-05-14 18:24:50,18,tech,32678,30995,767,358,414,416
112,2026-03-25 15:29:48,15,business,2195,2066,61,17,9,150
113,2026-05-01 20:49:46,20,tech,758,618,17,7,10,285
114,2026-08-06 21:58:50,21,design,15181,11222,734,67,31,333
115,2026-06-14 08:07:40,8,business,14344,10074,291,51,80,165
116,2026-06-02 18:00:39,18,tech,6910,4797,139,57,40,360
117,2026-06-14 07:23:29,7,tech,4494,3084,70,26,36,513
118,2026-03-22 16:27:07,16,tech,2125,1469,48,17,25,410
119,2026-07-30 23:43:31,23,tech,3712,2545,75,13,24,496
120,2026-05-08 08:47:02,8,business,6876,6317,150,32,53,172
121,2026-08-01 11:20:57,11,business,6004,5127,53,40,50,172
122,2026-07-16 12:13:22,12,tech,19083,13867,491,89,252,442
123,2026-04-05 17:19:13,17,design,9609,8532,595,65,50,213
124,2026-05-26 09:02:51,9,design,2057,1545,128,10,4,333
125,2026-06-28 03:09:02,3,design,650,422,21,2,2,338
126,2026-03-21 09:01:05,9,tech,16923,12509,298,117,234,418
127,2026-06-10 09:14:21,9,business,3012,2071,43,16,10,172
128,2026-04-19 14:59:42,14,business,2529,2107,54,20,9,103
129,2026-04-04 10:30:20,10,design,2708,2455,220,14,6,300
130,2026-03-21 08:34:10,8,tech,4744,3143,75,29,41,285
131,2026-03-03 16:53:01,16,design,1934,1619,105,11,3,352
132,2026-08-15 07:05:11,7,business,11360,9957,168,47,55,178
133,2026-03-21 18:09:10,18,design,3519,2893,223,10,15,293
134,2026-06-14 13:03:21,13,design,6507,4253,346,24,14,400
135,2026-04-14 17:05:36,17,tech,3160,2889,70,38,36,352
136,2026-05-17 12:07:14,12,design,1619,1524,108,3,3,369
137,2026-03-18 07:47:21,7,design,10042,9267,553,33,38,274
138,2026-03-02 15:29:47,15,tech,17189,14108,563,177,156,306
139,2026-03-17 18:31:02,18,tech,1418,1205,26,6,9,503
140,2026-06-14 09:34:31,9,tech,616,415,10,4,7,401
141,2026-05-03 12:57:58,12,tech,12530,10583,370,151,176,553
142,2026-02-28 10:13:23,10,design,768,673,51,2,1,251
143,2026-05-09 15:39:08,15,tech,2577,1845,67,23,34,337
144,2026-05-31 06:02:49,6,business,9181,7229,81,29,68,127
145,2026-03-04 17:50:45,17,business,31293,23460,696,176,211,162
146,2026-06-06 11:52:00,11,design,1699,1334,67,8,5,268
147,2026-07-20 00:58:16,0,tech,6686,4897,155,68,94,431
148,2026-08-10 15:45:18,15,tech,8292,7419,203,52,100,524
149,2026-07-29 17:27:44,17,tech,8940,6483,168,76,58,418
150,2026-07-11 15:45:37,15,business,6242,5621,69,30,24,123
151,2026-06-12 09:56:50,9,design,3008,2203,134,10,10,283
152,2026-04-20 21:48:48,21,design,1146,992,80,7,3,308
153,2026-06-09 08:52:13,8,business,31394,27951,720,123,162,137
154,2026-07-16 14:10:27,14,business,9968,9093,195,39,74,119
155,2026-02-23 11:58:59,11,tech,459,336,8,2,3,511
156,2026-03-23 10:13:57,10,design,29365,27760,1569,181,117,254
157,2026-06-10 10:29:43,10,tech,2139,1677,64,15,29,399
158,2026-02-28 20:15:25,20,design,3984,2993,209,19,12,254
159,2026-04-26 09:10:33,9,design,2725,1987,173,13,4,310
160,2026-03-14 08:04:38,8,tech,12053,11085,264,57,145,473
161,2026-05-07 09:46:05,9,design,16198,13672,727,92,69,280
162,2026-07-02 02:30:01,2,tech,153,128,3,0,1,361
163,2026-02-23 11:57:37,11,design,70735,53847,3918,213,169,222
164,2026-02-21 18:20:31,18,tech,2358,1786,38,23,15,359
165,2026-03-31 14:14:24,14,design,3319,2694,219,14,15,341
166,2026-05-09 17:09:57,17,design,18055,16054,1049,126,41,276
167,2026-08-11 15:19:57,15,business,196,131,2,0,0,203
168,2026-05-27 07:46:22,7,business,4897,3405,93,31,20,136
169,2026-05-19 10:09:14,10,design,17587,12174,1027,32,53,344
170,2026-07-15 08:51:51,8,design,9926,9398,601,29,39,280
171,2026-03-31 09:22:11,9,design,9602,8019,415,55,23,302
172,2026-07-10 01:38:05,1,tech,3197,3008,100,24,27,454
173,2026-03-18 08:00:49,8,design,4526,3886,316,12,23,278
174,2026-04-25 12:20:03,12,business,3265,2430,66,17,13,140
175,2026-07-27 08:37:42,8,business,9679,9057,239,31,87,115
176,2026-05-31 14:00:56,14,tech,4330,3872,154,30,51,378
177,2026-04-14 20:03:52,20,business,1251,1064,20,9,4,112
178,2026-07-08 14:50:45,14,design,14694,9785,728,26,30,302
179,2026-06-28 13:02:36,13,tech,2207,2030,72,27,39,466
180,2026-04-20 11:46:39,11,design,10923,9267,473,28,40,280
181,2026-03-10 12:20:53,12,design,5229,4112,222,25,21,367
182,2026-03-08 17:33:16,17,business,1716,1355,24,6,12,132
183,2026-07-28 18:36:43,18,tech,1706,1161,39,9,14,473
184,2026-08-01 17:23:58,17,tech,631,489,12,2,4,400
185,2026-07-15 17:47:05,17,tech,5331,4065,92,50,58,560
186,2026-08-05 09:05:49,9,business,13218,8781,154,65,62,98
187,2026-04-14 13:39:02,13,tech,40028,26666,845,354,389,272
188,2026-04-16 16:28:45,16,tech,569,377,14,3,4,346
189,2026-07-13 18:05:20,18,tech,19393,12617,489,188,120,504
190,2026-05-20 18:07:47,18,tech,3390,2785,97,17,32,416
191,2026-03-11 19:40:01,19,design,17011,14513,1238,35,41,309
192,2026-04-10 10:11:10,10,tech,563,510,12,5,7,470
193,2026-08-02 23:44:09,23,business,947,690,17,3,3,175
194,2026-06-22 16:16:34,16,design,520,463,29,1,1,361
195,2026-02-23 11:09:17,11,tech,3069,2411,90,29,44,334
196,2026-03-24 09:20:54,9,design,4273,4015,344,29,20,281
197,2026-07-07 18:36:42,18,tech,5202,3940,125,28,65,462
198,2026-08-16 02:10:40,2,tech,560,411,12,2,5,295
199,2026-05-13 09:46:24,9,design,575,434,32,1,2,270
200,2026-03-15 11:45:18,11,business,18443,13616,381,130,81,155
201,2026-08-05 14:59:23,14,tech,8893,7035,277,102,73,395
202,2026-04-21 05:46:09,5,design,3346,2435,156,8,10,325
203,2026-07-02 13:19:10,13,business,4879,3230,36,13,25,150
204,2026-05-13 05:39:52,5,tech,1485,1353,36,11,13,339
205,2026-02-22 14:56:15,14,tech,14395,12000,296,125,215,516
206,2026-04-11 17:58:37,17,tech,1519,1018,35,7,16,538
207,2026-08-10 09:50:05,9,tech,11699,8458,259,66,113,355
208,2026-06-18 12:16:10,12,design,19523,16471,1013,101,77,339
209,2026-07-02 11:49:30,11,tech,4697,3910,155,48,35,213
210,2026-08-06 08:04:10,8,business,5974,5337,111,43,50,97
211,2026-08-12 08:47:50,8,design,2028,1686,150,3,4,221
212,2026-04-16 17:04:06,17,design,12688,9076,757,44,38,379
213,2026-04-14 21:12:43,21,tech,20871,14606,405,149,145,384
214,2026-03-31 08:49:10,8,design,1063,754,50,3,2,284
215,2026-08-18 00:06:49,0,business,5619,4403,79,40,20,171
216,2026-05-10 19:04:29,19,business,886,609,10,2,5,137
217,2026-04-17 10:03:34,10,design,8229,7023,623,30,18,349
218,2026-03-27 17:24:58,17,business,6706,5779,107,52,51,171
219,2026-03-03 17:49:20,17,business,13650,11254,280,89,52,187
220,2026-05-17 08:38:28,8,design,1586,1304,68,4,4,262
221,2026-02-25 05:37:36,5,tech,351,270,5,3,4,442
222,2026-03-04 17:30:47,17,tech,5632,4186,135,58,72,376
223,2026-04-28 20:26:51,20,tech,2575,1899,68,14,31,354
224,2026-03-13 09:07:33,9,tech,8971,6038,189,41,97,432
225,2026-08-15 15:31:12,15,design,5371,4235,316,33,8,292
226,2026-07-01 10:22:32,10,tech,1573,1037,23,8,15,270
227,2026-03-17 13:06:19,13,design,3959,3597,319,18,19,374
228,2026-07-25 12:17:53,12,design,1795,1193,98,2,5,237
229,2026-06-11 11:51:56,11,business,34437,28682,371,114,140,104
230,2026-08-15 17:24:34,17,business,548,404,5,3,2,178
231,2026-03-04 22:01:00,22,tech,3599,2943,82,42,33,245
232,2026-02-28 17:15:29,17,tech,4841,3373,96,41,44,542
233,2026-08-03 12:49:01,12,business,1429,983,24,3,7,149
234,2026-07-16 11:10:57,11,design,6968,6507,390,41,16,274
235,2026-02-21 09:52:49,9,tech,5095,4731,162,48,69,556
236,2026-06-26 18:06:55,18,design,2845,2220,121,5,7,323
237,2026-05-21 09:45:22,9,design,2378,2159,189,11,5,306
238,2026-04-24 08:29:10,8,tech,5563,4850,191,26,69,593
239,2026-06-13 11:54:20,11,business,31880,26834,743,154,223,94
240,2026-02-22 17:01:50,17,tech,30788,25436,738,183,299,257
241,2026-04-08 14:05:02,14,business,2934,2675,54,24,10,118
242,2026-07-12 05:46:15,5,tech,276,228,7,2,2,328
243,2026-05-02 11:09:21,11,tech,686,649,20,7,5,361
244,2026-04-09 08:09:30,8,tech,14797,9656,364,64,132,357
245,2026-08-13 12:19:18,12,design,8038,6716,491,29,18,326
246,2026-04-28 08:05:27,8,business,9668,6340,80,60,32,148
247,2026-08-14 16:54:36,16,tech,14522,10996,270,107,103,388
248,2026-04-23 15:57:46,15,business,2235,1534,34,10,13,149
249,2026-05-11 18:47:03,18,business,14373,11721,174,95,112,129
250,2026-04-02 10:26:02,10,design,843,634,34,1,3,357
251,2026-05-27 15:02:41,15,tech,1500,1011,34,7,9,421
252,2026-06-07 08:16:11,8,tech,10917,7341,243,108,123,292
253,2026-02-21 14:55:54,14,business,5801,4702,47,31,30,135
254,2026-06-14 18:34:17,18,business,20800,16703,338,151,152,146
255,2026-03-28 09:53:12,9,tech,8645,6798,240,57,134,580
256,2026-05-20 10:37:06,10,design,4434,3197,264,12,17,411
257,2026-08-10 18:41:24,18,business,11659,10143,141,30,64,75
258,2026-05-07 12:28:57,12,design,1425,1001,65,5,3,351
259,2026-06-03 08:25:40,8,tech,11199,10627,260,112,102,346
260,2026-03-25 19:37:17,19,design,3362,3178,204,13,11,383
261,2026-07-09 15:13:38,15,tech,1318,1120,29,6,14,550
262,2026-06-18 09:13:18,9,tech,9332,8451,327,55,113,392
263,2026-08-09 10:33:43,10,tech,12710,8458,191,103,108,513
264,2026-04-08 13:17:11,13,design,269,236,13,0,1,223
265,2026-03-23 23:09:21,23,tech,30931,25611,825,360,291,481
266,2026-07-10 21:03:48,21,design,2589,1702,119,5,10,253
267,2026-02-22 19:29:24,19,business,2124,1990,27,10,10,165
268,2026-07-18 17:43:02,17,business,6103,4114,48,40,21,148
269,2026-08-02 18:56:10,18,design,1381,1177,103,8,3,331
270,2026-03-14 04:08:25,4,design,11387,8400,713,38,26,259
271,2026-04-05 15:06:53,15,tech,826,552,21,6,6,482
272,2026-06-20 14:01:21,14,design,681,598,43,4,1,276
273,2026-04-30 07:05:40,7,tech,1534,1189,29,7,15,354
274,2026-02-27 10:31:01,10,business,5816,4883,119,23,34,165
275,2026-05-16 13:16:39,13,tech,7439,5740,222,35,70,402
276,2026-07-19 17:38:05,17,design,7358,4921,272,30,16,361
277,2026-05-05 09:50:29,9,design,406,317,23,1,1,291
278,2026-07-11 18:12:37,18,tech,15203,13964,443,122,229,544
279,2026-08-13 10:14:31,10,tech,11374,9643,212,48,93,561
280,2026-04-12 16:06:51,16,design,24928,17876,1495,48,72,396
281,2026-05-20 14:39:35,14,design,2687,2203,159,11,8,352
282,2026-04-21 17:33:36,17,tech,18766,13402,344,199,267,453
283,2026-03-28 15:12:24,15,tech,9825,6670,211,58,100,532
284,2026-05-20 13:08:50,13,business,1676,1425,31,8,13,109
285,2026-07-22 09:03:47,9,design,8070,7462,542,28,21,299
286,2026-03-15 09:43:24,9,tech,22522,19653,504,111,275,467
287,2026-04-25 17:01:20,17,tech,3426,3197,116,40,28,600
288,2026-08-04 17:38:37,17,tech,6493,5873,136,46,90,338
289,2026-07-26 09:03:37,9,business,1408,1308,33,11,5,139
290,2026-06-30 16:13:39,16,design,10672,7180,410,51,28,228
291,2026-06-10 12:33:48,12,tech,5683,4716,167,24,91,501
292,2026-08-18 18:35:08,18,tech,11058,9605,310,73,112,392
293,2026-04-08 11:49:42,11,design,1264,922,50,3,4,268
294,2026-05-11 16:48:13,16,tech,5702,3977,100,22,45,410
295,2026-03-21 06:51:48,6,business,24333,21301,324,125,98,79
296,2026-05-18 10:32:37,10,tech,3634,2916,64,17,36,314
297,2026-03-22 12:16:13,12,tech,2799,1847,64,15,33,367
298,2026-06-29 11:43:32,11,tech,5289,4220,152,43,42,362
299,2026-04-06 19:49:17,19,business,3215,2692,71,12,16,103
300,2026-07-26 10:28:17,10,business,883,587,5,3,5,103
301,2026-05-05 08:26:18,8,tech,2476,2157,63,31,34,304
302,2026-02-27 12:02:25,12,tech,4773,4461,176,59,44,387
303,2026-03-07 15:32:13,15,tech,3537,2886,64,30,39,450
304,2026-04-25 11:43:09,11,business,2341,2132,37,12,20,148
305,2026-07-23 15:39:25,15,business,4404,2944,73,9,25,176
306,2026-07-04 16:49:42,16,tech,756,633,19,4,6,516
307,2026-02-22 16:54:15,16,tech,3343,2970,107,37,49,400
308,2026-05-03 18:55:01,18,tech,15685,10811,253,154,144,282
309,2026-06-13 12:27:37,12,design,3512,2483,169,15,8,321
310,2026-05-20 11:46:34,11,design,1085,888,51,2,4,312
311,2026-03-26 08:47:34,8,tech,10084,8902,315,78,160,288
312,2026-07-01 10:16:56,10,tech,1426,1109,24,14,18,369
313,2026-02-25 09:54:05,9,tech,2181,1641,49,9,25,312
314,2026-05-15 16:04:38,16,business,5548,3874,48,17,30,138
315,2026-07-19 17:27:51,17,business,29915,26347,481,137,258,178
316,2026-08-04 16:02:10,16,tech,4071,3673,144,26,71,640
317,2026-04-17 19:21:01,19,design,2618,1789,142,5,8,190
318,2026-06-28 10:01:31,10,tech,18180,12250,453,119,192,312
319,2026-07-14 13:08:38,13,tech,20036,15217,400,91,284,393
320,2026-02-24 11:29:35,11,design,3648,2575,224,17,15,349
321,2026-07-15 11:36:48,11,tech,10594,8999,292,68,96,493
322,2026-03-03 06:46:23,6,tech,5142,4496,159,41,58,405
323,2026-04-30 18:30:17,18,tech,67369,45131,1405,313,676,490
324,2026-06-15 17:23:03,17,tech,3361,2731,84,33,54,432
325,2026-03-19 08:08:39,8,design,25256,21769,1637,132,48,351
326,2026-08-16 23:37:43,23,tech,18400,12491,340,118,146,417
327,2026-03-05 16:17:28,16,business,4439,3690,86,28,26,123
328,2026-04-09 11:45:36,11,tech,4704,4353,148,62,45,388
329,2026-03-21 08:59:10,8,tech,1648,1151,36,16,22,306
330,2026-03-11 14:39:37,14,tech,1433,949,31,7,10,395
331,2026-04-02 15:22:36,15,tech,1237,935,33,9,15,369
332,2026-05-17 08:48:10,8,tech,15016,12143,462,94,157,460
333,2026-07-13 17:09:07,17,business,2090,1700,26,7,16,142
334,2026-08-16 10:06:30,10,tech,1872,1680,41,22,21,496
335,2026-07-25 09:45:42,9,tech,77324,65537,2361,524,1151,496
336,2026-07-25 07:08:42,7,tech,2072,1870,37,27,33,477
337,2026-06-10 12:32:19,12,design,3715,3397,182,25,7,292
338,2026-08-09 11:27:32,11,tech,7477,5304,131,32,57,293
339,2026-05-23 10:57:14,10,tech,39006,32242,892,297,317,238
340,2026-04-20 18:39:50,18,tech,3593,3317,114,29,37,393
341,2026-03-07 19:43:08,19,design,2139,2013,118,8,9,283
342,2026-03-12 09:56:28,9,business,8163,6380,162,62,30,113
343,2026-03-11 20:53:20,20,design,1728,1455,84,8,4,331
344,2026-07-13 17:59:43,17,design,19242,14169,1102,79,41,299
345,2026-06-07 00:19:21,0,tech,1793,1465,41,21,19,455
346,2026-03-05 09:38:55,9,tech,18838,17879,459,230,175,466
347,2026-07-10 15:05:51,15,design,26995,21160,1216,131,84,320
348,2026-05-31 19:16:08,19,tech,2965,2329,70,26,33,335
349,2026-05-31 06:19:46,6,design,3770,2699,185,9,15,314
350,2026-03-09 10:35:30,10,business,11951,9742,183,92,42,174
351,2026-08-13 23:27:04,23,design,2215,1495,96,8,7,326
352,2026-02-23 17:14:35,17,business,9349,8024,135,48,39,188
353,2026-06-10 10:29:10,10,design,1127,928,49,3,2,295
354,2026-03-29 11:53:44,11,tech,1522,1081,21,11,20,359
355,2026-06-18 17:52:08,17,tech,3508,2930,116,25,43,281
356,2026-08-07 11:48:44,11,business,2139,1530,37,13,14,126
357,2026-07-23 09:27:17,9,design,4094,2715,147,17,9,383
358,2026-08-05 17:36:23,17,design,9163,6820,543,48,14,291
359,2026-03-24 14:30:06,14,business,13257,11227,129,90,69,142
360,2026-06-09 22:18:47,22,design,3907,2897,216,10,5,310
361,2026-03-11 14:10:44,14,design,9297,6205,345,31,15,296
362,2026-07-10 17:43:19,17,business,3173,2598,47,17,23,115
363,2026-04-12 06:50:38,6,tech,1347,1034,32,7,19,548
364,2026-08-09 17:11:47,17,design,36577,34305,1734,227,86,342
365,2026-05-12 15:41:33,15,tech,67359,44609,1093,432,800,448
366,2026-04-20 13:58:05,13,design,347,284,16,1,1,317
367,2026-04-01 09:46:31,9,tech,545,514,13,4,4,323
368,2026-05-27 13:47:42,13,tech,720,517,19,2,7,391
369,2026-05-24 17:01:46,17,tech,2736,1885,44,13,36,399
370,2026-06-04 08:59:30,8,design,3427,2883,193,15,12,326
371,2026-07-08 07:06:34,7,business,1464,1257,20,5,11,166
372,2026-08-13 15:08:57,15,tech,4286,3603,137,21,67,304
373,2026-08-13 13:32:52,13,business,703,561,11,5,2,144
374,2026-08-12 12:55:08,12,design,4369,3040,249,10,16,315
375,2026-06-18 18:06:07,18,design,1706,1423,98,9,4,414
376,2026-08-19 08:33:36,8,design,4947,3986,301,10,19,275
377,2026-08-05 10:48:11,10,tech,6005,5554,147,42,67,405
378,2026-04-03 17:24:21,17,design,798,597,53,2,3,239
379,2026-07-24 16:44:14,16,design,1131,894,63,5,4,330
380,2026-04-15 16:29:54,16,tech,17143,16087,497,131,137,357
381,2026-04-10 17:40:37,17,design,3213,2458,162,7,11,347
382,2026-06-03 10:35:26,10,design,18872,12812,1038,74,25,181
383,2026-07-28 08:17:55,8,design,4871,3555,180,11,18,385
384,2026-06-16 16:56:48,16,business,345,283,6,1,1,137
385,2026-05-30 13:34:03,13,design,4972,4156,280,12,16,259
386,2026-05-10 07:26:48,7,tech,328,298,9,3,4,232
387,2026-05-03 18:58:22,18,design,3287,2797,162,16,10,335
388,2026-04-22 15:10:22,15,business,1915,1784,50,10,17,130
389,2026-08-16 21:35:24,21,business,3997,2854,55,16,24,134
390,2026-05-23 18:08:10,18,tech,92602,60943,1782,494,1139,468
391,2026-07-29 11:05:41,11,design,5243,3799,251,9,22,296
392,2026-08-14 17:26:10,17,tech,1452,1120,42,8,17,422
393,2026-04-21 12:45:16,12,tech,17857,16128,481,117,161,364
394,2026-03-29 17:29:40,17,design,6662,5905,415,45,17,238
395,2026-07-19 18:08:22,18,tech,7374,6200,158,64,112,599
396,2026-08-10 18:20:44,18,tech,2719,2338,50,20,43,373
397,2026-06-29 09:52:52,9,tech,3472,2803,80,21,43,257
398,2026-03-27 12:29:37,12,tech,2780,2083,62,29,25,261
399,2026-06-09 17:20:42,17,tech,6331,4357,138,54,48,473
400,2026-08-09 17:09:18,17,tech,5193,4713,151,28,46,561
401,2026-05-06 08:25:08,8,tech,17976,13873,373,92,245,464
402,2026-05-12 18:02:12,18,design,3780,2787,148,20,9,291
403,2026-08-13 08:33:01,8,tech,1761,1471,44,20,19,308
404,2026-03-22 15:10:35,15,design,4331,3412,223,10,12,294
405,2026-05-11 08:56:38,8,tech,708,508,18,4,4,403
406,2026-07-20 09:07:34,9,design,973,861,45,2,3,257
407,2026-04-29 15:00:24,15,tech,6920,6398,195,37,69,284
408,2026-06-28 10:09:19,10,tech,3685,3029,91,30,45,529
409,2026-05-14 13:13:10,13,tech,5318,4622,171,64,56,528
410,2026-03-31 08:38:15,8,tech,10810,9060,298,115,180,422
411,2026-08-08 18:33:21,18,design,1846,1667,120,3,6,288
412,2026-04-28 09:56:31,9,design,588,489,26,1,1,266
413,2026-08-07 07:53:24,7,business,910,708,18,3,3,125
414,2026-05-20 07:46:47,7,tech,6513,5298,210,40,69,401
415,2026-07-24 13:38:17,13,tech,855,600,13,4,7,401
416,2026-04-13 16:52:07,16,design,1977,1423,72,4,4,272
417,2026-07-21 10:23:27,10,business,18149,11911,251,104,70,99
418,2026-07-05 17:46:28,17,tech,5355,4460,124,37,44,449
419,2026-07-18 09:04:43,9,business,17530,14781,406,142,121,124
420,2026-04-16 17:58:08,17,design,8814,7044,507,32,24,305
421,2026-04-23 09:02:19,9,design,15243,12236,1079,91,34,385
422,2026-07-01 10:21:44,10,tech,7096,4917,133,25,54,398
423,2026-05-22 13:28:59,13,tech,5403,3843,133,27,63,265
424,2026-03-16 16:50:01,16,business,12717,11077,183,61,69,191
425,2026-03-21 11:30:54,11,design,7241,5357,364,36,14,243
426,2026-04-22 08:04:47,8,tech,5033,4111,119,45,78,375
427,2026-06-28 10:52:34,10,tech,4366,4037,116,44,50,586
428,2026-03-07 08:18:16,8,tech,769,640,18,5,8,578
429,2026-05-08 14:20:42,14,tech,3346,2646,58,23,21,327
430,2026-07-31 15:46:38,15,design,357,300,19,1,0,342
431,2026-07-27 07:33:14,7,tech,1853,1747,55,19,19,441
432,2026-08-01 09:34:25,9,design,5388,4075,355,16,14,245
433,2026-06-27 08:01:25,8,tech,3246,2166,78,19,23,474
434,2026-04-01 08:20:23,8,tech,10091,7491,154,59,72,468
435,2026-04-23 16:07:03,16,tech,942,787,28,7,8,386
436,2026-03-24 13:09:13,13,tech,354,287,8,2,5,323
437,2026-04-04 10:36:33,10,business,926,717,14,5,3,115
438,2026-03-05 12:43:19,12,business,6176,5227,118,34,50,144
439,2026-04-21 08:56:53,8,tech,4997,4551,99,60,42,379
440,2026-07-07 10:59:44,10,design,2709,1907,159,6,9,306
441,2026-05-17 18:46:12,18,tech,3743,2708,64,22,30,251
442,2026-04-17 16:59:59,16,business,2504,1719,44,14,9,155
443,2026-05-21 08:48:17,8,tech,4784,3584,116,22,52,559
444,2026-07-01 17:54:25,17,business,8107,7598,81,74,45,104
445,2026-02-27 01:34:56,1,tech,5718,4298,91,29,39,572
446,2026-06-06 18:05:51,18,tech,3841,3303,119,33,42,457
447,2026-08-05 16:34:27,16,tech,588,546,13,7,10,376
448,2026-06-03 16:36:59,16,tech,5412,3534,88,30,66,349
449,2026-06-12 08:36:10,8,tech,5319,4387,93,46,57,485
450,2026-03-26 09:23:22,9,tech,5798,4210,112,55,79,594
451,2026-07-20 06:48:04,6,tech,353,236,7,1,1,202
452,2026-05-26 13:24:13,13,tech,9343,6378,215,88,79,420
453,2026-07-05 16:15:09,16,design,2776,2590,138,19,12,348
454,2026-06-09 14:58:04,14,tech,19646,13285,266,163,156,376
455,2026-07-28 13:27:36,13,tech,4189,3594,110,47,49,492
456,2026-03-30 12:56:20,12,design,3426,2443,126,13,5,342
457,2026-05-20 04:44:14,4,design,525,455,40,3,1,291
458,2026-03-30 10:34:10,10,tech,17298,15332,322,83,154,474
459,2026-07-07 12:58:57,12,design,2128,1391,124,8,7,377
460,2026-05-05 07:49:49,7,tech,4939,4267,110,39,50,370
461,2026-07-06 10:44:18,10,design,19063,15176,1319,34,48,181
462,2026-06-06 18:46:24,18,business,1911,1503,20,10,14,169
463,2026-08-09 06:55:22,6,business,752,546,12,3,2,126
464,2026-06-05 15:19:17,15,tech,353,271,9,1,3,216
465,2026-03-16 10:02:12,10,design,40423,36084,2043,199,81,307
466,2026-04-30 07:20:08,7,design,794,581,38,2,3,262
467,2026-06-15 23:08:32,23,business,8259,6289,183,34,36,140
468,2026-04-11 20:03:43,20,tech,556,451,9,4,7,490
469,2026-03-22 14:25:21,14,tech,434,345,9,4,6,253
470,2026-04-16 18:18:06,18,tech,1291,986,24,11,8,563
471,2026-05-29 09:30:54,9,design,5994,4883,294,10,25,361
472,2026-07-11 20:26:57,20,business,690,525,6,4,3,140
473,2026-02-28 08:11:05,8,tech,2584,1787,59,20,31,395
474,2026-05-16 11:47:53,11,tech,9211,7581,198,107,89,114
475,2026-03-27 08:26:07,8,business,2856,2071,30,14,8,121
476,2026-07-08 17:02:14,17,tech,42903,32146,764,345,342,457
477,2026-06-11 22:18:58,22,business,9162,6086,97,52,55,134
478,2026-08-09 09:45:44,9,tech,549,451,17,6,4,358
479,2026-08-17 08:44:58,8,tech,2861,2306,55,19,34,410
480,2026-07-10 14:55:11,14,design,2188,2016,171,10,10,314
481,2026-04-06 14:18:07,14,tech,5740,3895,126,35,52,470
482,2026-03-08 17:06:59,17,business,38624,34984,415,134,265,134
483,2026-08-05 13:35:18,13,tech,5056,3608,83,49,29,279
484,2026-04-17 18:54:59,18,tech,2979,2728,63,14,38,325
485,2026-07-22 12:59:29,12,tech,2142,1935,76,14,25,398
486,2026-04-06 10:23:14,10,business,4053,3139,64,23,30,167
487,2026-06-19 10:57:25,10,tech,1746,1204,38,10,11,647
488,2026-06-24 10:21:55,10,design,37175,33972,2842,145,103,281
489,2026-05-04 11:35:47,11,design,7471,5395,338,30,25,311
490,2026-06-18 12:06:54,12,tech,1891,1773,67,21,28,430
491,2026-06-28 06:51:50,6,tech,6463,5080,140,56,75,223
492,2026-07-08 07:59:28,7,tech,3612,2626,95,13,26,410
493,2026-05-15 12:18:59,12,business,5625,3996,68,19,39,130
494,2026-07-03 16:30:50,16,tech,1411,1030,23,5,19,244
495,2026-04-18 02:26:54,2,tech,9150,7552,181,68,107,124
496,2026-06-23 09:25:32,9,design,12381,8815,574,36,27,252
497,2026-04-17 11:07:51,11,tech,11896,9053,322,113,132,281
498,2026-03-22 07:51:57,7,tech,10472,8467,317,85,120,413
499,2026-05-16 18:23:04,18,tech,100431,69277,1558,1007,862,438
500,2026-05-07 12:40:40,12,tech,8688,7507,195,72,95,491
501,2026-07-27 13:43:02,13,tech,14480,13592,349,184,251,440
502,2026-02-22 08:38:31,8,tech,771,584,19,7,10,248
503,2026-03-01 15:10:01,15,tech,1687,1443,40,16,25,621
504,2026-03-29 12:43:23,12,tech,6197,5127,196,41,77,316
505,2026-07-06 10:30:52,10,tech,8906,6418,216,91,77,440
506,2026-03-21 13:20:03,13,business,8299,7851,217,73,74,160
507,2026-05-17 11:28:14,11,tech,1562,1196,46,8,18,667
508,2026-05-14 15:31:47,15,design,781,513,42,1,3,214
509,2026-07-10 18:22:26,18,tech,2501,1911,75,25,37,320
510,2026-06-06 17:12:39,17,tech,1995,1494,52,20,20,446
511,2026-03-26 00:12:40,0,design,4984,4276,330,31,9,224
512,2026-05-20 19:04:16,19,tech,343,310,6,2,4,168
513,2026-06-28 09:41:50,9,tech,21340,17044,407,141,236,548
514,2026-08-13 17:30:46,17,tech,727,598,19,8,10,420
515,2026-05-03 16:52:13,16,design,4565,3646,256,7,11,410
516,2026-08-12 14:05:03,14,tech,34757,23702,907,153,285,407
517,2026-02-27 10:06:52,10,tech,1679,1527,46,17,13,514
518,2026-03-07 08:56:44,8,tech,2377,1593,36,18,16,481
519,2026-07-25 13:17:51,13,tech,8958,7695,175,42,134,375
520,2026-03-02 13:30:20,13,tech,7162,6620,233,54,57,381
521,2026-02-25 11:12:21,11,design,2261,1623,98,11,8,303
522,2026-06-28 18:22:35,18,tech,926,608,12,5,10,354
523,2026-05-27 14:29:40,14,tech,4659,4132,138,34,47,442
524,2026-06-16 10:34:48,10,tech,28753,19891,553,217,181,325
525,2026-03-31 10:52:25,10,design,5287,3901,331,19,21,360
526,2026-06-19 17:51:23,17,tech,1110,979,25,11,14,425
527,2026-06-18 17:37:40,17,business,15786,11857,289,46,80,113
528,2026-06-15 18:27:17,18,design,3411,3235,189,22,11,270
529,2026-03-11 13:14:34,13,business,5160,4414,56,19,30,121
530,2026-07-15 16:05:17,16,tech,6164,4057,147,57,60,283
531,2026-07-15 09:48:08,9,tech,30068,20082,592,220,247,304
532,2026-04-15 16:02:39,16,tech,2297,1775,69,19,24,450
533,2026-02-25 16:19:39,16,design,3120,2131,125,16,11,274
534,2026-05-21 11:56:07,11,business,11205,7989,135,24,52,116
535,2026-06-16 10:07:54,10,tech,5241,3908,83,42,48,431
536,2026-05-12 14:05:04,14,tech,6674,4436,176,60,65,270
537,2026-07-18 08:07:45,8,business,101972,93010,948,482,564,147
538,2026-04-14 10:03:15,10,design,33982,22932,1362,152,93,317
539,2026-05-10 15:22:56,15,tech,11857,8254,255,85,83,415
540,2026-04-09 08:22:59,8,tech,12069,9754,226,118,124,350
541,2026-05-21 00:27:07,0,business,2085,1483,19,11,13,93
542,2026-08-04 18:33:45,18,tech,4914,4667,104,62,42,263
543,2026-07-08 15:18:24,15,tech,28640,21806,460,156,271,463
544,2026-08-01 15:29:07,15,design,5173,4289,362,14,16,274
545,2026-07-08 18:40:43,18,design,2337,1997,125,14,8,348
546,2026-02-23 17:41:08,17,tech,2254,1942,63,19,21,538
547,2026-08-14 21:32:36,21,business,6081,3957,82,11,32,153
548,2026-03-31 09:39:43,9,business,2880,2154,57,21,18,128
549,2026-06-02 09:59:38,9,business,7059,4950,75,41,40,128
550,2026-03-02 23:52:39,23,design,4433,3690,302,19,17,308
551,2026-03-11 12:50:46,12,tech,7515,5664,125,79,99,308
552,2026-03-15 10:19:05,10,design,614,548,28,3,2,325
553,2026-06-13 10:46:03,10,design,536,430,29,2,1,306
554,2026-03-01 11:10:23,11,design,4193,3052,241,10,7,268
555,2026-03-26 17:31:22,17,design,3372,2946,167,17,12,248
556,2026-07-14 11:18:08,11,business,33320,25821,635,204,257,176
557,2026-05-07 10:38:29,10,design,8808,7431,394,21,34,313
558,2026-02-23 08:41:46,8,business,1628,1215,25,5,10,144
559,2026-05-03 19:56:50,19,design,3673,2637,139,18,6,340
560,2026-05-15 21:31:17,21,design,3843,2507,210,19,6,295
561,2026-04-16 10:26:04,10,design,7648,7187,609,55,25,266
562,2026-06-15 15:57:49,15,design,809,561,38,1,3,320
563,2026-06-05 20:40:12,20,design,3921,3034,242,12,18,292
564,2026-08-18 18:00:47,18,design,948,651,55,1,1,304
565,2026-07-15 11:11:16,11,business,2439,2168,63,10,21,146
566,2026-05-27 09:50:37,9,design,23685,20936,1863,54,88,301
567,2026-06-11 11:59:02,11,tech,5408,3548,131,24,61,373
568,2026-04-08 16:27:11,16,business,1947,1288,21,10,7,150
569,2026-06-15 12:45:24,12,design,3199,2944,226,14,7,358
570,2026-02-22 01:27:24,1,business,605,466,5,4,2,147
571,2026-04-12 13:24:49,13,design,894,635,55,1,1,243
572,2026-07-20 10:20:01,10,business,7859,6356,91,29,52,161
573,2026-04-27 09:14:24,9,tech,39793,29942,1023,253,294,342
574,2026-04-13 15:47:22,15,tech,1346,930,22,12,11,364
575,2026-03-15 17:44:53,17,tech,2057,1544,56,12,16,368
576,2026-07-27 19:44:21,19,tech,2711,2082,69,16,28,471
577,2026-05-05 16:39:32,16,tech,6198,5514,216,81,56,272
578,2026-04-25 11:54:55,11,tech,3210,2157,63,31,31,324
579,2026-07-21 10:48:53,10,design,6511,6069,451,29,22,284
580,2026-04-24 10:23:43,10,business,348,285,6,2,1,123
581,2026-05-04 23:13:38,23,business,2564,1715,25,11,15,138
582,2026-08-04 22:07:49,22,business,3173,2796,75,17,13,133
583,2026-06-17 09:10:05,9,tech,17157,14124,538,202,250,302
584,2026-07-24 13:20:49,13,design,6592,5564,359,19,28,303
585,2026-07-06 09:41:28,9,tech,6448,4467,127,27,66,389
586,2026-05-21 11:39:21,11,design,2396,1690,111,9,9,287
587,2026-07-28 17:31:20,17,business,1973,1737,45,5,11,168
588,2026-04-09 07:12:58,7,tech,1222,1123,34,9,11,414
589,2026-07-15 15:44:14,15,tech,3704,2439,86,31,22,484
590,2026-03-15 17:24:36,17,design,4241,3919,245,24,20,292
591,2026-07-23 07:07:51,7,tech,2441,1697,57,17,28,530
592,2026-04-20 00:09:26,0,design,3432,2714,175,5,9,366
593,2026-07-02 16:44:36,16,tech,8740,6354,171,64,119,386
594,2026-06-12 16:54:54,16,tech,3136,2149,75,27,42,307
595,2026-04-24 10:34:05,10,business,3863,3555,58,14,20,196
596,2026-07-05 06:40:22,6,tech,1382,1002,23,10,14,235
597,2026-02-27 11:01:40,11,design,3628,3154,185,7,6,280
598,2026-02-28 07:55:55,7,tech,721,579,19,3,8,525
599,2026-04-03 12:23:34,12,tech,884,702,20,9,11,497
600,2026-04-30 09:07:49,9,business,5758,4706,84,29,22,167
601,2026-03-26 16:27:04,16,tech,1420,1277,33,18,12,279
602,2026-05-23 17:56:05,17,tech,1914,1441,33,16,24,429
603,2026-05-30 17:39:19,17,tech,4670,4153,135,34,58,545
604,2026-05-31 10:53:37,10,tech,5884,3850,100,36,68,422
605,2026-06-03 11:15:01,11,design,487,452,23,3,1,271
606,2026-05-29 08:26:10,8,tech,9362,7192,193,54,120,285
607,2026-07-24 09:33:07,9,design,8022,6168,410,24,17,284
608,2026-08-17 10:02:25,10,tech,872,799,28,10,10,478
609,2026-05-26 17:06:46,17,design,5548,4133,340,19,14,329
610,2026-05-10 18:30:57,18,tech,3688,2464,66,17,25,403
611,2026-03-05 17:08:15,17,design,12287,11626,634,91,28,279
612,2026-05-31 22:21:00,22,business,2541,2255,33,12,18,123
613,2026-02-22 12:47:13,12,tech,4954,4659,166,58,60,291
614,2026-07-22 03:02:51,3,business,785,726,13,6,6,118
615,2026-07-12 18:07:10,18,design,911,630,44,1,1,458
616,2026-05-29 17:43:35,17,design,6410,5906,316,27,26,288
617,2026-04-03 09:06:05,9,design,1794,1602,97,9,8,326
618,2026-03-25 07:02:03,7,tech,1658,1527,44,17,26,341
619,2026-04-12 10:04:50,10,business,12942,10951,179,108,46,156
620,2026-04-25 03:37:26,3,design,9066,7246,447,24,41,311
621,2026-06-29 20:35:18,20,tech,3149,2919,106,18,52,396
622,2026-04-28 10:19:56,10,tech,941,678,26,8,10,251
623,2026-06-18 09:25:40,9,design,6451,4514,300,22,26,292
624,2026-03-19 12:57:48,12,design,1397,1051,59,7,2,274
625,2026-03-28 16:27:18,16,business,4631,3636,61,26,30,107
626,2026-06-16 09:32:36,9,tech,28577,26633,648,353,437,348
627,2026-07-22 06:03:12,6,tech,2243,1799,70,15,19,396
628,2026-08-03 10:35:40,10,business,2492,2289,37,7,20,177
629,2026-02-26 08:07:25,8,tech,7999,7077,247,39,69,437
630,2026-04-10 12:02:03,12,tech,1478,981,28,5,13,449
631,2026-04-04 15:57:46,15,design,9374,6409,390,46,22,244
632,2026-02-23 13:57:04,13,business,20327,15018,426,93,89,194
633,2026-05-29 10:15:56,10,design,10467,8813,523,53,47,297
634,2026-07-01 11:13:45,11,tech,1480,1351,48,19,16,564
635,2026-07-08 09:37:06,9,tech,3680,2776,110,22,33,487
636,2026-07-08 07:18:59,7,design,14078,13046,804,66,51,263
637,2026-04-21 10:58:58,10,tech,20525,18462,723,130,148,426
638,2026-05-18 06:12:24,6,business,24746,21109,294,160,191,181
639,2026-07-17 19:52:19,19,business,9656,9057,117,63,58,168
640,2026-07-24 15:18:39,15,tech,757,613,13,5,10,433
641,2026-06-10 17:42:05,17,business,409,366,4,2,3,168
642,2026-08-07 20:26:01,20,business,417,313,6,3,1,125
643,2026-06-14 10:37:47,10,business,4734,3307,45,27,27,112
644,2026-07-04 09:51:45,9,tech,3721,3164,75,20,60,597
645,2026-07-28 08:52:17,8,tech,6922,5635,206,41,109,468
646,2026-05-02 17:41:41,17,design,30585,20332,1234,50,54,307
647,2026-06-28 17:21:10,17,design,7987,6147,419,45,32,332
648,2026-07-23 16:57:52,16,design,7655,6185,493,15,31,260
649,2026-06-18 15:41:53,15,tech,1892,1306,32,8,19,367
650,2026-03-03 08:36:54,8,tech,15273,11737,321,147,195,190
651,2026-06-27 05:54:43,5,design,6461,5987,470,34,20,272
652,2026-06-24 15:36:55,15,tech,608,539,17,2,9,421
653,2026-07-23 09:13:00,9,tech,14068,11841,435,148,211,531
654,2026-06-15 19:10:59,19,design,5334,3835,231,17,22,306
655,2026-05-12 18:16:58,18,tech,3174,2734,55,19,29,388
656,2026-03-18 18:05:33,18,tech,18488,15804,489,136,132,543
657,2026-05-02 08:17:02,8,tech,1384,1291,48,12,13,366
658,2026-04-30 17:57:44,17,tech,1523,1209,45,12,12,460
659,2026-02-23 10:01:30,10,tech,3756,2483,80,23,49,472
660,2026-04-30 17:46:02,17,tech,983,762,15,4,7,191
661,2026-07-30 10:29:13,10,business,1831,1411,23,5,6,109
662,2026-06-19 14:09:57,14,design,6046,4717,344,33,27,213
663,2026-02-24 11:48:20,11,design,3128,2211,156,13,8,262
664,2026-05-17 17:52:34,17,tech,25593,20582,530,228,286,406
665,2026-06-07 09:13:39,9,business,969,766,7,3,7,70
666,2026-08-16 08:50:03,8,tech,3249,2117,60,29,32,464
667,2026-06-21 10:21:16,10,tech,10700,9266,188,71,175,318
668,2026-04-07 04:39:39,4,design,788,655,48,1,1,321
669,2026-03-14 17:28:50,17,design,11780,8016,519,35,47,273
670,2026-05-24 18:00:41,18,tech,9489,8188,280,53,87,337
671,2026-05-19 11:42:15,11,tech,4074,2991,107,34,51,613
672,2026-03-24 13:16:40,13,tech,537,455,17,4,6,450
673,2026-05-23 10:35:06,10,tech,1716,1321,42,8,17,472
674,2026-04-01 22:00:36,22,tech,6866,5035,108,26,56,242
675,2026-04-11 15:28:40,15,tech,1968,1772,55,19,29,129
676,2026-03-14 13:14:16,13,tech,3083,2042,52,20,37,329
677,2026-07-26 11:53:20,11,business,1639,1257,30,9,11,159
678,2026-07-24 09:13:43,9,tech,8527,7393,202,46,84,415
679,2026-07-11 11:08:24,11,business,1536,1122,21,9,5,157
680,2026-04-11 22:53:55,22,tech,3110,2861,75,17,53,230
681,2026-04-21 11:07:27,11,tech,908,807,25,4,8,381
682,2026-06-17 11:51:56,11,design,874,768,41,3,3,277
683,2026-08-09 18:33:47,18,tech,10052,7452,188,65,122,316
684,2026-05-28 09:00:22,9,design,8998,5999,538,12,16,178
685,2026-06-21 19:38:31,19,tech,6451,5514,138,57,70,344
686,2026-02-26 18:26:03,18,design,870,600,53,4,1,284
687,2026-07-17 09:37:23,9,tech,18057,12414,276,153,132,338
688,2026-05-17 15:34:17,15,tech,1663,1327,45,15,20,344
689,2026-08-12 10:14:12,10,design,6810,5537,348,39,16,161
690,2026-03-13 13:04:25,13,tech,12793,10743,365,150,145,530
691,2026-04-26 17:10:38,17,tech,3775,3314,85,47,58,407
692,2026-05-29 17:34:45,17,design,1599,1316,74,7,7,262
693,2026-03-30 11:09:15,11,tech,13726,9710,282,136,110,483
694,2026-06-29 18:40:11,18,business,1833,1221,26,9,8,135
695,2026-05-02 09:40:17,9,tech,2959,2580,88,13,32,450
696,2026-05-27 20:10:13,20,tech,3001,1998,67,22,27,339
697,2026-02-27 19:17:14,19,tech,1643,1500,50,7,19,350
698,2026-06-07 10:06:27,10,tech,11550,9521,355,135,114,490
699,2026-02-27 16:05:36,16,business,5825,4140,64,26,30,165
700,2026-08-02 10:42:41,10,design,2273,1874,94,5,7,278
701,2026-08-05 22:31:47,22,tech,435,316,12,3,3,305
702,2026-04-18 10:48:36,10,business,3895,3019,86,23,16,132
703,2026-03-26 16:40:49,16,business,10355,9440,125,69,76,163
704,2026-03-24 06:13:33,6,business,1661,1555,28,11,9,93
705,2026-07-25 11:20:51,11,business,1720,1243,15,10,5,175
706,2026-07-12 14:51:13,14,tech,4059,3389,76,46,30,369
707,2026-05-06 17:13:38,17,design,2301,1685,84,8,3,270
708,2026-04-08 12:25:27,12,design,2505,2216,116,6,10,299
709,2026-04-02 15:35:22,15,tech,1232,1068,38,5,8,272
710,2026-06-10 09:24:00,9,tech,2049,1821,41,15,14,223
711,2026-04-12 18:12:53,18,tech,1024,960,20,8,12,292
712,2026-04-27 20:15:33,20,tech,1293,885,27,11,12,465
713,2026-02-22 16:08:15,16,tech,9174,6209,150,66,117,544
714,2026-07-07 11:46:50,11,design,411,369,24,1,1,318
715,2026-07-13 04:15:04,4,business,2248,1991,35,13,9,107
716,2026-02-21 08:43:03,8,tech,1932,1688,53,12,24,349
717,2026-06-07 11:12:10,11,tech,4786,3187,84,22,53,338
718,2026-04-06 11:52:08,11,tech,3091,2115,62,23,25,383
719,2026-03-04 09:43:23,9,tech,6179,4532,180,36,77,310
720,2026-04-24 16:54:16,16,tech,2961,2665,61,13,28,537
721,2026-03-29 16:14:47,16,tech,2245,1910,70,16,20,448
722,2026-03-08 19:33:22,19,tech,1378,911,21,4,11,254
723,2026-08-11 07:03:20,7,tech,342,230,7,2,1,453
724,2026-04-07 12:10:48,12,tech,3244,2776,57,28,34,341
725,2026-08-18 10:39:14,10,design,348,258,13,1,1,334
726,2026-03-19 08:01:49,8,business,9659,8645,144,46,37,195
727,2026-05-27 15:14:07,15,tech,1219,1021,20,15,15,360
728,2026-06-07 09:21:19,9,tech,5531,4096,122,40,52,403
729,2026-03-09 10:29:22,10,tech,6380,5634,216,63,71,388
730,2026-04-24 05:37:21,5,design,212,168,10,0,0,257
731,2026-07-28 09:37:08,9,tech,26754,19874,617,188,164,516
732,2026-03-02 08:42:28,8,tech,31713,23127,898,168,439,305
733,2026-03-20 11:33:03,11,design,1862,1543,79,11,7,342
734,2026-08-13 13:59:14,13,tech,12409,11676,463,97,129,357
735,2026-02-28 07:42:03,7,business,1219,1055,10,10,5,185
736,2026-04-13 21:09:53,21,design,525,446,24,1,1,311
737,2026-06-18 10:39:32,10,tech,8626,6293,170,43,51,570
738,2026-06-13 16:17:00,16,design,16688,12463,849,67,31,311
739,2026-08-17 11:22:41,11,tech,8193,5849,152,48,64,330
740,2026-04-05 19:43:17,19,design,3516,2592,152,8,10,293
741,2026-08-06 02:01:13,2,business,221,153,1,0,1,132
742,2026-04-27 08:34:42,8,business,20627,17703,339,71,146,142
743,2026-03-26 05:36:11,5,tech,3701,3387,109,25,32,351
744,2026-06-28 17:04:40,17,business,12280,8698,126,32,66,153
745,2026-07-21 20:19:09,20,tech,1399,1301,32,10,11,274
746,2026-05-02 14:20:50,14,design,1840,1258,89,6,6,235
747,2026-08-19 12:15:22,12,business,6443,4538,60,13,36,168
748,2026-04-13 12:51:08,12,business,1924,1798,51,13,17,177
749,2026-05-23 17:02:48,17,tech,2972,2754,92,29,29,546
750,2026-06-16 12:39:13,12,tech,737,490,17,5,7,324
751,2026-06-22 16:37:17,16,business,3125,2689,43,11,24,214
752,2026-04-11 18:05:34,18,design,2470,1697,102,5,6,410
753,2026-05-31 16:41:11,16,tech,32787,21345,660,300,373,383
754,2026-08-15 19:16:37,19,business,3333,2195,23,14,11,185
755,2026-05-25 19:00:59,19,design,3054,2044,148,13,5,215
756,2026-02-25 19:16:31,19,business,1948,1675,37,13,10,137
757,2026-06-06 13:48:05,13,tech,1742,1557,49,14,30,295
758,2026-05-04 18:39:24,18,design,10688,8698,716,20,26,328
759,2026-05-23 13:04:02,13,design,6054,4542,397,35,22,219
760,2026-03-04 08:29:36,8,design,12387,10018,689,68,47,336
761,2026-06-29 13:48:25,13,tech,4468,3444,103,35,57,343
762,2026-08-09 12:40:36,12,tech,3642,3245,104,46,46,229
763,2026-05-02 15:55:59,15,tech,21012,19524,691,282,183,196
764,2026-07-03 17:59:28,17,design,7310,5697,343,42,17,261
765,2026-04-19 15:43:08,15,tech,494,324,10,4,2,481
766,2026-03-27 10:08:36,10,business,4805,3807,77,16,28,110
767,2026-03-15 09:53:07,9,design,813,720,52,2,3,298
768,2026-05-21 14:34:01,14,tech,6555,5938,120,35,94,422
769,2026-08-05 18:39:28,18,tech,3415,3186,105,38,43,465
770,2026-04-19 10:41:39,10,design,5102,3484,238,9,12,354
771,2026-03-26 09:48:05,9,business,7451,6996,185,35,40,175
772,2026-04-27 15:44:23,15,tech,1439,1186,24,10,22,606
773,2026-03-28 17:11:53,17,tech,1764,1330,36,15,23,491
774,2026-02-28 17:45:37,17,design,9691,9202,547,43,33,314
775,2026-04-12 17:19:35,17,design,4942,4268,263,31,10,335
776,2026-06-22 09:03:17,9,tech,16217,12208,486,149,133,238
777,2026-06-23 08:36:59,8,design,5787,4330,243,25,24,290
778,2026-04-06 20:36:41,20,tech,975,867,18,4,9,490
779,2026-07-11 20:36:29,20,tech,898,696,18,3,7,659
780,2026-05-01 12:30:34,12,tech,12494,8597,240,115,151,389
781,2026-02-28 12:32:08,12,business,16445,14632,231,82,116,120
782,2026-07-13 17:49:37,17,tech,5276,4719,116,63,48,404
783,2026-05-13 15:37:17,15,design,2087,1644,104,7,4,251
784,2026-05-15 12:16:26,12,tech,1891,1561,50,23,28,492
785,2026-07-28 10:48:28,10,tech,139793,124155,4098,1426,2211,246
786,2026-06-17 18:07:01,18,tech,479,385,11,5,7,435
787,2026-05-08 11:51:58,11,design,91772,75761,4013,383,185,276
788,2026-02-23 10:18:13,10,design,4198,3678,202,15,18,334
789,2026-04-24 10:00:05,10,tech,1637,1094,24,13,12,434
790,2026-06-10 09:21:09,9,business,43620,36517,881,217,346,187
791,2026-02-28 08:35:15,8,business,4878,4518,111,39,36,183
792,2026-06-29 13:21:49,13,business,1383,1242,36,9,10,144
793,2026-03-17 14:46:56,14,tech,4250,2928,87,28,39,347
794,2026-03-02 08:23:53,8,design,781,707,39,4,4,285
795,2026-08-08 10:11:19,10,tech,45882,38807,1415,506,320,172
796,2026-03-08 20:31:25,20,business,12315,10285,143,71,46,137
797,2026-08-04 14:59:09,14,tech,1583,1054,39,12,19,418
798,2026-07-30 08:58:51,8,business,49758,46253,624,423,410,147
799,2026-08-19 08:54:23,8,tech,2780,2415,51,18,34,295
800,2026-02-21 10:12:07,10,design,3520,2460,160,16,14,346
801,2026-08-15 09:18:24,9,tech,2924,2631,70,21,52,318
802,2026-02-28 09:59:36,9,tech,1241,1135,24,8,15,252
803,2026-03-17 10:11:54,10,tech,26906,21062,597,287,361,525
804,2026-05-11 06:14:25,6,design,1154,1066,55,6,6,414
805,2026-03-22 07:12:19,7,tech,917,649,20,8,6,379
806,2026-03-09 17:35:54,17,tech,681,469,17,5,8,478
807,2026-05-23 21:50:33,21,design,16208,14926,969,112,36,336
808,2026-08-01 12:10:36,12,business,20941,14725,356,61,94,152
809,2026-04-28 13:45:00,13,tech,11165,10380,208,63,203,244
810,2026-08-11 18:50:30,18,tech,4289,3960,88,44,41,465
811,2026-07-17 08:45:34,8,design,14244,11403,691,68,57,325
812,2026-03-31 18:22:36,18,tech,1062,934,35,11,15,376
813,2026-06-02 08:49:11,8,tech,90980,74841,2053,407,1322,295
814,2026-08-15 10:48:28,10,business,21284,14070,273,46,86,145
815,2026-05-16 12:49:39,12,business,648,560,16,2,2,187
816,2026-07-04 17:38:19,17,business,728,666,19,3,2,125
817,2026-04-10 23:33:56,23,tech,997,730,25,4,8,517
818,2026-03-17 10:59:45,10,tech,1522,1336,40,17,18,403
819,2026-02-22 13:52:29,13,business,4978,4485,115,19,35,170
820,2026-06-30 17:41:25,17,tech,1121,781,30,8,15,447
821,2026-08-06 20:26:17,20,design,147,125,11,0,0,363
822,2026-08-02 07:29:45,7,design,2764,2414,140,14,5,291
823,2026-07-14 17:05:54,17,design,27420,24300,2027,176,110,326
824,2026-03-31 10:16:31,10,business,9533,8864,108,26,64,129
825,2026-03-30 13:33:21,13,tech,894,668,25,4,12,430
826,2026-04-22 12:58:40,12,design,2262,1867,105,12,7,358
827,2026-07-08 16:14:14,16,design,2063,1747,92,11,5,317
828,2026-07-26 07:42:36,7,design,495,468,39,3,2,338
829,2026-04-14 07:52:21,7,design,2386,1962,144,5,5,251
830,2026-02-24 10:41:37,10,design,1869,1746,119,12,4,299
831,2026-03-28 18:55:09,18,design,2524,2105,122,9,10,312
832,2026-04-02 19:32:21,19,tech,204,176,4,1,1,450
833,2026-06-01 05:19:03,5,tech,931,787,21,6,14,220
834,2026-07-05 17:01:36,17,tech,8406,6012,224,86,48,419
835,2026-03-07 07:16:08,7,business,334,241,3,1,2,163
836,2026-08-07 09:59:38,9,business,4702,3190,56,11,24,159
837,2026-06-28 11:29:01,11,tech,916,724,16,3,10,543
838,2026-06-20 10:31:53,10,tech,5922,3986,122,20,65,347
839,2026-03-08 10:59:41,10,design,1823,1525,86,11,7,336
840,2026-05-28 09:28:02,9,design,7550,7046,532,55,31,325
841,2026-03-11 07:27:22,7,business,770,506,14,2,4,106
842,2026-07-13 09:17:17,9,business,3524,2832,60,20,20,145
843,2026-03-22 16:31:34,16,tech,7054,5013,177,29,46,312
844,2026-04-18 09:15:14,9,tech,5238,4668,175,59,78,222
845,2026-07-09 13:28:53,13,design,6387,5789,421,33,19,388
846,2026-04-03 09:40:38,9,design,2535,2016,115,9,12,245
847,2026-04-05 00:06:24,0,design,4750,4335,359,24,20,228
848,2026-05-01 05:05:27,5,design,1658,1542,122,8,4,256
849,2026-05-18 17:33:59,17,tech,18145,13429,278,188,182,388
850,2026-04-02 10:06:34,10,business,7939,5287,134,42,30,173
851,2026-05-01 09:50:34,9,design,2145,1925,166,4,5,281
852,2026-03-30 17:20:15,17,design,1240,1024,71,6,4,332
853,2026-04-06 15:27:09,15,tech,35390,32912,1303,398,552,389
854,2026-06-30 12:16:29,12,tech,1049,920,25,8,7,438
855,2026-08-15 10:52:49,10,tech,24966,17042,349,163,266,472
856,2026-08-14 11:36:53,11,business,2388,2037,22,11,8,140
857,2026-07-12 07:16:38,7,design,7582,6321,381,41,15,361
858,2026-06-04 09:44:10,9,tech,13276,9231,328,63,82,358
859,2026-05-07 16:24:10,16,tech,1983,1502,51,15,14,337
860,2026-03-24 10:14:58,10,design,1740,1535,111,10,6,406
861,2026-04-27 21:29:01,21,tech,1139,1076,27,12,19,546
862,2026-05-03 16:36:40,16,tech,130,94,3,1,1,291
863,2026-04-03 14:41:13,14,design,2561,2129,179,10,10,316
864,2026-04-15 08:10:29,8,design,8268,6907,600,53,25,382
865,2026-04-15 08:14:23,8,tech,2786,2621,61,26,38,400
866,2026-08-09 10:45:03,10,business,8741,7325,103,62,41,108
867,2026-08-11 14:52:31,14,design,2448,1643,113,5,6,278
868,2026-04-03 12:13:46,12,tech,689,569,13,3,4,451
869,2026-03-30 09:02:33,9,tech,1608,1474,33,12,13,403
870,2026-08-11 10:37:34,10,design,1256,1088,76,8,3,263
871,2026-04-08 00:36:40,0,tech,580,484,19,4,9,381
872,2026-08-14 19:43:39,19,design,6725,5391,380,33,27,385
873,2026-06-15 12:15:33,12,design,26713,21116,1676,133,44,264
874,2026-05-06 08:24:19,8,tech,2981,2354,71,23,32,497
875,2026-04-28 21:26:24,21,design,3548,3042,172,20,6,325
876,2026-04-16 13:00:08,13,tech,6034,3971,147,20,67,266
877,2026-03-02 07:46:18,7,design,1926,1621,113,7,7,260
878,2026-06-18 16:48:21,16,tech,2654,2363,80,18,38,376
879,2026-02-27 10:53:07,10,tech,6247,4940,189,73,76,378
880,2026-02-21 07:02:41,7,tech,2364,2227,74,24,18,270
881,2026-04-24 14:35:32,14,tech,1793,1195,34,11,13,508
882,2026-04-26 13:28:52,13,design,3358,2431,174,6,12,300
883,2026-05-17 14:55:43,14,tech,2249,1671,40,18,28,344
884,2026-04-14 03:48:16,3,tech,22361,16185,523,84,166,372
885,2026-03-04 17:18:19,17,business,10695,7893,230,55,57,108
886,2026-05-24 07:48:55,7,tech,2706,2019,62,28,27,370
887,2026-02-24 05:33:10,5,tech,20185,15526,493,208,133,396
888,2026-06-11 18:52:15,18,business,4723,4191,106,33,18,170
889,2026-08-06 08:20:37,8,tech,17080,12956,419,75,247,426
890,2026-06-10 20:41:24,20,tech,16867,15953,416,152,160,397
891,2026-03-30 11:40:07,11,business,4988,3923,104,37,24,159
892,2026-07-07 19:24:31,19,tech,2271,1952,58,26,36,393
893,2026-07-17 08:01:22,8,design,2746,1894,116,14,10,245
894,2026-06-20 20:01:38,20,tech,12321,10849,363,61,182,411
895,2026-05-12 08:32:47,8,tech,847,794,26,7,6,338
896,2026-05-26 16:02:46,16,design,1758,1309,80,7,7,249
897,2026-06-17 14:08:38,14,design,566,522,32,2,2,260
898,2026-07-26 18:51:35,18,tech,5310,4296,94,44,59,487
899,2026-03-05 11:00:07,11,tech,1242,978,37,10,12,357
900,2026-06-27 18:15:13,18,tech,61508,42960,1258,560,558,474
901,2026-06-05 13:29:00,13,business,621,437,5,2,3,191
902,2026-08-17 18:25:06,18,tech,3115,2078,58,30,37,395
903,2026-07-07 16:18:59,16,tech,420,349,12,4,4,508
904,2026-06-26 10:20:24,10,business,810,568,9,3,3,212
905,2026-08-15 08:08:40,8,tech,5076,3317,112,26,30,461
906,2026-04-01 11:24:45,11,design,10166,9231,561,50,30,257
907,2026-04-11 17:52:04,17,tech,7092,4868,142,67,89,331
908,2026-04-01 18:02:23,18,tech,6049,5740,154,37,101,437
909,2026-07-28 18:55:12,18,design,25494,19973,1441,56,44,256
910,2026-05-25 08:17:05,8,design,2981,2285,148,5,13,336
911,2026-07-04 20:35:36,20,tech,802,558,20,4,6,554
912,2026-05-26 07:27:12,7,business,13437,9217,160,78,72,150
913,2026-05-13 15:42:58,15,business,203,162,3,1,1,102
914,2026-04-14 08:54:28,8,tech,6246,4093,151,20,39,521
915,2026-05-26 15:55:18,15,tech,2468,2040,73,12,38,477
916,2026-07-30 13:49:27,13,tech,542,372,8,2,4,617
917,2026-04-13 18:50:31,18,tech,13856,12245,267,182,225,254
918,2026-06-01 17:30:44,17,tech,1548,1170,41,16,16,328
919,2026-07-01 05:24:45,5,tech,202,134,5,0,2,349
920,2026-07-03 17:37:04,17,tech,671,544,12,5,9,532
921,2026-05-23 19:14:58,19,business,671,487,11,1,3,113
922,2026-04-14 09:22:13,9,tech,24164,17484,588,230,247,454
923,2026-06-16 14:49:41,14,tech,3132,2163,61,16,38,553
924,2026-05-11 22:41:04,22,tech,1425,975,22,12,12,471
925,2026-04-28 07:19:03,7,business,4148,3845,60,23,17,109
926,2026-07-12 10:41:02,10,tech,9048,7042,199,46,107,360
927,2026-07-18 06:11:21,6,business,1369,1103,31,8,6,209
928,2026-07-29 11:50:24,11,design,8917,6391,352,43,25,222
929,2026-07-07 10:35:01,10,design,2545,2257,128,14,6,288
930,2026-06-12 10:05:14,10,tech,1901,1544,59,13,21,277
931,2026-03-21 10:48:11,10,design,898,700,54,2,3,283
932,2026-02-26 12:45:49,12,tech,1877,1337,32,17,13,564
933,2026-05-22 08:52:31,8,tech,7910,7412,180,65,90,482
934,2026-05-08 17:11:47,17,design,269,209,13,1,1,358
935,2026-06-28 09:34:37,9,tech,11882,8427,249,70,125,542
936,2026-07-27 11:00:35,11,business,65951,44367,1231,134,313,100
937,2026-04-22 22:04:29,22,tech,1877,1449,36,18,15,303
938,2026-04-11 07:29:05,7,business,1477,1391,34,10,10,165
939,2026-08-11 19:38:25,19,design,16284,12740,1090,101,68,249
940,2026-06-25 17:37:33,17,tech,937,768,16,7,10,184
941,2026-03-11 18:49:01,18,design,3953,3620,255,7,15,401
942,2026-08-15 01:20:25,1,tech,1279,1083,32,9,21,488
943,2026-06-01 09:13:35,9,tech,15728,11392,432,105,192,455
944,2026-08-01 14:38:11,14,design,345,313,16,2,1,258
945,2026-06-23 10:12:29,10,business,3361,2793,57,10,24,113
946,2026-04-05 06:51:22,6,business,10392,7540,101,52,66,110
947,2026-03-02 15:14:31,15,tech,12859,9526,366,141,177,422
948,2026-03-25 12:25:28,12,business,3642,2775,35,23,26,161
949,2026-04-28 18:35:24,18,tech,5712,4292,127,55,38,228
950,2026-06-30 08:40:50,8,design,1955,1552,126,11,5,246
951,2026-05-05 22:48:26,22,tech,4386,3681,141,23,58,370
952,2026-07-04 17:19:03,17,tech,702,538,16,2,8,361
953,2026-04-13 15:16:06,15,tech,2156,2006,64,14,17,511
954,2026-03-13 10:46:47,10,business,43363,31718,630,292,141,189
955,2026-02-25 20:03:04,20,design,3765,2742,183,14,9,300
956,2026-06-07 17:02:27,17,business,4286,3716,77,29,30,112
957,2026-07-22 16:15:29,16,business,1099,797,10,6,7,149
958,2026-07-05 06:07:03,6,tech,748,567,22,5,5,349
959,2026-07-02 20:07:39,20,design,5142,4618,324,16,10,269
960,2026-08-13 09:43:32,9,tech,10749,8408,265,51,78,289
961,2026-07-31 10:18:27,10,tech,9564,8288,321,63,158,496
962,2026-08-01 17:31:37,17,tech,2221,2052,48,16,37,390
963,2026-06-27 11:24:15,11,business,10938,7888,181,74,35,136
964,2026-06-19 07:58:27,7,design,1506,1066,54,7,2,411
965,2026-04-07 14:48:14,14,tech,5658,4878,144,40,60,147
966,2026-04-26 14:12:49,14,design,1574,1481,110,7,6,235
967,2026-04-13 11:37:25,11,design,642,488,41,2,1,258
968,2026-03-10 07:15:21,7,tech,742,660,19,3,5,468
969,2026-05-26 15:21:18,15,tech,3557,2535,77,18,29,349
970,2026-06-15 16:51:27,16,design,5028,3585,285,12,17,275
971,2026-04-12 09:35:35,9,design,5492,5097,273,11,18,352
972,2026-04-02 17:24:14,17,business,4766,3407,43,18,33,122
973,2026-07-26 10:14:41,10,tech,4749,3964,146,39,71,510
974,2026-05-05 17:38:57,17,business,1076,880,21,3,5,116
975,2026-07-18 19:01:28,19,business,1084,791,16,3,4,101
976,2026-03-18 06:41:56,6,design,5957,5588,306,37,16,278
977,2026-05-26 08:03:12,8,tech,3482,2873,109,40,43,265
978,2026-05-08 19:06:27,19,tech,2152,1768,52,22,23,456
979,2026-03-08 15:33:29,15,tech,578,443,10,3,4,424
980,2026-06-10 22:09:35,22,tech,3891,3445,80,24,54,254
981,2026-07-13 16:19:46,16,tech,4135,3491,138,43,43,299
982,2026-03-28 09:50:11,9,business,885,768,17,5,7,153
983,2026-07-24 09:08:19,9,design,3269,3034,260,7,9,313
984,2026-03-17 17:13:50,17,design,8611,5606,434,38,23,278
985,2026-07-29 08:42:07,8,tech,32475,28620,574,230,489,370
986,2026-03-05 10:52:30,10,design,45611,37422,1911,133,165,246
987,2026-04-02 21:03:17,21,design,9572,7512,556,44,42,311
988,2026-07-03 18:56:18,18,business,8226,7497,135,43,51,162
989,2026-07-19 10:24:48,10,design,5309,4428,280,11,16,268
990,2026-07-27 16:56:58,16,business,289,202,3,1,1,143
991,2026-06-17 13:53:23,13,tech,615,410,10,3,3,313
992,2026-06-28 13:26:17,13,tech,7042,5652,140,52,82,441
993,2026-06-30 13:01:24,13,business,6445,5395,83,24,42,130
994,2026-05-08 10:33:34,10,business,2440,1931,50,8,7,104
995,2026-03-11 09:48:46,9,tech,24552,16110,507,154,219,413
996,2026-06-14 07:33:08,7,tech,1101,890,31,4,14,466
997,2026-03-04 21:15:23,21,tech,2410,1906,38,13,20,446
998,2026-08-18 17:01:34,17,design,27826,20430,1632,70,111,327
999,2026-06-22 16:59:28,16,design,941,690,50,4,3,254
1000,2026-06-02 06:04:20,6,tech,3464,2313,79,16,25,564
1001,2026-08-07 17:41:16,17,business,5465,4407,118,23,39,216
1002,2026-06-23 08:00:14,8,tech,2458,2158,51,31,41,505
1003,2026-07-10 09:38:44,9,business,3518,2481,66,12,15,204
1004,2026-05-08 16:42:25,16,design,45388,35926,3019,282,148,313
1005,2026-06-06 17:38:55,17,design,2094,1425,96,11,5,303
1006,2026-05-31 11:54:20,11,design,620,575,46,2,1,301
1007,2026-02-21 08:24:58,8,design,1553,1101,65,8,4,270
1008,2026-08-13 18:00:10,18,tech,13326,9275,261,88,88,538
1009,2026-07-13 10:33:40,10,tech,6680,6119,186,41,122,329
1010,2026-04-20 10:04:50,10,tech,15477,11050,440,91,166,338
1011,2026-03-17 18:59:27,18,business,325,264,4,2,1,157
1012,2026-06-18 11:19:48,11,tech,11941,9749,197,121,156,323
1013,2026-02-25 16:45:28,16,design,5624,4530,304,24,21,362
1014,2026-08-12 03:02:18,3,business,1371,1208,32,4,10,94
1015,2026-07-27 09:12:18,9,business,7272,6558,174,41,32,173
1016,2026-07-13 18:53:31,18,design,21524,14973,1015,83,85,242
1017,2026-04-24 20:11:36,20,tech,4270,4034,122,36,66,479
1018,2026-04-20 22:26:00,22,tech,6718,5292,155,55,103,330
1019,2026-06-09 13:01:36,13,tech,1718,1243,25,8,11,406
1020,2026-04-30 08:58:54,8,business,37025,29054,868,131,248,123
1021,2026-04-15 17:36:55,17,business,13012,8749,96,60,73,171
1022,2026-03-09 11:33:41,11,business,12327,9488,215,61,45,128
1023,2026-02-20 16:58:01,16,tech,1120,1043,27,11,20,658
1024,2026-07-24 12:17:34,12,design,4257,3590,239,11,9,260
1025,2026-03-24 13:23:40,13,business,5716,4291,48,15,18,125
1026,2026-05-09 18:49:30,18,design,2672,1892,118,4,6,277
1027,2026-06-02 11:50:22,11,tech,347,240,5,2,4,436
1028,2026-08-18 04:30:58,4,tech,484,378,13,3,4,472
1029,2026-06-20 23:41:22,23,tech,5252,3840,104,37,51,514
1030,2026-03-08 06:41:46,6,tech,861,700,24,7,12,480
1031,2026-04-02 14:38:02,14,tech,2841,2265,48,31,24,471
1032,2026-07-23 13:06:42,13,tech,4756,3433,130,21,54,392
1033,2026-07-16 10:40:25,10,tech,3171,2747,96,24,29,481
1034,2026-08-11 17:35:11,17,business,5289,4257,107,18,22,146
1035,2026-02-23 01:33:23,1,design,1825,1581,111,6,6,369
1036,2026-03-24 09:26:16,9,business,1106,734,20,7,5,184
1037,2026-03-22 09:00:54,9,design,6744,5556,411,40,20,328
1038,2026-06-26 01:03:21,1,business,1338,1236,31,8,8,175
1039,2026-06-18 17:09:53,17,tech,1914,1568,61,10,24,388
1040,2026-06-18 17:33:19,17,tech,438,355,7,3,5,427
1041,2026-08-15 11:39:30,11,design,13199,11594,833,89,38,314
1042,2026-04-14 16:03:26,16,business,3367,2245,61,21,19,165
1043,2026-02-27 10:35:31,10,design,22674,21410,1658,93,94,403
1044,2026-04-23 09:05:11,9,business,58571,42461,1068,139,278,120
1045,2026-07-26 07:09:58,7,business,245,187,4,1,1,130
1046,2026-05-13 01:53:11,1,tech,8978,7607,231,112,73,342
1047,2026-05-09 16:03:50,16,design,15419,11885,944,70,28,379
1048,2026-04-06 15:14:52,15,tech,512,395,15,4,7,354
1049,2026-05-21 12:53:27,12,tech,5998,4733,106,59,46,298
1050,2026-05-13 10:38:31,10,tech,3408,2295,48,34,24,499
1051,2026-03-10 13:38:28,13,tech,5889,5503,146,76,94,396
1052,2026-07-04 08:53:41,8,tech,24809,18655,465,211,344,291
1053,2026-03-11 09:55:07,9,design,27576,24847,2016,186,70,331
1054,2026-08-18 11:34:04,11,tech,9890,7509,162,104,80,420
1055,2026-06-09 12:28:53,12,design,3694,3431,231,27,14,352
1056,2026-06-17 09:56:36,9,design,1537,1157,83,7,4,185
1057,2026-08-11 08:49:53,8,design,9224,6580,571,22,22,383
1058,2026-06-01 17:43:35,17,tech,9689,8385,332,92,105,191
1059,2026-06-02 22:48:32,22,tech,723,603,17,3,7,349
1060,2026-05-22 11:04:42,11,tech,2447,1732,42,24,24,393
1061,2026-03-19 18:10:58,18,tech,2093,1871,45,27,21,498
1062,2026-06-22 09:25:07,9,business,2887,2512,50,22,11,137
1063,2026-03-11 11:05:40,11,tech,2260,1881,52,21,23,380
1064,2026-05-09 15:03:21,15,tech,7840,7179,248,47,118,407
1065,2026-04-29 19:10:08,19,tech,1119,835,23,10,9,581
1066,2026-03-22 11:00:10,11,design,1510,1165,86,9,5,290
1067,2026-06-07 18:35:23,18,design,25063,16954,1159,91,44,359
1068,2026-06-22 16:23:37,16,tech,13228,9633,214,128,125,547
1069,2026-07-23 20:54:34,20,tech,1620,1306,44,17,16,310
1070,2026-04-15 13:32:39,13,tech,694,474,12,3,5,474
1071,2026-05-17 13:51:27,13,tech,2808,2233,78,14,29,267
1072,2026-05-26 11:45:29,11,tech,61148,44187,884,433,789,434
1073,2026-08-05 14:05:10,14,design,2285,1827,147,12,8,328
1074,2026-06-15 09:45:26,9,tech,472,446,13,2,6,265
1075,2026-06-13 19:43:34,19,design,4059,3369,211,14,8,277
1076,2026-05-10 06:40:16,6,business,1600,1425,37,7,5,132
1077,2026-07-23 20:41:37,20,business,5879,3882,63,13,29,144
1078,2026-08-14 08:18:51,8,tech,1130,1009,35,14,12,368
1079,2026-08-01 14:28:44,14,tech,1850,1220,46,13,18,316
1080,2026-06-08 16:15:02,16,design,2650,2146,151,10,7,376
1081,2026-06-18 16:18:12,16,design,21710,18011,1038,49,71,358
1082,2026-05-02 15:32:45,15,tech,7988,6001,177,79,87,449
1083,2026-06-21 18:40:01,18,tech,30754,26519,760,304,507,394
1084,2026-05-16 14:06:57,14,tech,498,360,12,2,3,254
1085,2026-04-11 18:08:06,18,design,17677,15219,763,78,88,238
1086,2026-04-15 13:46:48,13,tech,2095,1573,44,20,24,578
1087,2026-05-14 18:59:32,18,tech,4565,3338,109,23,27,539
1088,2026-03-02 14:27:33,14,tech,735,576,20,4,9,552
1089,2026-08-11 18:56:35,18,tech,3290,2917,80,20,42,385
1090,2026-07-23 09:12:26,9,business,3010,2805,74,23,17,143
1091,2026-07-06 09:13:43,9,design,1727,1232,100,8,3,380
1092,2026-03-02 18:41:26,18,design,103628,89071,7897,679,189,289
1093,2026-03-02 14:57:11,14,business,2072,1902,36,12,18,181
1094,2026-06-09 11:19:57,11,tech,25481,24004,633,308,226,373
1095,2026-08-14 20:14:31,20,tech,453,348,13,2,3,374
1096,2026-03-13 16:50:37,16,design,825,617,34,4,2,249
1097,2026-03-11 09:30:13,9,tech,20984,18649,705,122,240,617
1098,2026-07-11 08:19:07,8,design,719,526,34,2,3,315
1099,2026-07-21 09:03:30,9,business,2200,1742,31,16,16,179
1100,2026-07-24 15:31:51,15,business,6635,4683,115,32,41,121
1101,2026-08-02 08:14:48,8,tech,5078,4369,148,22,68,489
1102,2026-05-28 20:05:51,20,business,5066,4432,53,18,22,112
1103,2026-05-03 08:06:43,8,design,2909,2509,177,12,11,276
1104,2026-07-09 08:40:38,8,business,9225,6239,127,43,35,157
1105,2026-03-25 09:10:04,9,tech,19809,16707,600,204,263,379
1106,2026-06-01 07:09:12,7,business,16646,13073,227,84,102,180
1107,2026-04-03 18:02:58,18,business,25169,21975,302,144,128,159
1108,2026-06-27 09:28:49,9,design,5188,4615,342,17,25,327
1109,2026-08-18 16:12:17,16,design,1775,1644,138,12,5,309
1110,2026-03-15 12:54:06,12,design,3161,2142,176,14,9,340
1111,2026-03-28 18:50:55,18,design,5436,3677,277,28,21,248
1112,2026-04-29 08:27:31,8,tech,6511,4664,133,29,80,370
1113,2026-02-24 16:25:21,16,design,9290,6793,345,16,31,301
1114,2026-05-24 08:06:39,8,tech,9295,6996,173,102,103,186
1115,2026-04-04 15:07:38,15,tech,8585,6059,157,62,56,416
1116,2026-02-25 12:35:00,12,business,2748,2165,64,7,17,120
1117,2026-06-11 11:36:12,11,design,3350,2893,221,15,6,253
1118,2026-04-07 09:54:30,9,design,13152,11219,909,81,33,316
1119,2026-03-30 10:51:42,10,design,4607,3175,237,24,12,274
1120,2026-03-02 12:46:13,12,business,3925,2849,41,26,22,142
1121,2026-05-22 09:18:17,9,design,1952,1785,132,3,6,336
1122,2026-06-21 17:18:36,17,design,970,705,40,2,1,313
1123,2026-05-14 10:53:03,10,tech,9480,7418,286,64,122,225
1124,2026-07-07 08:11:31,8,design,5220,4605,282,16,14,352
1125,2026-08-15 16:16:43,16,business,2332,2133,44,8,13,145
1126,2026-04-02 13:16:25,13,business,4778,3276,61,24,19,187
1127,2026-05-27 10:24:22,10,tech,60427,53157,1215,519,685,491
1128,2026-06-09 15:42:47,15,tech,2183,1852,62,13,32,539
1129,2026-06-11 11:30:02,11,tech,43893,32747,961,327,639,437
1130,2026-05-19 13:11:48,13,tech,1860,1375,33,17,18,345
1131,2026-07-07 15:29:41,15,design,909,658,59,4,3,337
1132,2026-03-31 16:23:19,16,business,2579,2016,22,18,17,197
1133,2026-04-21 16:56:43,16,business,1751,1211,12,3,8,110
1134,2026-03-22 17:50:43,17,design,6831,5274,318,23,23,247
1135,2026-06-16 12:26:19,12,tech,2140,2030,63,24,36,161
1136,2026-03-11 01:38:10,1,business,425,390,9,2,3,131
1137,2026-08-14 10:30:13,10,tech,2074,1373,36,12,25,383
1138,2026-02-22 09:42:48,9,design,1819,1253,75,8,6,369
1139,2026-04-19 09:25:49,9,tech,20859,14317,356,129,266,577
1140,2026-04-18 17:41:32,17,tech,17257,14911,440,165,198,428
1141,2026-07-04 11:28:34,11,tech,8077,6014,223,76,89,572
1142,2026-03-27 15:27:27,15,tech,691,555,17,4,7,379
1143,2026-08-14 09:36:34,9,tech,12485,10704,330,54,185,214
1144,2026-03-10 08:06:14,8,design,11051,8508,678,51,29,257
1145,2026-02-28 10:04:32,10,tech,1528,1236,47,6,14,333
1146,2026-06-28 19:03:31,19,design,1339,1145,67,5,5,350
1147,2026-08-18 10:01:24,10,tech,3529,2614,101,16,27,410
1148,2026-04-16 13:39:08,13,design,1343,1230,80,6,6,210
1149,2026-08-01 09:23:42,9,tech,3667,3005,111,16,56,372
1150,2026-07-16 16:41:10,16,design,2510,1774,116,13,5,282
1151,2026-07-10 10:13:13,10,design,1805,1691,98,6,9,340
1152,2026-03-11 10:55:40,10,tech,3655,3274,108,39,62,478
1153,2026-07-01 10:39:35,10,tech,6315,5600,181,75,81,361
1154,2026-06-14 11:36:21,11,design,29220,23529,1445,52,113,274
1155,2026-05-04 15:56:58,15,tech,10187,6919,206,63,124,512
1156,2026-07-27 11:42:23,11,tech,6255,5574,140,32,93,222
1157,2026-05-07 16:41:57,16,tech,9819,7489,170,83,106,492
1158,2026-04-15 10:07:10,10,business,2656,2090,37,14,16,136
1159,2026-04-08 09:58:16,9,tech,1079,1020,20,8,17,285
1160,2026-04-17 19:00:34,19,tech,18811,16568,633,141,171,488
1161,2026-04-27 09:15:24,9,design,13107,9669,849,28,47,306
1162,2026-06-28 11:42:36,11,tech,7208,5740,156,38,72,670
1163,2026-07-05 15:27:00,15,design,29038,19679,1515,152,60,324
1164,2026-06-23 22:43:51,22,design,1209,940,76,5,4,186
1165,2026-02-21 15:17:25,15,design,232,215,12,1,0,294
1166,2026-03-16 09:27:26,9,tech,973,815,18,8,15,339
1167,2026-02-24 09:42:55,9,tech,6284,4554,97,45,68,384
1168,2026-06-14 18:29:39,18,tech,13278,9263,236,91,160,451
1169,2026-04-05 12:43:59,12,business,10127,8124,208,31,62,134
1170,2026-05-26 07:07:41,7,tech,3732,3041,113,40,36,400
1171,2026-08-05 14:50:04,14,design,1273,993,85,3,4,315
1172,2026-06-10 09:25:44,9,tech,2640,2088,48,13,23,445
1173,2026-05-21 08:09:52,8,business,5277,3684,83,33,31,172
1174,2026-04-20 12:50:22,12,tech,6343,4455,98,60,45,406
1175,2026-07-10 16:46:14,16,tech,28921,20078,438,277,336,461
1176,2026-05-18 18:24:52,18,tech,9363,7421,270,94,119,540
1177,2026-03-13 08:32:00,8,tech,1590,1475,37,19,19,485
1178,2026-08-12 12:33:15,12,design,1075,909,47,4,5,324
1179,2026-07-14 11:47:16,11,business,2945,2518,70,9,18,203
1180,2026-03-09 15:33:12,15,tech,12581,11239,355,64,150,353
1181,2026-06-16 08:49:53,8,design,1557,1179,63,5,5,291
1182,2026-06-02 11:14:33,11,design,683,641,47,2,2,283
1183,2026-02-26 16:41:38,16,business,84646,73058,1381,441,443,154
1184,2026-05-04 08:52:08,8,business,17799,11982,182,73,56,121
1185,2026-04-15 11:44:58,11,design,5842,4067,335,26,21,348
1186,2026-07-26 23:05:11,23,tech,3355,2611,66,16,44,341
1187,2026-06-06 10:59:35,10,tech,636,457,16,6,6,272
1188,2026-08-10 10:56:04,10,design,3101,2435,158,9,11,306
1189,2026-07-26 10:54:22,10,tech,715,610,16,6,9,387
1190,2026-07-22 14:26:30,14,tech,17300,15084,466,185,293,270
1191,2026-07-23 14:16:04,14,tech,3525,2896,94,21,53,415
1192,2026-06-24 07:19:22,7,business,4008,3178,69,21,17,148
1193,2026-04-26 04:44:37,4,tech,224,183,5,2,3,347
1194,2026-06-01 10:57:05,10,tech,3727,2732,79,24,35,297
1195,2026-04-23 19:23:41,19,tech,1007,813,29,5,8,372
1196,2026-04-07 13:28:16,13,tech,1417,1338,46,16,22,390
1197,2026-03-15 04:05:45,4,tech,1252,1115,32,12,19,309
1198,2026-07-21 18:22:22,18,tech,3954,2904,110,22,47,404
1199,2026-08-09 17:22:45,17,design,3981,3025,269,18,7,334
1200,2026-04-19 13:09:44,13,business,969,794,8,2,5,183
1201,2026-03-17 11:24:55,11,tech,1819,1497,42,15,12,303
1202,2026-07-18 12:12:05,12,design,1228,981,54,5,3,297
1203,2026-06-18 11:45:50,11,tech,7021,4659,121,62,55,324
1204,2026-06-28 15:12:09,15,tech,464,371,11,3,2,493
1205,2026-05-30 00:01:33,0,tech,3639,2457,74,27,25,376
1206,2026-07-25 07:19:54,7,business,2888,2067,25,15,10,96
1207,2026-06-27 13:41:28,13,tech,607,565,16,6,8,438
1208,2026-08-02 18:24:09,18,design,53724,35715,2903,130,97,340
1209,2026-04-27 15:33:07,15,tech,3883,2923,78,36,43,525
1210,2026-04-28 13:04:28,13,business,3675,2853,40,20,17,123
1211,2026-04-27 08:03:42,8,business,2259,1677,32,10,15,176
1212,2026-06-21 08:06:40,8,business,4335,3113,79,18,23,209
1213,2026-05-13 19:00:04,19,tech,1429,1192,26,9,15,316
1214,2026-06-10 18:57:16,18,tech,819,633,19,5,5,554
1215,2026-03-23 07:16:20,7,tech,8990,7526,250,52,88,352
1216,2026-06-16 18:59:21,18,design,2844,2513,138,19,7,287
1217,2026-05-24 16:21:17,16,tech,5669,4124,124,30,43,556
1218,2026-04-13 01:29:46,1,tech,2068,1608,62,16,18,382
1219,2026-04-07 10:41:01,10,design,18056,12117,962,41,69,209
1220,2026-03-23 23:49:37,23,tech,1580,1395,53,13,20,401
1221,2026-06-24 09:06:50,9,design,5728,4402,253,23,9,309
1222,2026-06-04 10:03:49,10,tech,3770,3044,82,17,59,443
1223,2026-08-11 23:14:29,23,tech,646,558,13,3,8,622
1224,2026-07-22 18:24:00,18,tech,4742,3974,153,30,52,314
1225,2026-07-21 14:48:39,14,design,1296,860,75,5,4,250
1226,2026-05-14 09:42:43,9,tech,7531,5365,157,78,101,362
1227,2026-04-30 11:32:37,11,business,56836,44300,971,308,298,91
1228,2026-07-10 17:55:14,17,business,8305,5634,122,26,55,122
1229,2026-08-12 13:38:41,13,tech,5212,4121,105,51,60,422
1230,2026-03-31 17:31:56,17,tech,2791,2537,58,24,45,490
1231,2026-04-11 08:34:02,8,tech,14250,10688,347,64,101,382
1232,2026-08-09 08:36:58,8,business,4507,3659,46,21,16,199
1233,2026-06-23 02:10:58,2,business,1694,1547,19,11,14,182
1234,2026-05-16 08:45:37,8,design,5553,4033,255,17,12,329
1235,2026-03-31 12:19:21,12,business,1949,1710,43,6,16,128
1236,2026-05-06 18:47:40,18,tech,4088,3574,137,48,58,545
1237,2026-06-22 18:18:24,18,tech,15439,14304,325,96,249,326
1238,2026-05-21 16:51:45,16,tech,983,769,26,6,13,341
1239,2026-06-07 15:39:46,15,tech,2349,1817,64,23,24,448
1240,2026-05-06 10:31:26,10,tech,4815,3169,70,26,59,429
1241,2026-06-18 15:38:09,15,tech,8715,6925,237,46,67,297
1242,2026-04-27 16:39:21,16,tech,3018,2185,83,16,39,370
1243,2026-07-09 00:10:52,0,design,29470,19829,1561,158,59,295
1244,2026-07-24 17:22:59,17,tech,10225,9571,352,108,86,290
1245,2026-04-09 08:40:46,8,tech,3898,3450,101,20,33,362
1246,2026-06-24 11:07:10,11,business,5453,4894,145,48,23,76
1247,2026-07-04 15:00:36,15,tech,4946,3870,135,47,48,323
1248,2026-07-16 10:55:34,10,tech,4831,3565,75,51,63,372
1249,2026-03-19 05:36:30,5,business,669,472,12,2,4,102
1250,2026-03-13 10:55:56,10,tech,1342,964,29,14,16,439
1251,2026-04-19 16:00:17,16,design,4637,4044,218,26,11,344
1252,2026-05-22 23:49:41,23,design,3425,2639,150,13,9,341
1253,2026-06-01 20:34:05,20,tech,12125,9363,237,129,131,501
1254,2026-07-01 08:52:42,8,tech,823,564,21,6,7,512
1255,2026-07-26 11:59:49,11,tech,2726,1810,68,23,20,273
1256,2026-07-07 16:36:15,16,design,2025,1556,91,9,6,298
1257,2026-03-17 11:26:35,11,design,1623,1326,79,3,7,219
1258,2026-06-03 12:41:06,12,tech,5177,4483,103,29,39,378
1259,2026-02-21 14:51:22,14,design,1871,1700,119,8,4,264
1260,2026-05-19 20:31:09,20,design,3699,2640,213,14,11,277
1261,2026-04-27 14:30:48,14,tech,7816,7368,161,94,72,594
1262,2026-07-27 11:49:57,11,business,5001,3427,87,31,21,181
1263,2026-06-14 10:15:51,10,business,4281,3674,50,25,25,148
1264,2026-05-03 05:44:17,5,tech,356,335,12,2,2,648
1265,2026-06-27 01:12:13,1,tech,94050,70084,2240,429,1271,190
1266,2026-04-04 17:08:18,17,tech,1986,1664,50,17,22,551
1267,2026-04-06 11:56:54,11,tech,3861,3654,143,24,65,308
1268,2026-08-15 12:33:47,12,business,5077,4529,50,30,32,183
1269,2026-07-07 09:31:39,9,tech,11744,8024,206,56,90,459
1270,2026-06-16 22:44:50,22,tech,3884,2884,81,15,32,456
1271,2026-02-21 23:30:30,23,tech,79269,68693,2740,843,680,631
1272,2026-04-21 11:30:30,11,tech,10020,7459,180,92,64,472
1273,2026-08-19 07:37:29,7,business,450,319,4,1,1,118
1274,2026-04-26 04:21:19,4,design,2318,1712,127,13,8,356
1275,2026-07-06 13:21:11,13,design,4634,4222,356,22,18,283
1276,2026-06-26 08:42:35,8,business,8199,6988,186,39,38,132
1277,2026-06-21 17:59:44,17,tech,7613,5996,182,65,103,403
1278,2026-07-11 11:44:55,11,design,505,365,31,1,1,289
1279,2026-05-28 11:51:56,11,business,953,648,10,4,6,118
1280,2026-05-17 10:36:38,10,tech,1049,889,31,9,7,387
1281,2026-07-13 18:14:39,18,design,4292,3921,302,20,19,309
1282,2026-06-15 11:36:34,11,tech,631,583,16,5,6,386
1283,2026-05-12 16:35:54,16,tech,1164,1014,21,7,13,396
1284,2026-06-26 09:28:46,9,design,1824,1369,80,8,3,306
1285,2026-02-21 19:24:45,19,tech,9715,6756,237,55,96,460
1286,2026-06-02 12:52:27,12,business,4698,4212,59,28,32,168
1287,2026-04-05 13:52:45,13,design,4794,4235,214,33,21,351
1288,2026-05-15 13:29:49,13,business,17019,11571,303,63,107,139
1289,2026-03-23 11:44:57,11,business,910,829,10,3,3,243
1290,2026-07-05 21:18:06,21,tech,1315,932,23,8,10,401
1291,2026-03-22 07:49:53,7,tech,1807,1217,39,13,10,425
1292,2026-05-22 10:30:10,10,design,3460,2928,254,10,9,302
1293,2026-07-02 11:47:00,11,tech,24686,18263,647,134,214,384
1294,2026-08-06 06:47:05,6,design,1279,951,58,4,2,275
1295,2026-05-30 19:37:15,19,business,34056,28057,417,113,247,184
1296,2026-03-10 10:38:10,10,business,23132,21688,565,152,132,143
1297,2026-03-12 09:51:13,9,design,979,858,63,6,1,282
1298,2026-05-06 08:44:05,8,design,5202,3772,263,12,19,321
1299,2026-03-27 09:57:37,9,tech,1748,1610,48,22,16,503
1300,2026-06-13 08:28:51,8,tech,32047,22130,466,145,195,328
1301,2026-06-01 12:56:29,12,tech,1013,885,34,11,8,353
1302,2026-08-07 08:34:58,8,tech,25601,19326,412,136,275,345
1303,2026-08-10 23:05:17,23,design,15351,14185,1117,85,37,278
1304,2026-05-10 08:02:17,8,tech,3041,2659,89,35,22,318
1305,2026-03-03 06:59:18,6,tech,4861,4196,166,32,67,414
1306,2026-07-07 15:06:57,15,design,554,474,37,3,1,236
1307,2026-06-14 12:42:31,12,business,3606,3034,88,28,29,138
1308,2026-04-12 10:32:01,10,business,913,695,16,4,6,177
1309,2026-08-11 18:56:29,18,tech,977,662,16,3,6,418
1310,2026-07-19 15:37:40,15,tech,3160,2231,54,20,26,499
1311,2026-04-14 17:41:14,17,tech,89708,69959,1499,782,1248,378
1312,2026-05-31 15:18:28,15,design,20370,15598,1289,72,66,202
1313,2026-03-13 13:15:33,13,tech,585,528,14,3,10,269
1314,2026-04-07 08:34:23,8,tech,2620,2193,53,30,38,345
1315,2026-03-24 13:36:46,13,business,2069,1580,37,9,14,155
1316,2026-04-25 14:27:04,14,business,16141,14554,275,138,141,117
1317,2026-04-13 15:50:45,15,design,4693,3922,236,20,13,279
1318,2026-03-25 10:41:10,10,design,5193,3449,237,24,18,244
1319,2026-08-05 09:34:24,9,tech,9121,8502,302,48,162,353
1320,2026-04-11 19:21:25,19,business,5425,5025,55,25,41,163
1321,2026-05-08 09:01:23,9,tech,3572,2464,56,31,47,574
1322,2026-07-12 00:04:10,0,design,404,381,23,2,1,303
1323,2026-08-08 18:55:45,18,tech,12665,9216,255,90,171,423
1324,2026-06-23 17:51:02,17,design,18820,15535,1076,73,74,336
1325,2026-02-21 07:02:57,7,business,3780,3362,34,15,22,159
1326,2026-05-11 11:26:48,11,tech,8829,8303,166,80,159,225
1327,2026-06-22 07:30:54,7,tech,7584,5146,125,61,82,343
1328,2026-03-06 12:40:05,12,business,4959,3796,68,21,26,126
1329,2026-07-04 10:58:32,10,tech,2159,1607,48,17,18,498
1330,2026-07-25 16:44:39,16,tech,5192,4907,121,70,70,564
1331,2026-05-16 16:49:03,16,tech,1505,1284,42,10,11,529
1332,2026-08-16 20:59:55,20,design,1472,1245,75,2,4,294
1333,2026-03-22 21:45:57,21,tech,5915,4493,156,60,38,307
1334,2026-07-22 10:09:55,10,tech,2536,2079,79,13,18,344
1335,2026-03-05 11:39:39,11,business,522,395,8,1,2,164
1336,2026-04-21 12:56:00,12,business,2380,1803,48,8,16,153
1337,2026-07-27 08:59:25,8,business,5390,4170,121,36,25,150
1338,2026-05-22 16:45:50,16,tech,1143,928,28,9,17,553
1339,2026-07-29 16:55:47,16,design,5102,3851,294,16,10,233
1340,2026-04-11 18:04:38,18,tech,2777,2418,49,22,47,253
1341,2026-05-04 20:50:50,20,tech,764,555,18,7,8,398
1342,2026-06-02 16:49:18,16,tech,34768,23921,648,268,375,192
1343,2026-06-20 10:27:03,10,tech,2626,2326,52,13,20,365
1344,2026-03-17 16:39:10,16,tech,2307,2159,53,21,40,414
1345,2026-06-23 17:32:09,17,design,4896,3594,293,17,10,303
1346,2026-05-19 18:33:02,18,tech,14776,13571,521,172,261,356
1347,2026-07-16 18:42:52,18,design,7316,6006,522,30,12,268
1348,2026-08-04 18:53:12,18,business,6653,5555,115,53,46,133
1349,2026-07-15 16:25:34,16,tech,701,598,18,7,10,620
1350,2026-07-08 16:35:48,16,business,1244,972,21,9,7,162
1351,2026-07-25 11:30:02,11,tech,5081,4588,116,27,52,298
1352,2026-06-28 09:21:55,9,tech,11891,9318,323,124,108,376
1353,2026-03-27 17:43:04,17,design,3300,2333,188,6,6,345
1354,2026-05-04 08:30:20,8,business,1253,954,16,7,6,168
1355,2026-03-17 10:20:33,10,tech,2486,2226,88,31,33,437
1356,2026-05-11 14:47:07,14,business,2509,2255,60,16,13,151
1357,2026-06-24 12:28:15,12,tech,5349,3745,106,52,71,719
1358,2026-06-17 16:14:06,16,design,372,284,14,2,1,279
1359,2026-05-27 13:47:40,13,tech,1818,1517,50,22,23,463
1360,2026-07-19 13:51:38,13,tech,4355,4104,144,46,42,249
1361,2026-04-08 10:44:40,10,design,3427,2246,189,5,6,321
1362,2026-04-06 15:57:19,15,design,3919,3281,213,24,17,352
1363,2026-07-10 13:39:45,13,tech,770,641,24,8,7,308
1364,2026-04-07 09:48:53,9,business,10442,7497,94,58,41,95
1365,2026-05-26 08:11:27,8,tech,3177,2423,76,27,30,418
1366,2026-06-11 07:48:54,7,design,470,418,30,0,2,215
1367,2026-07-21 13:02:28,13,tech,900,809,21,7,16,511
1368,2026-08-10 10:04:03,10,business,1379,1166,33,4,5,191
1369,2026-07-28 11:09:21,11,design,13641,8945,483,51,38,287
1370,2026-02-23 10:19:43,10,tech,11376,9177,306,106,132,517
1371,2026-07-28 17:20:04,17,tech,9738,8048,211,73,147,600
1372,2026-03-28 06:04:23,6,tech,5590,3679,124,46,38,403
1373,2026-06-20 15:19:59,15,design,905,684,46,1,2,310
1374,2026-05-29 09:06:34,9,business,5703,3981,43,33,16,56
1375,2026-05-15 04:18:36,4,design,674,461,35,1,2,276
1376,2026-06-11 21:42:52,21,tech,1751,1534,49,19,17,509
1377,2026-05-14 11:25:53,11,business,12094,9860,101,87,80,132
1378,2026-03-04 16:42:15,16,tech,852,619,18,6,6,486
1379,2026-03-23 14:56:17,14,tech,1531,1013,33,6,14,325
1380,2026-06-20 00:34:46,0,business,6825,4900,118,20,32,147
1381,2026-03-02 17:10:59,17,business,55461,52456,685,330,405,91
1382,2026-05-24 19:16:45,19,tech,9050,6690,216,87,75,391
1383,2026-02-25 08:33:54,8,design,1408,1238,96,8,6,297
1384,2026-04-06 12:31:38,12,tech,1864,1705,46,21,30,337
1385,2026-07-17 20:27:56,20,tech,7536,6555,192,52,94,540
1386,2026-05-08 10:11:57,10,tech,5632,5133,166,57,94,310
1387,2026-05-21 10:59:56,10,tech,7714,6216,182,53,115,358
1388,2026-06-22 08:08:50,8,tech,4026,3724,83,52,52,435
1389,2026-04-08 17:20:24,17,tech,1914,1682,56,8,13,543
1390,2026-06-28 09:46:56,9,design,5145,4165,331,22,12,285
1391,2026-04-01 07:18:14,7,design,16878,13430,1028,100,60,286
1392,2026-04-28 11:52:33,11,design,1055,883,67,5,4,246
1393,2026-05-05 12:23:27,12,business,9886,8525,110,30,65,169
1394,2026-08-04 08:59:28,8,business,7439,5204,131,24,50,101
1395,2026-04-08 10:45:58,10,tech,18286,15574,342,120,310,571
1396,2026-05-27 15:41:08,15,tech,607,572,16,4,7,326
1397,2026-05-29 06:30:59,6,tech,5886,4312,137,37,39,301
1398,2026-07-12 15:15:29,15,design,1165,825,71,5,3,339
1399,2026-08-01 17:07:26,17,tech,7083,5990,223,51,57,486
1400,2026-06-06 12:58:17,12,design,508,425,27,2,1,319
1401,2026-04-21 08:11:04,8,design,23405,20867,1715,151,49,231
1402,2026-08-11 14:32:14,14,design,1023,665,37,4,3,267
1403,2026-02-21 10:57:48,10,design,1572,1331,102,3,2,337
1404,2026-05-29 17:54:56,17,design,19753,14840,1233,76,80,242
1405,2026-06-15 13:30:30,13,tech,883,591,13,7,7,295
1406,2026-03-21 04:14:54,4,tech,2650,2064,45,29,28,306
1407,2026-08-15 19:42:36,19,design,1051,756,48,3,1,381
1408,2026-06-17 06:41:05,6,business,684,482,11,2,3,227
1409,2026-03-10 10:52:24,10,tech,3228,2172,71,11,28,359
1410,2026-04-12 18:02:19,18,business,1015,956,21,8,6,138
1411,2026-07-14 13:18:30,13,business,3547,2934,69,16,22,137
1412,2026-05-28 17:51:48,17,design,6997,6197,368,31,15,293
1413,2026-07-13 17:50:19,17,business,16399,11798,280,46,110,145
1414,2026-07-06 18:38:34,18,business,11488,7607,171,70,47,141
1415,2026-04-21 01:36:29,1,tech,1314,1242,45,14,15,407
1416,2026-04-13 17:23:44,17,design,10939,9033,493,38,47,262
1417,2026-04-15 09:47:52,9,design,10698,9208,527,58,29,324
1418,2026-07-26 18:47:59,18,business,5103,4232,47,30,27,163
1419,2026-04-20 06:22:04,6,tech,2142,1700,48,25,27,219
1420,2026-05-07 09:03:00,9,design,12682,12008,952,66,37,288
1421,2026-07-23 16:50:21,16,business,3999,3260,44,29,15,107
1422,2026-07-20 07:27:43,7,design,2670,2311,122,13,13,305
1423,2026-04-08 15:31:15,15,design,7423,6279,324,20,21,280
1424,2026-03-28 12:17:06,12,tech,292,196,6,2,2,466
1425,2026-04-26 11:40:22,11,tech,2086,1827,51,15,17,504
1426,2026-07-13 09:37:21,9,design,11690,10649,536,67,57,339
1427,2026-07-23 23:23:57,23,design,2181,1484,130,8,4,277
1428,2026-05-14 12:26:17,12,design,2017,1475,83,3,4,314
1429,2026-07-05 13:07:02,13,business,25160,17544,367,127,127,159
1430,2026-03-03 16:08:38,16,business,1986,1821,29,10,9,211
1431,2026-07-19 23:01:51,23,design,806,551,34,4,2,258
1432,2026-07-25 13:51:06,13,design,1583,1308,112,5,3,250
1433,2026-04-27 03:55:28,3,design,2105,1436,109,10,7,217
1434,2026-04-05 13:55:46,13,tech,310,213,6,3,2,268
1435,2026-08-09 03:36:12,3,tech,5835,5271,131,36,101,288
1436,2026-06-29 07:32:36,7,tech,2544,2171,53,26,22,377
1437,2026-06-26 10:41:02,10,tech,12037,10080,346,85,152,558
1438,2026-03-14 16:52:21,16,design,6785,6376,376,38,14,299
1439,2026-04-02 10:09:46,10,design,1479,1227,71,7,5,295
1440,2026-07-09 09:24:43,9,tech,3147,2588,81,15,39,514
1441,2026-08-13 07:42:07,7,business,1009,730,16,4,4,180
1442,2026-06-11 10:40:50,10,tech,1835,1498,35,21,20,326
1443,2026-03-22 18:55:34,18,tech,3279,2595,71,20,32,454
1444,2026-02-28 22:36:18,22,tech,1605,1443,29,20,16,427
1445,2026-04-25 23:28:39,23,tech,7116,6218,208,56,68,407
1446,2026-05-27 16:21:07,16,business,723,524,7,3,2,167
1447,2026-03-23 13:07:44,13,business,4224,2997,52,27,19,108
1448,2026-07-17 08:12:43,8,design,2758,2430,197,17,7,324
1449,2026-05-05 09:44:24,9,business,831,569,12,2,5,160
1450,2026-08-18 14:50:32,14,business,4271,3971,60,33,23,149
1451,2026-03-13 08:03:06,8,tech,20905,19280,653,107,308,435
1452,2026-03-29 09:34:21,9,business,6951,6109,93,40,48,125
1453,2026-05-25 08:59:20,8,tech,2592,1820,60,23,19,367
1454,2026-07-01 06:13:39,6,design,1272,1188,75,8,2,327
1455,2026-03-05 11:40:41,11,business,2597,2211,37,17,9,105
1456,2026-05-05 11:37:54,11,design,4660,3398,175,10,9,295
1457,2026-07-04 15:30:50,15,tech,2725,1788,47,11,19,340
1458,2026-03-28 09:04:36,9,design,16673,11831,944,51,43,297
1459,2026-04-04 09:32:02,9,design,12772,11992,974,39,48,409
1460,2026-06-02 16:02:08,16,business,1860,1627,36,7,11,132
1461,2026-02-27 00:41:44,0,tech,9109,6096,241,79,65,536
1462,2026-04-09 11:31:55,11,business,920,646,16,4,4,177
1463,2026-05-31 15:18:07,15,design,688,455,31,3,1,347
1464,2026-03-11 10:35:18,10,tech,2436,1633,48,22,21,486
1465,2026-05-09 19:08:44,19,design,2961,2242,194,15,7,343
1466,2026-03-19 11:58:53,11,tech,3930,2826,89,23,23,515
1467,2026-05-27 14:55:14,14,tech,1464,1371,41,7,12,296
1468,2026-06-06 10:04:29,10,tech,2161,2013,43,14,23,430
1469,2026-02-28 17:23:15,17,business,1298,930,12,6,4,131
1470,2026-03-22 18:07:45,18,tech,2952,2761,75,29,37,406
1471,2026-06-08 16:29:36,16,design,16985,12065,715,91,55,315
1472,2026-07-20 17:14:25,17,design,1420,1090,66,2,5,240
1473,2026-07-12 16:31:03,16,tech,277,187,7,2,2,473
1474,2026-04-24 07:34:36,7,business,608,560,7,2,4,209
1475,2026-04-09 15:20:37,15,tech,6194,4755,182,71,90,521
1476,2026-03-05 13:11:51,13,business,5569,4609,52,28,39,131
1477,2026-04-11 01:59:25,1,tech,1142,920,24,11,12,257
1478,2026-04-02 09:12:11,9,tech,1950,1651,49,21,31,242
1479,2026-03-30 10:28:50,10,tech,3544,3013,85,19,55,368
1480,2026-05-17 11:57:57,11,design,4223,3144,248,8,16,290
1481,2026-05-30 08:11:21,8,tech,673,536,12,2,7,445
1482,2026-05-10 13:01:14,13,design,3160,2827,222,12,13,281
1483,2026-05-15 07:27:22,7,tech,376,249,7,1,3,271
1484,2026-06-30 17:39:10,17,design,61925,41760,2475,209,118,303
1485,2026-06-09 08:50:36,8,tech,2703,1805,51,16,31,503
1486,2026-05-13 12:38:35,12,tech,1147,912,22,5,8,326
1487,2026-04-04 13:53:26,13,tech,5178,4781,124,37,85,509
1488,2026-05-05 21:33:56,21,design,5970,5168,347,31,10,295
1489,2026-03-15 07:36:29,7,design,10355,8329,536,27,43,324
1490,2026-06-15 13:27:00,13,tech,6900,5967,150,86,118,457
1491,2026-03-08 10:16:07,10,design,2417,2070,125,5,8,312
1492,2026-06-18 13:12:59,13,design,4675,3757,241,17,20,337
1493,2026-03-17 12:29:37,12,tech,21616,19136,514,222,235,456
1494,2026-06-17 12:18:20,12,tech,20155,15054,491,149,283,574
1495,2026-03-21 00:46:57,0,business,701,621,9,2,3,130
1496,2026-05-08 12:08:39,12,business,1131,1011,25,5,5,116
1497,2026-08-11 23:01:58,23,design,536,472,35,3,1,310
1498,2026-04-03 15:39:05,15,design,5336,4200,377,28,10,310
1499,2026-03-13 09:20:39,9,tech,850,617,14,3,5,398
1500,2026-07-14 09:36:44,9,design,12285,10291,676,44,45,226
1501,2026-07-18 11:56:34,11,business,846,661,19,3,3,190
1502,2026-08-17 09:13:25,9,design,3379,3023,262,13,7,318
1503,2026-07-11 03:42:26,3,tech,530,383,11,4,6,207
1504,2026-06-25 23:22:37,23,tech,8409,5900,145,66,109,346
1505,2026-05-04 21:30:24,21,tech,4449,3341,75,30,51,603
1506,2026-05-26 19:34:09,19,tech,17130,11391,228,80,169,309
1507,2026-07-08 19:52:59,19,business,5169,4546,115,31,26,184
1508,2026-06-30 15:51:31,15,design,7609,5302,285,11,31,346
1509,2026-06-20 08:24:07,8,tech,18809,13272,350,88,125,507
1510,2026-04-14 16:35:43,16,design,3367,2352,166,12,9,260
1511,2026-03-24 17:28:53,17,business,11951,10368,222,59,48,165
1512,2026-06-16 12:32:32,12,tech,3829,3152,91,31,26,505
1513,2026-08-06 08:12:45,8,business,2366,2025,56,15,12,218
1514,2026-07-24 06:13:03,6,business,14714,9744,135,50,86,141
1515,2026-05-25 09:08:32,9,tech,6973,5674,151,60,80,258
1516,2026-08-17 11:56:38,11,tech,10338,7523,270,79,145,345
1517,2026-04-25 13:42:49,13,tech,7109,5591,177,54,104,539
1518,2026-03-29 16:45:17,16,tech,4903,4096,83,43,65,566
1519,2026-03-22 12:43:08,12,design,6024,4286,335,28,20,298
1520,2026-03-22 06:52:22,6,design,1902,1638,107,7,8,343
1521,2026-05-22 09:19:18,9,business,66995,58757,1406,282,368,109
1522,2026-03-10 08:05:27,8,tech,3361,3003,104,28,42,449
1523,2026-02-22 15:59:22,15,design,1129,760,58,2,1,333
1524,2026-03-06 17:25:41,17,tech,978,734,16,4,7,162
1525,2026-04-28 14:27:35,14,tech,3508,3167,65,26,37,394
1526,2026-05-29 16:22:24,16,tech,740,512,14,4,6,273
1527,2026-04-25 13:29:26,13,tech,2294,1943,58,25,36,416
1528,2026-07-28 19:44:59,19,tech,3928,2804,68,27,34,348
1529,2026-06-08 09:41:02,9,business,14481,10048,104,69,88,157
1530,2026-05-07 13:05:28,13,tech,1012,772,15,5,11,317
1531,2026-04-11 19:06:02,19,tech,12301,10137,324,147,183,281
1532,2026-04-12 13:37:14,13,design,6301,5115,408,32,22,333
1533,2026-04-02 14:41:06,14,design,29347,21637,1872,71,44,342
1534,2026-06-28 16:05:00,16,business,5461,4990,72,28,20,113
1535,2026-08-12 12:05:02,12,tech,4094,3867,117,53,42,383
1536,2026-08-02 17:25:42,17,design,970,907,72,2,4,247
1537,2026-05-18 17:31:45,17,business,387,287,4,2,1,137
1538,2026-04-11 09:47:13,9,design,7685,6410,373,48,20,359
1539,2026-05-18 10:34:38,10,design,2369,2039,109,9,6,328
1540,2026-05-12 14:05:45,14,tech,3039,2024,62,30,33,301
1541,2026-06-27 23:59:00,23,business,2692,2332,29,15,13,176
1542,2026-08-02 13:47:51,13,tech,4827,4461,175,23,86,340
1543,2026-04-05 18:24:34,18,design,16437,10868,884,33,24,316
1544,2026-03-06 09:44:12,9,tech,1766,1571,54,8,16,552
1545,2026-04-19 21:01:51,21,business,1411,1026,12,5,9,123
1546,2026-07-24 16:36:17,16,tech,44944,39516,1435,571,563,281
1547,2026-07-16 14:55:40,14,design,5253,3701,196,9,12,250
1548,2026-04-02 11:57:36,11,tech,3814,2861,72,33,55,350
1549,2026-03-10 08:58:04,8,business,15555,13172,361,123,61,153
1550,2026-04-26 11:32:30,11,tech,1867,1434,48,13,14,456
1551,2026-08-02 09:47:27,9,business,5735,5081,71,20,25,145
1552,2026-08-14 10:59:08,10,tech,1361,1271,39,18,16,308
1553,2026-04-23 05:06:51,5,tech,1475,1010,32,10,16,470
1554,2026-07-29 15:56:17,15,tech,5929,5082,162,61,61,456
1555,2026-06-09 06:25:55,6,tech,539,356,13,3,6,398
1556,2026-08-16 19:46:06,19,tech,1112,802,17,4,6,441
1557,2026-07-31 10:28:05,10,tech,6392,6016,124,77,62,360
1558,2026-05-24 13:26:34,13,design,1706,1372,93,3,4,274
1559,2026-06-01 17:56:40,17,tech,7708,5665,214,46,87,530
1560,2026-07-21 17:24:12,17,tech,6190,4431,170,25,67,445
1561,2026-06-18 17:44:21,17,design,7820,5955,436,30,32,235
1562,2026-07-19 09:40:59,9,tech,11414,9485,302,57,120,435
1563,2026-08-19 17:41:38,17,design,4221,3165,162,13,14,300
1564,2026-05-16 12:10:33,12,tech,943,846,33,7,8,336
1565,2026-03-16 16:42:49,16,tech,517,390,8,1,6,203
1566,2026-03-15 13:11:24,13,tech,1393,925,24,9,17,284
1567,2026-04-24 11:34:45,11,tech,5497,4986,127,59,47,366
1568,2026-03-16 10:10:46,10,tech,604,495,10,3,9,332
1569,2026-07-05 16:57:11,16,business,1218,912,9,7,6,147
1570,2026-04-24 08:54:53,8,tech,1023,937,23,6,10,442
1571,2026-06-24 13:24:11,13,tech,655,582,16,3,6,461
1572,2026-04-08 12:58:56,12,business,958,744,17,4,4,211
1573,2026-08-01 13:18:40,13,tech,3290,2373,77,14,42,283
1574,2026-04-10 17:26:06,17,design,1071,1016,82,5,2,270
1575,2026-06-28 21:57:10,21,business,5781,4572,134,27,32,184
1576,2026-02-26 10:39:07,10,tech,2296,2084,80,22,38,397
1577,2026-03-03 10:55:12,10,business,12902,9050,103,59,51,138
1578,2026-03-31 06:31:22,6,tech,1906,1481,33,18,26,522
1579,2026-07-18 10:30:24,10,tech,2440,1732,55,15,23,341
1580,2026-08-06 17:04:41,17,design,8087,6422,360,36,20,278
1581,2026-07-09 12:50:57,12,tech,9722,8920,181,45,82,296
1582,2026-07-02 12:01:27,12,business,8021,5868,91,31,47,114
1583,2026-08-07 17:48:22,17,design,2632,2168,166,12,9,260
1584,2026-04-14 17:09:12,17,tech,2587,2206,74,17,28,347
1585,2026-04-17 09:55:39,9,business,17346,11888,151,66,77,153
1586,2026-07-13 16:46:43,16,tech,4463,4069,103,56,55,413
1587,2026-03-16 13:04:48,13,tech,5883,4298,107,50,71,401
1588,2026-02-23 09:44:56,9,design,3090,2193,142,8,7,288
1589,2026-08-04 14:33:43,14,tech,2062,1593,42,8,28,253
1590,2026-03-10 11:54:10,11,tech,51557,37069,786,460,540,311
1591,2026-03-31 09:49:46,9,design,1379,1009,73,2,3,383
1592,2026-07-20 12:40:39,12,tech,3594,2961,88,15,31,302
1593,2026-03-14 06:33:40,6,tech,4188,3320,70,27,65,404
1594,2026-07-03 14:10:36,14,design,4120,3252,251,14,14,288
1595,2026-05-23 11:03:40,11,tech,13372,9037,182,103,157,234
1596,2026-03-06 07:36:45,7,design,639,588,50,4,1,306
1597,2026-08-05 16:48:15,16,tech,1805,1713,59,19,25,429
1598,2026-02-24 10:34:09,10,design,2457,1829,97,7,3,210
1599,2026-04-11 14:46:03,14,tech,4590,3559,89,48,40,302
1600,2026-03-31 14:09:41,14,design,1725,1209,93,4,4,192
1601,2026-08-09 08:48:34,8,design,4593,3342,253,7,17,283
1602,2026-06-09 18:00:46,18,design,7218,5565,433,40,29,295
1603,2026-04-02 10:23:29,10,design,4102,3561,295,26,14,351
1604,2026-04-26 06:24:03,6,design,15373,10616,850,62,28,300
1605,2026-07-03 16:37:48,16,tech,4729,3621,124,29,46,471
1606,2026-05-03 18:52:24,18,tech,6744,6243,169,65,55,672
1607,2026-05-13 11:12:40,11,tech,18100,16538,628,156,274,455
1608,2026-06-07 06:17:50,6,business,1011,860,23,6,3,109
1609,2026-04-06 07:14:36,7,business,4044,3493,96,26,23,185
1610,2026-07-19 10:01:58,10,tech,521,423,9,3,4,355
1611,2026-07-26 16:17:11,16,design,802,624,42,2,1,283
1612,2026-07-31 00:23:00,0,tech,1811,1636,52,19,16,443
1613,2026-03-14 17:55:52,17,design,2642,2138,156,5,7,227
1614,2026-07-12 18:54:10,18,tech,3697,3051,63,33,52,407
1615,2026-06-21 14:49:40,14,design,2772,2419,121,17,7,353
1616,2026-08-10 10:17:59,10,tech,73275,54094,1436,305,575,274
1617,2026-04-19 16:21:51,16,business,2465,2336,33,14,22,157
1618,2026-03-09 10:39:42,10,tech,5261,3790,103,35,66,461
1619,2026-08-15 18:09:59,18,tech,7531,6044,213,38,57,442
1620,2026-02-22 08:44:43,8,design,885,601,37,3,3,353
1621,2026-04-28 13:34:47,13,tech,625,531,16,3,7,361
1622,2026-07-24 09:45:59,9,design,2484,2118,167,8,10,249
1623,2026-05-05 09:21:35,9,tech,3773,3291,95,48,57,498
1624,2026-03-08 09:07:11,9,design,17143,14042,1076,90,36,340
1625,2026-04-23 09:31:25,9,tech,4889,4077,86,31,62,447
1626,2026-04-16 19:05:52,19,business,1477,1224,13,4,6,145
1627,2026-02-23 08:20:02,8,tech,2657,2436,60,24,23,506
1628,2026-08-02 09:21:42,9,business,2832,2460,25,9,18,103
1629,2026-06-02 15:54:28,15,design,428,392,26,1,2,332
1630,2026-06-20 10:11:32,10,tech,8996,7992,197,51,68,276
1631,2026-03-16 18:07:09,18,business,2006,1469,33,13,7,116
1632,2026-03-23 15:34:14,15,design,6213,4686,374,36,20,240
1633,2026-05-25 09:15:02,9,tech,3689,2497,74,23,47,425
1634,2026-05-29 11:48:26,11,design,11039,7307,636,54,35,318
1635,2026-07-12 11:19:24,11,tech,34519,24465,933,169,224,598
1636,2026-05-09 13:53:45,13,tech,9306,8378,294,117,81,476
1637,2026-07-13 16:02:04,16,tech,4279,4053,102,30,71,382
1638,2026-03-27 10:52:51,10,business,1964,1579,27,13,10,123
1639,2026-05-16 16:18:08,16,design,9532,8246,477,18,20,365
1640,2026-02-26 11:36:15,11,business,5366,4616,115,39,23,144
1641,2026-02-23 17:42:02,17,tech,2865,2382,53,30,36,341
1642,2026-05-15 18:24:30,18,design,1331,1009,83,3,3,331
1643,2026-06-01 09:14:21,9,tech,2387,1699,43,13,31,444
1644,2026-05-31 11:45:48,11,business,1316,1020,24,8,5,139
1645,2026-04-02 09:04:15,9,design,1166,775,49,1,2,288
1646,2026-07-17 15:15:28,15,tech,6676,4918,101,64,51,297
1647,2026-07-22 22:48:22,22,design,22526,16082,1011,80,75,246
1648,2026-06-28 09:39:44,9,design,4130,2711,142,8,8,340
1649,2026-06-10 22:41:41,22,tech,4546,3319,106,21,64,537
1650,2026-04-24 09:36:20,9,design,6311,4278,313,22,15,279
1651,2026-06-05 09:32:05,9,business,160000,145933,3775,553,990,144
1652,2026-06-08 18:56:54,18,design,520,447,24,2,2,368
1653,2026-07-26 12:42:45,12,design,1617,1391,107,6,7,200
1654,2026-06-14 08:09:10,8,business,3834,3026,57,28,20,131
1655,2026-04-13 18:57:19,18,design,1503,979,53,5,3,294
1656,2026-04-25 08:08:28,8,tech,2935,2060,71,18,27,393
1657,2026-06-12 16:42:25,16,design,670,539,32,1,3,306
1658,2026-07-14 14:29:39,14,design,1759,1271,64,7,5,354
1659,2026-04-03 15:01:00,15,tech,2935,1917,58,27,15,458
1660,2026-05-25 18:03:28,18,tech,5969,4245,112,22,56,596
1661,2026-06-23 00:59:54,0,design,3229,2326,124,15,9,270
1662,2026-03-16 11:43:38,11,business,15575,10586,145,91,64,118
1663,2026-07-09 12:34:28,12,business,10075,9276,117,85,56,106
1664,2026-03-30 14:23:16,14,tech,22293,20128,544,244,218,524
1665,2026-07-06 09:46:56,9,tech,1695,1190,44,8,22,346
1666,2026-08-16 17:07:09,17,tech,8311,7181,179,70,93,504
1667,2026-04-21 09:06:26,9,design,98493,92252,5876,702,252,308
1668,2026-06-22 12:27:59,12,tech,750,507,10,6,5,311
1669,2026-06-24 08:43:26,8,business,1496,1018,17,6,6,190
1670,2026-05-31 18:02:09,18,tech,1025,844,24,11,8,308
1671,2026-07-21 11:08:59,11,design,4217,3654,233,29,15,289
1672,2026-07-14 18:09:17,18,tech,3453,2797,58,29,53,312
1673,2026-05-31 13:35:41,13,tech,4982,3534,136,22,35,469
1674,2026-04-22 08:27:57,8,business,87287,72709,1698,516,620,108
1675,2026-04-18 09:05:54,9,design,4692,3052,251,7,12,325
1676,2026-05-24 06:16:11,6,business,620,441,7,4,2,152
1677,2026-05-17 14:09:09,14,tech,1853,1406,50,16,20,354
1678,2026-08-17 11:28:47,11,business,3521,2569,37,24,19,116
1679,2026-03-05 14:39:47,14,design,1771,1598,135,8,3,356
1680,2026-06-14 14:02:16,14,tech,12576,8534,176,114,78,590
1681,2026-05-15 02:32:22,2,tech,322,272,5,4,3,400
1682,2026-06-17 21:50:03,21,tech,896,602,22,6,9,397
1683,2026-04-10 17:01:09,17,business,664,451,10,2,2,150
1684,2026-06-01 23:24:00,23,tech,1943,1631,33,20,22,466
1685,2026-05-28 08:56:30,8,business,2766,2427,37,23,16,120
1686,2026-03-09 08:22:38,8,tech,10686,8724,304,128,161,624
1687,2026-08-08 12:56:16,12,design,1561,1285,85,8,6,360
1688,2026-07-26 16:32:57,16,design,8023,7139,533,49,15,291
1689,2026-06-27 13:19:20,13,business,6410,5740,141,44,25,171
1690,2026-08-18 20:48:27,20,design,241,227,19,0,1,346
1691,2026-07-06 11:57:53,11,design,35203,25251,1302,180,122,322
1692,2026-06-02 10:17:29,10,design,1455,1317,114,8,7,250
1693,2026-07-06 16:16:31,16,tech,5504,3733,121,19,57,337
1694,2026-05-11 15:30:48,15,tech,3071,2546,86,35,44,270
1695,2026-05-30 22:43:05,22,tech,3037,2258,81,29,33,449
1696,2026-05-29 11:10:33,11,business,13606,12624,211,45,93,132
1697,2026-06-19 18:16:07,18,business,786,548,5,3,2,205
1698,2026-05-07 10:49:02,10,tech,1892,1484,46,8,20,448
1699,2026-07-28 17:57:35,17,design,4025,3216,215,24,11,224
1700,2026-03-03 15:11:15,15,tech,2548,2256,60,19,22,346
1701,2026-02-28 12:52:55,12,tech,3830,2615,63,23,29,487
1702,2026-04-28 15:36:24,15,tech,880,579,20,5,10,225
1703,2026-07-16 15:29:17,15,tech,3203,2703,59,34,50,438
1704,2026-07-13 21:57:02,21,design,48301,45486,2475,331,248,273
1705,2026-03-02 16:44:39,16,design,10736,10175,509,74,34,260
1706,2026-06-19 16:04:18,16,tech,4026,3487,134,19,38,429
1707,2026-03-20 13:24:10,13,tech,5842,4025,83,56,70,405
1708,2026-08-02 13:42:31,13,business,138191,102595,1708,975,589,198
1709,2026-07-14 13:37:31,13,business,2211,1797,40,9,12,143
1710,2026-06-13 08:37:15,8,tech,14788,13954,530,155,216,511
1711,2026-08-17 09:50:46,9,business,593,505,9,4,3,130
1712,2026-06-23 22:25:45,22,design,2547,2295,193,9,13,311
1713,2026-04-07 12:36:13,12,tech,486,435,10,5,4,166
1714,2026-03-23 08:58:17,8,tech,6604,6100,224,37,72,363
1715,2026-08-06 02:05:10,2,tech,4732,3718,84,26,46,448
1716,2026-06-25 19:37:54,19,tech,3533,2684,69,37,52,472
1717,2026-05-29 12:44:14,12,design,3367,2441,128,6,9,249
1718,2026-05-31 11:05:13,11,tech,2952,2550,58,26,44,518
1719,2026-03-05 09:12:53,9,business,2501,1731,42,9,13,100
1720,2026-03-14 12:47:40,12,tech,4091,3410,114,39,40,606
1721,2026-04-03 07:00:33,7,design,1374,1090,73,8,3,354
1722,2026-06-20 07:29:38,7,tech,15264,12437,277,119,237,363
1723,2026-05-22 20:05:48,20,design,8550,5816,397,21,30,264
1724,2026-08-02 10:05:57,10,tech,6935,4979,168,42,46,476
1725,2026-07-24 10:34:02,10,tech,11912,11134,352,94,192,388
1726,2026-05-18 10:38:19,10,design,27374,21652,1696,66,114,325
1727,2026-08-19 07:30:19,7,design,1770,1276,73,9,5,238
1728,2026-07-26 15:50:42,15,tech,446,376,10,4,3,284
1729,2026-07-12 06:03:13,6,tech,13309,12332,356,172,101,671
1730,2026-07-10 00:07:43,0,tech,266,242,8,3,4,312
1731,2026-05-19 06:23:27,6,tech,1623,1239,30,12,18,314
1732,2026-08-16 15:58:13,15,design,9876,8821,736,69,26,265
1733,2026-06-15 13:04:39,13,tech,481,425,11,3,3,419
1734,2026-07-18 10:36:26,10,business,1535,1216,30,8,8,165
1735,2026-05-23 06:15:08,6,tech,3351,2303,86,32,37,369
1736,2026-04-04 10:10:04,10,business,7979,6695,67,56,66,142
1737,2026-04-01 16:23:13,16,design,1503,1189,62,8,3,264
1738,2026-07-28 10:04:53,10,design,1836,1412,113,4,3,309
1739,2026-03-24 08:04:02,8,tech,4794,3936,91,59,39,505
1740,2026-05-19 18:52:17,18,tech,2400,2082,81,24,40,347
1741,2026-03-26 07:25:56,7,design,3239,2304,143,8,8,434
1742,2026-05-07 08:13:11,8,design,2946,2534,169,18,9,308
1743,2026-03-11 12:38:05,12,tech,2095,1492,44,12,19,153
1744,2026-04-20 09:27:21,9,design,7758,5175,366,31,27,284
1745,2026-04-22 11:05:05,11,design,3036,2265,159,13,9,302
1746,2026-07-17 12:16:56,12,design,1229,1022,68,2,3,316
1747,2026-05-14 13:12:28,13,business,14943,13796,392,74,63,160
1748,2026-08-14 17:23:54,17,tech,2257,1484,37,14,15,255
1749,2026-05-27 20:12:04,20,tech,1321,1147,23,6,13,406
1750,2026-02-20 18:02:46,18,tech,75634,56671,1554,615,790,592
1751,2026-03-10 10:23:56,10,tech,21029,16963,626,98,256,511
1752,2026-06-22 07:43:47,7,business,2523,2102,51,9,10,133
1753,2026-04-30 15:20:45,15,tech,1941,1670,41,9,15,283
1754,2026-03-05 07:01:13,7,tech,9881,7294,283,89,75,469
1755,2026-05-31 13:32:15,13,business,4211,2971,37,9,26,178
1756,2026-04-14 11:13:57,11,tech,4719,4408,131,60,60,538
1757,2026-07-29 13:31:36,13,design,621,407,25,2,1,333
1758,2026-04-10 10:03:53,10,tech,7561,6336,229,79,61,359
1759,2026-03-08 14:08:36,14,design,7009,5590,326,44,25,285
1760,2026-06-07 10:37:18,10,tech,2335,2143,73,19,22,275
1761,2026-08-19 09:41:52,9,tech,961,884,31,7,17,409
1762,2026-03-24 11:37:43,11,design,5633,4449,298,24,18,293
1763,2026-06-07 12:49:40,12,business,2977,2222,31,10,15,176
1764,2026-04-29 10:11:10,10,tech,1402,1036,24,7,11,570
1765,2026-03-15 18:33:44,18,tech,6644,4373,99,59,52,262
1766,2026-03-21 10:10:20,10,tech,3144,2372,85,29,22,477
1767,2026-07-06 08:59:12,8,design,6939,6321,501,47,23,316
1768,2026-04-04 08:34:43,8,design,2876,2117,176,10,11,346
1769,2026-06-29 17:40:41,17,tech,13276,9428,241,111,81,364
1770,2026-07-04 05:23:42,5,tech,17656,12047,478,166,192,456
1771,2026-06-24 11:43:59,11,business,735,579,8,3,4,125
1772,2026-05-03 11:48:01,11,business,3258,2522,50,10,14,162
1773,2026-02-27 15:31:21,15,tech,5806,4666,181,34,46,446
1774,2026-07-02 06:09:16,6,design,1482,1322,83,2,3,333
1775,2026-08-03 16:06:43,16,design,4247,3776,251,11,18,268
1776,2026-05-07 10:13:06,10,design,2122,1676,123,8,8,384
1777,2026-03-15 09:37:47,9,tech,908,827,16,10,9,489
1778,2026-08-16 10:31:03,10,tech,3495,2502,93,15,20,420
1779,2026-07-07 17:07:46,17,business,9122,6782,203,54,45,123
1780,2026-03-10 12:50:28,12,design,2941,2573,199,17,14,341
1781,2026-03-20 09:05:58,9,tech,3491,2977,98,16,25,255
1782,2026-06-19 08:37:06,8,tech,5440,4379,169,54,56,493
1783,2026-03-25 15:31:58,15,tech,822,773,17,10,11,350
1784,2026-07-25 21:18:53,21,design,5090,4719,379,11,11,286
1785,2026-05-31 17:41:08,17,design,28123,24958,2070,83,70,313
1786,2026-08-14 09:39:31,9,tech,3429,2494,96,35,27,387
1787,2026-07-31 17:59:47,17,tech,1015,863,25,8,10,449
1788,2026-03-28 18:55:34,18,tech,4404,3410,72,24,48,460
1789,2026-05-24 17:47:18,17,tech,2699,2219,83,14,24,504
1790,2026-04-13 11:04:51,11,tech,5883,4885,98,58,94,341
1791,2026-04-12 10:07:13,10,tech,2498,1894,42,13,29,181
1792,2026-06-20 08:10:33,8,tech,5031,4451,177,28,86,485
1793,2026-07-23 07:03:59,7,design,2426,1687,135,6,7,333
1794,2026-07-12 16:03:33,16,design,3583,2490,178,14,9,221
1795,2026-07-19 18:45:18,18,tech,6620,5503,214,76,108,453
1796,2026-02-26 09:50:53,9,business,1156,768,10,6,6,170
1797,2026-05-30 11:53:36,11,business,13027,9732,221,86,93,143
1798,2026-03-05 17:07:12,17,tech,3207,2648,103,30,43,454
1799,2026-04-12 08:56:42,8,design,22165,20275,1598,103,107,256
1800,2026-03-07 08:37:53,8,design,10360,8750,527,41,34,370
1801,2026-03-18 13:45:12,13,tech,662,459,17,2,4,430
1802,2026-05-13 14:27:04,14,design,3152,2472,181,9,10,385
1803,2026-05-17 18:18:45,18,tech,2500,1908,47,15,34,227
1804,2026-04-20 17:03:20,17,tech,1829,1675,66,23,29,381
1805,2026-07-15 08:43:45,8,tech,812,648,15,4,9,411
1806,2026-05-03 08:54:37,8,tech,20428,18166,582,262,259,617
1807,2026-04-06 09:02:33,9,design,5665,5025,437,16,21,311
1808,2026-03-29 14:40:00,14,tech,1702,1480,33,18,24,411
1809,2026-05-19 09:11:39,9,tech,2267,1561,33,12,27,417
1810,2026-07-03 15:27:44,15,business,1862,1608,30,14,12,142
1811,2026-04-07 18:46:49,18,business,12899,9322,179,75,88,127
1812,2026-04-26 09:52:13,9,tech,2459,2286,74,30,22,321
1813,2026-07-13 09:52:18,9,tech,8791,7907,267,58,97,350
1814,2026-03-29 10:14:51,10,tech,807,660,18,7,9,570
1815,2026-03-30 15:56:08,15,tech,16094,14810,469,135,144,359
1816,2026-07-17 13:35:45,13,tech,1030,896,30,12,8,390
1817,2026-05-05 17:12:00,17,design,9284,6128,388,37,23,322
1818,2026-07-02 10:58:45,10,business,518,491,7,1,3,161
1819,2026-07-01 10:18:11,10,tech,12338,10048,339,127,197,465
1820,2026-05-22 07:16:30,7,design,884,713,37,4,1,379
1821,2026-03-11 17:07:58,17,tech,8222,6406,145,61,76,437
1822,2026-08-12 09:26:48,9,tech,56817,37167,1359,291,332,141
1823,2026-04-06 08:00:37,8,tech,42946,32012,959,394,538,429
1824,2026-03-22 01:24:40,1,design,3582,2610,204,20,6,381
1825,2026-04-17 04:29:21,4,tech,557,450,13,3,5,520
1826,2026-02-22 14:26:09,14,tech,1835,1400,53,12,18,456
1827,2026-05-15 06:23:29,6,tech,644,510,12,3,9,424
1828,2026-03-12 12:35:15,12,business,5614,5329,74,41,41,119
1829,2026-08-15 10:22:55,10,tech,10237,9612,203,48,169,347
1830,2026-03-27 12:26:25,12,design,682,480,33,3,1,314
1831,2026-04-26 13:27:08,13,tech,3726,2905,78,37,33,419
1832,2026-07-04 07:58:41,7,tech,2227,1954,75,26,30,335
1833,2026-02-23 08:19:29,8,design,1679,1195,70,2,5,250
1834,2026-06-12 21:01:14,21,tech,6024,5047,117,34,79,328
1835,2026-04-10 07:04:17,7,business,1531,1166,28,5,7,167
1836,2026-06-18 13:16:21,13,design,26037,22318,1376,129,55,297
1837,2026-07-05 00:48:42,0,tech,6572,4617,150,41,64,649
1838,2026-06-20 13:49:48,13,tech,1432,1253,27,8,12,256
1839,2026-03-07 11:56:04,11,design,9172,7728,588,56,31,265
1840,2026-08-07 09:52:52,9,business,843,656,8,5,4,154
1841,2026-07-13 11:06:11,11,business,2406,1832,23,17,11,187
1842,2026-03-30 09:49:02,9,tech,4038,3006,112,19,32,463
1843,2026-02-25 17:20:32,17,tech,1427,1317,33,16,11,371
1844,2026-05-16 07:29:23,7,design,12880,11252,605,62,35,283
1845,2026-03-22 06:01:29,6,tech,714,508,18,2,8,418
1846,2026-03-10 11:31:35,11,tech,6798,5410,167,46,101,470
1847,2026-03-04 18:19:21,18,tech,9255,7583,231,96,75,304
1848,2026-05-15 10:37:25,10,design,4972,3251,273,13,7,333
1849,2026-05-17 16:27:19,16,tech,1333,1046,29,7,13,200
1850,2026-06-27 15:50:50,15,business,3688,3073,82,27,21,144
1851,2026-05-25 21:55:40,21,tech,2148,1490,47,11,26,339
1852,2026-07-28 18:09:11,18,design,2738,2275,156,6,11,237
1853,2026-02-23 08:49:59,8,tech,4375,3032,79,37,59,489
1854,2026-03-12 19:49:23,19,design,1151,944,69,6,3,363
1855,2026-04-17 16:54:58,16,design,16253,13311,1128,76,47,325
1856,2026-05-14 16:22:33,16,design,16657,14815,878,80,87,248
1857,2026-04-09 19:04:05,19,design,1304,968,64,3,2,224
1858,2026-04-23 14:22:44,14,design,2309,1809,111,11,7,333
1859,2026-08-07 08:35:30,8,tech,12588,10335,360,148,201,487
1860,2026-03-04 09:54:07,9,business,8708,5665,156,20,39,175
1861,2026-03-27 12:07:18,12,tech,1567,1422,56,7,19,446
1862,2026-07-30 12:36:16,12,tech,835,544,13,6,5,394
1863,2026-07-25 11:04:18,11,design,662,477,41,0,2,319
1864,2026-07-16 16:24:36,16,tech,2974,2571,58,17,48,308
1865,2026-03-09 17:45:34,17,design,5896,3862,203,14,20,383
1866,2026-06-02 17:06:43,17,business,2712,2177,33,13,19,190
1867,2026-07-26 10:37:11,10,business,3668,2825,70,20,16,166
1868,2026-02-27 15:33:34,15,tech,9293,7195,235,79,88,368
1869,2026-03-18 16:51:04,16,tech,11385,10760,291,140,125,377
1870,2026-06-22 15:47:45,15,design,8483,6653,362,40,15,359
1871,2026-04-18 17:15:16,17,design,8737,6932,435,26,26,321
1872,2026-03-17 08:53:59,8,design,33919,31258,1600,167,73,213
1873,2026-06-26 08:40:48,8,tech,21336,18013,459,140,292,276
1874,2026-04-26 12:28:30,12,design,1450,1182,73,6,4,256
1875,2026-03-23 10:08:04,10,tech,8652,8200,196,107,66,413
1876,2026-06-01 14:19:59,14,design,2519,2070,138,11,11,349
1877,2026-04-28 16:57:28,16,design,5849,5410,403,17,22,243
1878,2026-06-21 09:20:45,9,tech,2573,2344,70,26,34,288
1879,2026-05-06 12:23:41,12,design,13105,11988,675,86,35,317
1880,2026-05-25 16:01:18,16,business,364,294,3,1,2,159
1881,2026-06-26 17:16:29,17,business,4379,3375,97,29,15,145
1882,2026-05-12 10:10:08,10,tech,695,566,19,5,6,335
1883,2026-07-21 06:40:38,6,tech,260,240,9,2,2,293
1884,2026-03-22 19:17:28,19,tech,1914,1668,50,16,22,420
1885,2026-05-19 12:06:23,12,business,949,764,21,2,6,164
1886,2026-08-18 08:24:30,8,design,8342,7872,463,18,41,318
1887,2026-04-19 10:20:06,10,tech,1434,1092,24,7,20,417
1888,2026-04-01 09:03:21,9,business,3830,2800,57,15,23,130
1889,2026-07-19 07:35:19,7,design,634,496,28,3,1,254
1890,2026-08-02 17:30:12,17,design,1235,897,57,4,3,347
1891,2026-05-25 08:59:52,8,tech,4548,3120,100,20,47,431
1892,2026-04-18 11:09:58,11,business,1074,825,17,7,6,117
1893,2026-03-21 15:23:22,15,design,1059,923,67,2,3,268
1894,2026-07-20 08:58:39,8,business,4006,3123,60,11,19,152
1895,2026-08-17 09:59:52,9,design,1517,1049,56,8,3,344
1896,2026-03-19 09:00:22,9,design,1073,760,44,4,2,220
1897,2026-05-02 16:14:11,16,business,18705,16475,222,111,79,156
1898,2026-06-30 09:21:21,9,tech,32082,25267,988,244,266,396
1899,2026-07-08 19:36:21,19,business,24891,18968,420,176,121,148
1900,2026-05-08 06:25:09,6,tech,1600,1392,49,7,15,637
1901,2026-05-31 09:07:08,9,business,713,575,14,4,4,172
1902,2026-05-10 22:18:48,22,tech,17449,11814,354,160,147,322
1903,2026-07-17 20:13:16,20,business,1104,740,15,3,5,158
1904,2026-05-23 17:27:19,17,design,4305,3899,265,27,19,253
1905,2026-04-29 10:06:48,10,tech,1331,1069,28,15,20,426
1906,2026-08-09 08:33:55,8,tech,9528,7710,304,83,78,160
1907,2026-03-01 18:02:49,18,design,2486,2023,114,10,5,298
1908,2026-07-07 09:18:41,9,tech,4407,3979,124,49,70,488
1909,2026-07-30 18:03:08,18,design,6302,4715,416,31,10,339
1910,2026-03-21 15:20:14,15,business,2813,2111,54,19,17,155
1911,2026-03-05 09:23:59,9,tech,9126,6896,267,44,82,488
1912,2026-06-16 18:51:39,18,tech,4204,3430,76,34,49,291
1913,2026-03-03 17:47:41,17,tech,4032,3739,80,30,70,303
1914,2026-07-04 14:16:12,14,design,8242,7753,679,33,46,321
1915,2026-05-12 15:45:34,15,tech,9709,9070,322,83,75,241
1916,2026-04-17 16:43:22,16,tech,7057,5430,110,57,53,265
1917,2026-07-27 07:12:09,7,design,11839,7882,471,33,20,320
1918,2026-06-21 14:01:31,14,business,817,647,11,5,5,80
1919,2026-07-24 09:41:54,9,tech,10060,6574,132,40,102,381
1920,2026-05-01 14:04:16,14,tech,15603,10659,371,66,207,434
1921,2026-04-12 08:31:08,8,tech,2502,2156,67,19,33,447
1922,2026-06-26 13:05:35,13,tech,819,588,23,7,9,530
1923,2026-05-04 13:42:58,13,tech,5751,5221,154,49,53,426
1924,2026-07-05 16:28:58,16,tech,7758,6770,249,79,78,312
1925,2026-04-16 17:47:52,17,tech,8624,6644,153,57,117,338
1926,2026-04-25 09:57:33,9,tech,26028,24658,870,320,459,360
1927,2026-03-13 16:51:34,16,design,617,443,39,1,1,253
1928,2026-03-26 23:39:38,23,design,982,860,43,1,2,284
1929,2026-05-09 08:03:12,8,business,49859,43049,537,169,224,108
1930,2026-05-19 18:31:54,18,business,5547,4157,121,33,27,177
1931,2026-03-17 14:05:27,14,design,2500,2024,151,14,9,422
1932,2026-03-12 12:43:48,12,design,4784,4216,348,31,15,258
1933,2026-03-28 09:49:13,9,tech,37260,32683,920,259,320,515
1934,2026-05-23 10:46:04,10,design,1557,1381,72,5,6,236
1935,2026-07-04 12:52:53,12,tech,2562,1716,43,24,30,267
1936,2026-06-12 14:59:00,14,tech,2060,1400,28,16,21,450
1937,2026-04-12 10:00:03,10,tech,1306,987,36,11,18,436
1938,2026-05-17 08:53:26,8,business,18938,14994,353,135,114,82
1939,2026-04-01 09:14:58,9,tech,10561,7280,246,58,100,495
1940,2026-05-21 09:15:04,9,tech,2446,2134,56,29,20,557
1941,2026-02-24 09:42:57,9,design,745,695,51,3,2,255
1942,2026-08-12 22:09:23,22,business,2606,2318,42,9,14,188
1943,2026-04-05 09:10:43,9,tech,1989,1737,37,19,21,477
1944,2026-05-13 15:43:54,15,tech,913,728,22,4,11,277
1945,2026-06-18 07:40:17,7,tech,12636,10707,334,84,145,279
1946,2026-03-30 09:40:17,9,tech,2766,2354,56,15,24,315
1947,2026-04-16 16:37:10,16,design,15131,11427,891,83,31,384
1948,2026-06-22 13:19:42,13,design,4210,3386,242,21,17,301
1949,2026-07-26 11:34:09,11,design,19893,13958,1164,42,51,316
1950,2026-07-22 14:54:10,14,tech,3812,3383,86,49,62,256
1951,2026-03-21 08:13:45,8,tech,763,629,20,4,5,272
1952,2026-07-26 03:10:10,3,tech,239,210,6,1,4,548
1953,2026-08-12 19:34:35,19,design,261,202,14,0,0,309
1954,2026-03-26 17:04:42,17,business,7661,7005,161,38,59,158
1955,2026-04-15 09:18:58,9,design,5945,5308,461,29,10,253
1956,2026-05-06 10:24:33,10,tech,3494,3251,95,23,57,345
1957,2026-08-10 10:47:39,10,design,1418,1159,85,4,2,244
1958,2026-07-03 12:36:22,12,tech,6995,6618,217,53,84,555
1959,2026-07-23 08:46:41,8,tech,8475,7197,232,105,93,385
1960,2026-07-02 18:22:48,18,business,886,725,21,2,3,150
1961,2026-03-09 17:05:14,17,tech,1899,1412,30,14,25,372
1962,2026-04-18 09:54:55,9,business,6093,4314,78,16,30,152
1963,2026-05-25 16:02:58,16,business,447,298,5,2,2,123
1964,2026-07-19 13:07:09,13,tech,1693,1130,25,13,20,446
1965,2026-06-25 19:34:07,19,tech,1379,1066,38,10,14,502
1966,2026-04-18 17:59:54,17,design,7797,7083,506,53,37,247
1967,2026-06-04 11:44:54,11,tech,1295,917,22,11,9,316
1968,2026-06-26 17:28:34,17,design,374,353,26,1,1,268
1969,2026-03-20 18:04:19,18,tech,2852,2223,67,16,19,261
1970,2026-03-31 15:32:50,15,design,5283,4101,254,24,15,317
1971,2026-04-14 14:48:40,14,business,2489,1857,35,11,7,149
1972,2026-05-02 11:10:06,11,design,269,242,16,0,0,268
1973,2026-07-26 08:22:30,8,design,9182,8036,676,40,26,319
1974,2026-08-09 17:46:47,17,design,5391,3589,238,14,21,293
1975,2026-04-04 13:23:45,13,tech,1522,1276,37,8,24,493
1976,2026-06-02 11:46:55,11,design,30305,24098,1220,135,90,349
1977,2026-06-03 10:57:42,10,design,17210,15667,1327,116,60,327
1978,2026-07-11 13:08:57,13,design,1986,1775,106,12,6,280
1979,2026-05-10 07:54:33,7,design,1078,981,60,2,4,234
1980,2026-07-08 19:48:37,19,tech,567,522,19,7,6,621
1981,2026-06-18 13:12:35,13,business,7730,7095,106,23,56,145
1982,2026-05-23 08:29:28,8,design,1267,1129,85,8,5,189
1983,2026-04-23 10:34:47,10,tech,13757,9997,351,107,91,357
1984,2026-05-09 18:03:01,18,tech,7132,6380,134,63,59,430
1985,2026-05-15 12:40:58,12,tech,5321,3584,131,48,57,511
1986,2026-07-15 13:27:06,13,design,7647,6249,549,13,29,355
1987,2026-05-29 13:53:24,13,design,1583,1072,88,4,5,389
1988,2026-06-05 09:10:36,9,business,10828,8298,237,31,35,145
1989,2026-08-02 12:47:00,12,business,14074,11907,273,84,58,113
1990,2026-03-30 08:08:48,8,tech,20266,18921,566,125,187,496
1991,2026-03-10 18:15:15,18,design,2744,2395,211,15,11,338
1992,2026-08-08 14:04:28,14,tech,524,395,12,3,3,435
1993,2026-02-27 17:39:15,17,tech,15185,12165,380,179,172,341
1994,2026-05-27 09:11:22,9,tech,6209,4081,114,36,45,403
1995,2026-07-07 14:08:47,14,tech,12695,11143,251,102,110,396
1996,2026-05-30 10:57:47,10,business,3279,2533,67,9,13,80
1997,2026-07-18 02:58:21,2,tech,158,140,4,1,1,306
1998,2026-03-22 18:49:53,18,tech,1471,1263,50,17,24,416
1999,2026-03-18 11:27:22,11,tech,2132,1575,59,23,17,340
2000,2026-03-27 10:50:18,10,design,14512,11262,632,67,54,355
2001,2026-07-27 16:53:33,16,tech,4917,3449,91,34,37,530
2002,2026-04-04 08:23:38,8,tech,3798,2966,105,40,49,428
2003,2026-08-13 09:08:11,9,design,6779,6314,368,47,16,359
2004,2026-02-22 18:38:16,18,tech,1352,988,37,10,16,402
2005,2026-02-23 15:31:53,15,tech,2580,2068,41,25,26,375
2006,2026-05-12 10:31:16,10,tech,4938,3575,102,32,33,532
2007,2026-02-26 17:59:47,17,business,2106,1422,29,11,8,150
2008,2026-06-11 08:29:58,8,tech,2897,2428,50,13,43,459
2009,2026-04-11 02:19:29,2,tech,893,824,31,12,7,415
2010,2026-02-24 12:52:36,12,tech,1109,895,24,12,10,301
2011,2026-07-20 09:51:44,9,design,3843,3245,290,7,12,250
2012,2026-03-19 18:20:32,18,tech,8062,5530,143,46,53,472
2013,2026-07-25 16:07:03,16,tech,15150,12207,322,120,232,399
2014,2026-08-01 15:21:23,15,tech,3129,2443,72,13,27,424
2015,2026-08-13 09:21:40,9,tech,26571,23592,498,287,256,279
2016,2026-04-29 09:04:05,9,tech,8263,6056,230,84,87,446
2017,2026-05-03 19:59:35,19,design,622,465,25,1,2,337
2018,2026-05-02 15:50:30,15,tech,578,475,18,2,6,286
2019,2026-04-16 17:04:27,17,tech,1832,1378,45,18,17,407
2020,2026-04-29 14:05:45,14,tech,346,291,9,4,5,449
2021,2026-02-23 12:49:35,12,design,1366,1122,87,2,5,325
2022,2026-06-17 12:36:13,12,tech,2039,1870,55,17,30,410
2023,2026-04-29 03:40:02,3,design,5917,5363,404,18,18,322
2024,2026-07-24 10:57:57,10,tech,10122,8980,214,85,81,639
2025,2026-07-20 21:18:11,21,tech,767,573,16,4,4,601
2026,2026-06-01 08:54:06,8,tech,15544,14378,370,140,167,450
2027,2026-06-06 12:14:17,12,design,3061,2809,240,21,7,309
2028,2026-07-15 07:43:10,7,business,3841,2583,41,19,22,139
2029,2026-08-07 23:39:36,23,tech,4961,3419,92,42,62,476
2030,2026-05-26 18:03:55,18,tech,25631,23660,511,324,447,610
2031,2026-07-17 14:17:52,14,tech,3425,3141,101,36,27,347
2032,2026-07-09 17:17:30,17,tech,2193,1557,47,21,16,441
2033,2026-07-12 04:03:11,4,tech,339,257,6,1,3,237
2034,2026-04-06 14:28:09,14,design,3918,3576,228,22,20,305
2035,2026-06-11 07:28:03,7,design,39866,25917,1780,59,59,284
2036,2026-06-24 18:02:44,18,business,7737,6499,121,32,42,170
2037,2026-08-15 17:34:32,17,tech,6762,6018,206,86,116,455
2038,2026-03-24 20:51:17,20,design,1716,1219,61,8,5,282
2039,2026-04-22 16:27:20,16,tech,4650,3046,109,16,36,573
2040,2026-03-27 07:13:32,7,design,846,607,41,4,2,221
2041,2026-05-02 15:36:23,15,business,3239,2289,59,6,12,116
2042,2026-03-03 18:08:57,18,tech,988,794,18,9,15,331
2043,2026-03-10 09:01:06,9,design,490,458,34,1,1,294
2044,2026-03-27 18:04:26,18,design,186685,138285,10510,440,291,282
2045,2026-03-30 11:49:46,11,tech,1531,1328,32,8,16,319
2046,2026-05-19 14:55:58,14,tech,18322,14751,417,161,283,385
2047,2026-05-07 15:22:17,15,tech,5243,3549,112,49,68,234
2048,2026-03-04 15:15:34,15,business,4209,3047,47,14,23,158
2049,2026-03-15 10:03:47,10,tech,16415,14362,332,145,189,362
2050,2026-05-20 11:06:19,11,tech,3564,2382,73,27,20,259
2051,2026-04-23 11:02:47,11,tech,10164,8762,187,63,112,518
2052,2026-05-29 12:07:40,12,tech,4344,4010,110,44,51,404
2053,2026-05-22 18:40:03,18,business,3391,2453,26,16,23,128
2054,2026-06-12 10:28:23,10,business,3225,2597,72,17,24,218
2055,2026-06-19 10:17:01,10,tech,6538,5803,209,64,89,281
2056,2026-06-05 08:16:33,8,design,1083,929,47,4,3,384
2057,2026-04-22 20:32:43,20,tech,3116,2753,91,25,39,426
2058,2026-05-24 18:52:20,18,tech,833,742,20,7,11,379
2059,2026-07-25 16:19:10,16,tech,6351,5578,147,44,101,358
2060,2026-04-01 07:34:22,7,tech,259,214,4,2,3,292
2061,2026-06-01 18:09:03,18,tech,7194,5662,145,72,48,343
2062,2026-04-30 12:59:17,12,tech,13051,8586,253,110,166,384
2063,2026-05-05 06:47:22,6,design,72058,49166,3983,245,281,215
2064,2026-03-19 16:30:17,16,business,513,385,4,1,1,145
2065,2026-03-29 09:14:42,9,tech,884,685,26,7,7,162
2066,2026-03-20 17:47:50,17,business,3261,2177,64,14,19,150
2067,2026-07-04 11:15:48,11,tech,698,477,10,5,6,525
2068,2026-04-13 18:51:04,18,design,1383,1038,63,3,5,293
2069,2026-03-05 17:28:25,17,tech,1475,1373,36,14,17,467
2070,2026-03-22 10:15:19,10,tech,8170,7744,210,92,121,211
2071,2026-06-08 09:15:56,9,tech,12191,10364,257,55,120,531
2072,2026-05-27 05:24:23,5,business,348,286,7,2,2,137
2073,2026-05-30 18:41:20,18,tech,1543,1086,38,5,17,483
2074,2026-08-08 13:49:42,13,tech,650,431,10,5,3,449
2075,2026-04-08 11:00:47,11,design,10883,7308,585,21,36,249
2076,2026-07-12 20:57:19,20,tech,268,252,7,3,4,624
2077,2026-04-25 10:55:43,10,business,10357,7434,160,27,60,130
2078,2026-02-24 23:35:29,23,tech,4058,3589,93,46,69,392
2079,2026-04-01 09:01:02,9,design,7124,5789,506,18,21,395
2080,2026-08-16 01:49:18,1,tech,897,613,13,3,5,478
2081,2026-08-08 13:00:34,13,tech,3522,2643,56,14,44,330
2082,2026-07-31 08:34:13,8,design,1036,755,42,5,4,215
2083,2026-07-06 10:38:02,10,tech,4311,2959,107,15,36,213
2084,2026-03-10 15:08:24,15,business,1672,1550,18,13,6,152
2085,2026-08-06 17:56:50,17,business,1177,1072,11,8,8,147
2086,2026-04-04 11:53:03,11,tech,6985,4604,139,29,38,333
2087,2026-04-15 14:24:23,14,tech,512,465,11,5,8,300
2088,2026-06-02 09:10:29,9,tech,6243,4432,118,46,80,439
2089,2026-07-02 11:14:15,11,tech,14174,13425,532,193,234,394
2090,2026-06-27 09:38:50,9,tech,6097,4475,153,33,72,491
2091,2026-04-12 07:01:05,7,design,1940,1549,82,7,8,340
2092,2026-04-30 16:32:50,16,design,18415,12763,925,38,44,297
2093,2026-03-23 15:26:32,15,business,4426,3654,57,32,26,151
2094,2026-04-05 17:56:57,17,tech,12203,8552,239,82,142,447
2095,2026-06-17 10:07:10,10,tech,14134,12358,355,147,115,339
2096,2026-04-24 13:59:44,13,design,2338,1782,104,13,5,337
2097,2026-07-15 09:14:26,9,business,1872,1754,32,16,14,141
2098,2026-03-09 09:30:58,9,design,6133,4360,303,12,24,287
2099,2026-04-29 07:13:24,7,tech,7644,5213,183,64,83,289
2100,2026-06-06 21:28:26,21,design,6876,6478,498,25,28,388
2101,2026-04-20 11:34:22,11,tech,8939,6661,256,58,74,354
2102,2026-03-25 10:53:39,10,business,7824,6126,170,22,25,189
2103,2026-06-14 20:03:28,20,tech,8600,7924,292,94,106,248
2104,2026-03-24 08:13:16,8,design,2470,2144,122,16,4,327
2105,2026-06-11 10:56:13,10,tech,4681,4386,125,54,72,211
2106,2026-04-02 08:11:30,8,tech,2924,2756,71,34,40,428
2107,2026-03-14 17:17:02,17,tech,1783,1188,39,14,22,287
2108,2026-03-23 14:42:57,14,tech,259,202,7,1,2,538
2109,2026-07-20 11:57:16,11,business,18387,15458,423,110,109,144
2110,2026-04-09 09:04:04,9,design,5626,5104,303,11,14,288
2111,2026-08-19 14:23:13,14,tech,295,238,6,1,2,576
2112,2026-06-02 17:19:47,17,design,852,623,35,1,2,272
2113,2026-04-20 18:59:27,18,tech,8342,5929,120,52,97,366
2114,2026-03-17 11:05:10,11,design,1522,1351,72,5,5,179
2115,2026-06-08 07:32:38,7,tech,3520,2600,53,17,30,448
2116,2026-05-14 13:02:32,13,design,4656,3303,203,20,14,316
2117,2026-04-14 11:07:01,11,tech,2195,1837,66,21,19,315
2118,2026-07-08 14:27:22,14,tech,2994,2078,42,19,19,437
2119,2026-06-12 17:41:02,17,tech,9979,8804,183,127,114,422
2120,2026-04-20 08:22:57,8,tech,2641,1834,37,22,27,434
2121,2026-07-07 19:24:49,19,business,197,158,2,1,0,201
2122,2026-06-16 07:21:08,7,tech,550,375,11,5,4,417
2123,2026-06-10 06:22:20,6,business,9630,8656,251,29,74,119
2124,2026-04-21 12:38:17,12,design,7240,5901,330,15,11,375
2125,2026-06-26 10:23:51,10,design,8246,5875,362,32,32,294
2126,2026-07-26 10:20:44,10,tech,12028,11377,293,147,174,472
2127,2026-03-14 20:43:17,20,tech,9019,7143,148,95,68,398
2128,2026-05-11 08:27:59,8,tech,5408,4890,116,29,48,483
2129,2026-07-04 10:10:38,10,tech,643,473,17,4,6,361
2130,2026-05-03 09:06:31,9,design,4121,3117,211,6,12,302
2131,2026-07-21 05:40:40,5,design,203,190,15,0,0,361
2132,2026-04-30 13:24:13,13,design,358,337,27,1,1,284
2133,2026-03-20 23:14:28,23,tech,4007,3281,98,36,34,331
2134,2026-07-17 14:22:30,14,design,378767,246800,12770,1526,1454,399
2135,2026-02-26 10:56:14,10,design,2679,2531,185,19,14,344
2136,2026-05-06 11:16:21,11,business,8146,6200,62,33,31,188
2137,2026-06-26 00:35:40,0,business,15359,12817,202,123,62,174
2138,2026-03-10 17:06:47,17,tech,827,643,16,7,6,464
2139,2026-08-04 16:39:39,16,tech,300,242,7,1,3,233
2140,2026-08-13 18:32:25,18,design,1750,1159,96,6,5,370
2141,2026-05-18 07:40:55,7,design,2540,2030,119,8,7,259
2142,2026-04-18 18:53:26,18,tech,3282,2747,86,29,45,336
2143,2026-07-16 19:00:11,19,design,564,406,26,2,1,269
2144,2026-05-07 09:23:06,9,tech,1516,995,26,5,8,450
2145,2026-03-21 17:48:40,17,business,18342,13765,362,129,63,180
2146,2026-06-07 09:09:22,9,tech,5045,4707,136,66,52,534
2147,2026-04-17 09:57:31,9,business,3214,2411,57,19,20,191
2148,2026-05-30 11:07:42,11,design,5036,3714,288,15,20,276
2149,2026-06-08 11:31:20,11,design,1608,1404,120,4,6,304
2150,2026-04-05 19:57:40,19,business,3367,2470,46,8,23,135
2151,2026-04-11 11:19:47,11,business,2105,1397,29,4,12,170
2152,2026-03-29 09:38:57,9,design,38072,25804,1535,78,99,288
2153,2026-07-13 15:16:08,15,design,12456,11448,658,23,23,218
2154,2026-07-07 15:53:18,15,tech,14348,9577,335,48,150,545
2155,2026-03-19 16:36:50,16,business,937,853,9,3,7,157
2156,2026-03-13 14:05:46,14,tech,2588,2060,69,19,29,395
2157,2026-05-12 08:12:52,8,business,12338,9866,242,85,51,169
2158,2026-06-14 19:08:07,19,design,589,423,31,2,1,397
2159,2026-07-18 16:06:49,16,business,2622,1750,23,10,7,106
2160,2026-05-21 09:55:03,9,design,5597,4749,382,11,14,353
2161,2026-05-30 10:12:16,10,design,3881,2749,181,17,9,246
2162,2026-03-03 11:56:14,11,business,15677,10984,150,107,75,178
2163,2026-07-21 12:06:49,12,tech,2052,1339,37,18,21,423
2164,2026-03-12 12:01:24,12,tech,1670,1137,24,9,22,296
2165,2026-05-25 11:22:05,11,design,1165,1044,77,8,6,389
2166,2026-03-10 12:12:31,12,tech,4931,3955,155,40,61,413
2167,2026-05-04 15:02:16,15,tech,13294,10357,282,92,132,293
2168,2026-03-26 18:11:32,18,business,11757,8000,229,70,74,118
2169,2026-07-12 14:28:10,14,design,698,608,33,1,2,282
2170,2026-03-29 20:18:17,20,tech,19441,16147,540,91,294,563
2171,2026-03-19 17:14:38,17,tech,832,721,24,3,6,210
2172,2026-04-15 12:11:16,12,tech,18395,12773,387,127,221,536
2173,2026-03-26 16:55:53,16,design,365,264,16,0,1,293
2174,2026-06-07 08:47:38,8,tech,3689,2837,88,41,49,231
2175,2026-03-23 08:13:57,8,tech,5931,4496,151,52,76,378
2176,2026-05-10 15:11:41,15,business,8999,7008,108,51,69,146
2177,2026-05-08 08:38:55,8,design,6561,5660,496,17,29,244
2178,2026-06-01 08:45:50,8,design,1065,764,43,2,1,258
2179,2026-04-09 10:47:09,10,business,2548,2416,43,15,18,168
2180,2026-03-22 09:50:20,9,design,12768,10109,779,25,48,355
2181,2026-07-23 17:57:43,17,design,1524,1024,81,5,6,317
2182,2026-04-20 10:46:36,10,tech,879,681,27,7,7,250
2183,2026-04-06 20:51:40,20,design,1731,1330,92,4,4,286
2184,2026-08-06 10:30:31,10,tech,6817,5358,152,36,84,366
2185,2026-03-08 12:49:28,12,tech,1049,951,19,8,8,527
2186,2026-04-19 00:38:19,0,design,3246,2908,179,12,12,314
2187,2026-06-06 15:21:08,15,design,2655,1757,133,12,4,355
2188,2026-03-25 21:22:24,21,design,796,721,39,3,3,381
2189,2026-02-22 19:46:01,19,tech,918,865,17,12,12,327
2190,2026-04-13 19:47:30,19,tech,443,415,10,3,6,313
2191,2026-03-10 15:47:33,15,tech,547,449,12,2,7,249
2192,2026-08-10 16:50:46,16,tech,3410,3062,66,26,49,535
2193,2026-04-12 20:38:42,20,tech,4484,3544,94,47,69,524
2194,2026-08-03 15:52:31,15,design,728,679,51,2,3,304
2195,2026-06-05 17:21:23,17,business,9469,7506,220,23,31,122
2196,2026-04-08 18:19:15,18,design,2507,1860,119,7,7,298
2197,2026-03-18 09:36:05,9,design,3170,2334,143,13,6,346
2198,2026-03-16 09:12:03,9,tech,16652,15693,610,108,166,302
2199,2026-03-15 11:47:40,11,tech,1634,1349,38,16,21,324
2200,2026-03-07 09:46:58,9,tech,1124,732,22,5,8,417
2201,2026-08-11 10:28:21,10,business,1346,971,21,5,6,167
2202,2026-02-24 08:02:38,8,business,1838,1736,45,16,10,175
2203,2026-07-22 08:36:14,8,tech,11233,10462,390,57,87,278
2204,2026-06-10 16:14:24,16,tech,12152,10420,265,121,139,396
2205,2026-08-12 18:30:25,18,design,1446,966,65,7,4,306
2206,2026-03-27 09:13:35,9,design,44714,31186,1961,208,78,270
2207,2026-02-22 16:25:03,16,design,3872,3564,258,13,7,242
2208,2026-04-23 16:11:36,16,tech,3562,2582,74,13,20,369
2209,2026-05-17 16:48:40,16,tech,1646,1398,45,8,25,644
2210,2026-03-07 18:50:27,18,tech,3391,3118,62,40,36,502
2211,2026-03-09 18:08:34,18,tech,8145,7704,265,93,80,414
2212,2026-08-18 09:07:57,9,tech,16553,12131,350,75,240,443
2213,2026-06-14 13:33:10,13,tech,1079,866,18,12,12,213
2214,2026-07-08 11:52:54,11,design,4586,3036,230,15,14,326
2215,2026-05-26 09:25:42,9,tech,22181,20400,738,264,227,335
2216,2026-07-14 00:14:26,0,tech,5394,3705,105,53,47,543
2217,2026-08-01 03:33:00,3,business,370,331,9,2,1,124
2218,2026-08-09 10:09:13,10,tech,28740,20483,488,139,386,572
2219,2026-06-07 04:56:50,4,tech,7966,6606,145,52,71,406
2220,2026-04-02 17:04:13,17,tech,3595,3151,106,24,58,510
2221,2026-05-26 10:20:05,10,business,9497,6403,183,31,38,194
2222,2026-05-08 11:36:57,11,design,5249,4219,335,31,16,327
2223,2026-04-07 15:34:03,15,tech,5146,4501,120,49,70,269
2224,2026-04-13 12:05:24,12,design,4966,3406,208,24,13,259
2225,2026-05-30 11:35:59,11,design,3076,2721,170,18,13,354
2226,2026-03-24 11:43:33,11,design,6727,6046,540,31,21,379
2227,2026-08-08 10:33:45,10,design,19351,16213,927,43,48,361
2228,2026-05-30 14:07:19,14,tech,1524,1281,41,13,19,411
2229,2026-08-02 10:41:04,10,design,1629,1437,106,3,3,281
2230,2026-07-05 09:33:26,9,business,8900,8382,162,55,56,132
2231,2026-06-14 14:06:51,14,tech,2101,1651,54,8,30,528
2232,2026-04-04 14:47:59,14,tech,4500,3312,97,43,60,417
2233,2026-04-25 17:08:22,17,tech,3784,2599,92,17,42,463
2234,2026-03-31 18:47:25,18,tech,16203,12667,378,66,150,468
2235,2026-03-16 10:02:01,10,design,2783,1862,148,11,6,443
2236,2026-06-05 17:03:08,17,business,2854,2325,62,16,20,168
2237,2026-04-28 09:30:04,9,business,1712,1545,17,11,8,100
2238,2026-06-01 16:41:51,16,tech,2796,2206,75,26,35,359
2239,2026-08-16 20:18:03,20,design,855,682,39,3,3,376
2240,2026-07-13 10:23:15,10,design,3886,3587,257,7,13,216
2241,2026-06-18 13:46:18,13,tech,2187,1780,49,17,23,167
2242,2026-02-22 19:55:33,19,business,10336,9169,107,52,90,108
2243,2026-02-24 08:54:17,8,design,485,351,22,2,1,282
2244,2026-06-22 09:25:45,9,tech,3807,2935,61,29,37,439
2245,2026-04-19 15:48:58,15,design,3805,2918,153,15,15,289
2246,2026-08-18 10:28:30,10,tech,2918,2199,76,20,37,452
2247,2026-03-26 13:08:32,13,business,1045,770,9,4,6,132
2248,2026-08-18 10:38:03,10,business,70224,50668,920,443,219,140
2249,2026-06-10 14:08:38,14,tech,4055,3712,141,22,40,272
2250,2026-06-28 04:26:25,4,design,302,197,15,1,0,261
2251,2026-06-02 14:49:58,14,design,12262,9384,769,26,18,280
2252,2026-06-20 09:28:46,9,business,593,542,11,3,5,146
2253,2026-04-29 01:24:01,1,business,1731,1171,21,8,8,159
2254,2026-05-10 08:26:45,8,design,7936,7436,557,50,33,363
2255,2026-04-01 09:58:14,9,design,3759,2961,256,13,14,351
2256,2026-05-24 14:04:50,14,business,449,395,9,2,3,168
2257,2026-08-03 10:04:35,10,business,1291,1123,32,4,8,161
2258,2026-07-17 18:52:04,18,design,24014,18247,1548,114,37,280
2259,2026-08-13 18:53:18,18,business,6086,5468,67,47,22,171
2260,2026-03-25 19:59:35,19,design,4907,4058,357,31,23,235
2261,2026-06-09 08:48:06,8,design,2548,1889,148,13,6,374
2262,2026-03-27 12:29:08,12,design,1324,970,70,4,2,336
2263,2026-04-19 07:24:09,7,tech,4672,4228,143,56,59,471
2264,2026-06-30 11:55:25,11,tech,1042,683,22,4,10,358
2265,2026-05-18 10:28:04,10,design,4409,3584,240,21,10,269
2266,2026-06-06 17:59:59,17,design,2548,2397,143,18,7,281
2267,2026-04-24 13:27:41,13,tech,3993,2803,99,28,23,206
2268,2026-07-02 09:41:38,9,design,1906,1723,131,7,4,264
2269,2026-06-30 14:10:46,14,design,2017,1448,125,10,6,330
2270,2026-04-15 12:29:29,12,design,8625,7079,378,42,42,292
2271,2026-04-02 09:41:32,9,tech,36655,25450,665,372,423,489
2272,2026-03-31 12:42:36,12,business,1765,1503,28,14,7,155
2273,2026-06-24 12:41:04,12,business,4417,3834,94,35,30,179
2274,2026-05-19 10:28:09,10,business,2841,2622,65,16,20,86
2275,2026-03-21 13:31:32,13,design,2630,1909,165,4,7,242
2276,2026-06-11 01:43:51,1,design,492,411,23,2,1,340
2277,2026-05-01 13:38:00,13,design,1698,1258,67,2,3,322
2278,2026-06-12 12:30:40,12,design,1708,1535,130,12,3,287
2279,2026-04-09 19:03:50,19,business,3164,2673,55,24,26,177
2280,2026-02-22 10:53:18,10,business,8057,7377,191,37,35,152
2281,2026-08-06 14:33:34,14,design,4217,3520,212,9,19,280
2282,2026-05-20 13:21:00,13,tech,2252,1978,45,15,32,254
2283,2026-06-26 19:46:05,19,tech,21087,19513,699,201,273,424
2284,2026-03-31 17:39:26,17,business,29411,25589,521,149,206,107
2285,2026-06-12 09:25:43,9,business,4631,4175,112,20,22,96
2286,2026-03-31 17:37:38,17,tech,5202,3449,124,20,63,202
2287,2026-05-04 19:28:35,19,tech,3635,3070,77,23,45,366
2288,2026-03-16 11:56:20,11,tech,31723,20742,703,182,323,324
2289,2026-03-15 17:05:39,17,tech,3788,2605,61,17,34,255
2290,2026-03-04 01:04:16,1,tech,319,220,8,1,2,415
2291,2026-06-20 22:11:33,22,design,11529,9884,843,64,32,255
2292,2026-06-30 11:02:07,11,tech,2164,1766,56,9,34,144
2293,2026-06-11 18:48:16,18,business,8848,7557,179,54,62,145
2294,2026-08-13 10:24:33,10,tech,1327,1238,45,16,18,478
2295,2026-07-29 11:21:53,11,business,6442,5820,157,56,54,196
2296,2026-06-01 10:58:21,10,tech,14938,11877,451,170,234,409
2297,2026-02-25 17:38:43,17,tech,6501,4905,121,37,86,291
2298,2026-08-11 10:23:27,10,business,6738,5298,141,28,48,134
2299,2026-07-18 16:05:27,16,design,22150,18650,1344,88,93,341
2300,2026-07-06 08:37:29,8,business,12900,8480,202,77,81,181
2301,2026-05-27 17:46:10,17,tech,14019,12817,293,96,111,504
2302,2026-05-08 10:24:02,10,design,4109,3874,271,7,8,361
2303,2026-03-30 13:38:38,13,tech,2852,2443,70,25,32,471
2304,2026-06-21 18:57:11,18,design,3340,2695,193,16,5,346
2305,2026-03-03 10:50:41,10,design,3645,3287,217,22,9,261
2306,2026-03-21 15:42:21,15,business,4974,3573,92,31,28,143
2307,2026-03-18 16:53:49,16,design,12997,12178,637,42,28,269
2308,2026-04-11 12:49:58,12,design,19259,15756,1094,68,77,375
2309,2026-06-26 13:50:16,13,tech,43217,32201,1077,391,440,637
2310,2026-05-22 08:42:40,8,tech,1759,1277,32,18,25,323
2311,2026-04-11 11:29:42,11,business,29698,24270,255,160,233,214
2312,2026-02-22 06:52:37,6,tech,5252,4687,183,53,45,273
2313,2026-07-27 11:06:32,11,tech,24511,17793,702,207,319,406
2314,2026-03-05 18:48:00,18,tech,6350,5081,134,26,58,269
2315,2026-06-09 17:27:31,17,tech,122822,84748,2248,610,1605,436
2316,2026-05-17 09:04:09,9,business,4402,3670,73,24,33,200
2317,2026-08-12 17:26:45,17,business,7276,6276,155,60,57,132
2318,2026-04-08 14:51:38,14,design,2452,1934,166,14,7,346
2319,2026-06-03 17:38:31,17,tech,10220,6871,198,50,122,251
2320,2026-05-01 10:21:17,10,tech,19816,15184,383,212,121,424
2321,2026-03-04 10:26:15,10,tech,3699,2626,75,14,52,383
2322,2026-04-18 17:31:44,17,design,15408,13286,774,58,70,289
2323,2026-06-27 09:01:57,9,business,1633,1088,11,3,10,107
2324,2026-05-13 23:00:07,23,tech,2356,1615,41,17,31,313
2325,2026-05-21 18:01:57,18,design,1682,1111,72,4,2,296
2326,2026-04-14 04:20:30,4,tech,432,321,11,3,3,241
2327,2026-05-06 10:13:16,10,tech,6395,5074,188,51,70,353
2328,2026-03-16 09:46:54,9,business,2209,1995,24,18,19,148
2329,2026-03-28 16:26:51,16,business,5813,4536,113,41,36,179
2330,2026-07-02 10:33:53,10,design,2069,1571,124,7,5,368
2331,2026-03-31 08:15:39,8,tech,1814,1367,33,17,15,470
2332,2026-08-11 14:25:39,14,design,10293,9009,460,46,26,254
2333,2026-06-29 13:38:37,13,design,1887,1389,118,10,7,295
2334,2026-06-10 09:07:52,9,tech,4305,3915,101,52,75,388
2335,2026-04-07 10:42:22,10,design,87195,68077,5361,472,314,292
2336,2026-07-22 22:53:01,22,tech,4816,3378,93,46,27,365
2337,2026-05-03 01:33:57,1,tech,476,428,8,5,3,509
2338,2026-03-11 08:32:57,8,tech,3173,2545,79,16,49,357
2339,2026-03-16 16:22:30,16,tech,6207,4197,115,56,77,360
2340,2026-03-27 08:39:49,8,tech,7934,5890,212,32,54,566
2341,2026-04-11 14:47:24,14,tech,923,606,14,3,11,391
2342,2026-08-18 12:30:51,12,tech,7375,5904,159,37,107,340
2343,2026-02-24 18:38:46,18,tech,2593,2238,58,25,44,341
2344,2026-03-28 17:02:34,17,tech,20488,14780,542,131,283,510
2345,2026-02-20 08:27:21,8,tech,1294,867,18,6,14,460
2346,2026-05-13 12:58:00,12,design,3420,3205,249,16,8,323
2347,2026-03-02 08:19:42,8,business,998,673,18,4,3,142
2348,2026-05-31 08:21:01,8,design,3746,2555,211,20,13,284
2349,2026-04-20 08:12:37,8,tech,2170,1617,59,14,30,420
2350,2026-06-24 10:27:51,10,tech,15423,10331,238,150,91,450
2351,2026-04-06 10:37:56,10,tech,2447,2318,78,15,24,280
2352,2026-03-02 15:19:59,15,design,8086,5356,381,36,22,338
2353,2026-06-04 13:14:29,13,tech,13647,11627,238,92,153,386
2354,2026-05-11 12:06:53,12,design,11265,10685,594,44,50,261
2355,2026-07-19 18:16:26,18,tech,881,767,24,9,7,305
2356,2026-07-08 07:58:32,7,design,6985,6001,325,14,22,217
2357,2026-05-22 01:21:35,1,design,388,290,17,1,1,355
2358,2026-07-05 09:55:52,9,tech,17289,13607,314,179,270,431
2359,2026-08-15 23:38:23,23,design,1847,1593,114,12,4,363
2360,2026-03-06 20:00:04,20,tech,409,288,8,2,5,380
2361,2026-03-09 17:58:53,17,tech,14898,10200,224,146,175,450
2362,2026-05-25 17:46:45,17,tech,6339,4342,95,39,60,493
2363,2026-02-20 18:39:08,18,tech,339,288,10,2,2,578
2364,2026-05-07 06:13:39,6,design,10325,9176,632,33,46,361
2365,2026-05-06 08:51:58,8,business,6978,4918,87,25,44,168
2366,2026-08-13 20:47:50,20,design,8009,7214,421,43,35,201
2367,2026-07-06 07:08:32,7,tech,3313,2884,105,17,56,456
2368,2026-04-26 10:06:13,10,design,4492,3336,264,21,10,396
2369,2026-06-11 15:11:58,15,tech,2049,1892,59,23,29,462
2370,2026-05-11 14:49:02,14,business,6891,5655,125,17,33,137
2371,2026-06-02 14:01:26,14,tech,3543,2672,99,37,46,385
2372,2026-03-26 16:24:16,16,tech,97188,69656,1981,516,1175,306
2373,2026-04-03 17:50:17,17,tech,11012,8069,288,113,149,313
2374,2026-07-03 10:41:31,10,tech,9226,7830,157,43,90,357
2375,2026-07-25 08:05:53,8,business,17375,11882,302,91,74,101
2376,2026-04-07 10:32:37,10,business,4345,3172,67,15,13,141
2377,2026-03-14 18:02:09,18,tech,3981,3627,133,29,53,345
2378,2026-05-26 00:52:48,0,design,2917,2023,126,13,9,365
2379,2026-08-02 09:50:43,9,tech,2008,1561,34,13,23,337
2380,2026-04-10 08:28:45,8,design,14214,11499,799,57,32,349
2381,2026-07-08 13:52:04,13,tech,1136,881,19,8,12,712
2382,2026-04-07 09:41:30,9,design,14895,10262,677,25,54,302
2383,2026-08-03 15:57:14,15,tech,2210,1916,71,17,17,368
2384,2026-03-15 14:51:23,14,business,1127,979,16,6,7,162
2385,2026-05-08 11:13:41,11,design,1093,928,62,6,5,286
2386,2026-05-26 18:54:12,18,business,5266,3617,95,29,21,126
2387,2026-05-29 17:54:10,17,design,14086,10695,710,46,31,253
2388,2026-02-22 21:16:04,21,tech,6813,5347,156,35,95,464
2389,2026-03-07 14:21:07,14,design,3251,2812,226,8,6,369
2390,2026-06-08 15:49:29,15,tech,461,340,9,3,6,435
2391,2026-06-20 12:28:37,12,design,3799,3277,283,12,13,235
2392,2026-05-15 08:37:26,8,tech,3520,2944,92,36,58,430
2393,2026-06-16 17:05:12,17,business,49385,40778,904,195,178,183
2394,2026-07-05 07:56:45,7,tech,1043,797,26,8,8,406
2395,2026-05-30 14:44:04,14,tech,2875,2652,91,15,23,345
2396,2026-07-22 16:37:59,16,design,7704,6114,342,35,33,376
2397,2026-03-08 16:09:33,16,tech,3895,2915,71,29,28,448
2398,2026-04-21 08:57:08,8,design,2292,1506,97,5,4,372
2399,2026-05-12 08:18:34,8,tech,21907,17933,712,234,149,302
2400,2026-08-13 17:05:55,17,tech,3266,2821,63,18,53,239
2401,2026-08-03 12:59:21,12,tech,3754,2444,78,12,28,325
2402,2026-03-04 14:16:19,14,tech,1397,909,27,7,13,411
2403,2026-08-17 17:27:44,17,tech,7897,5389,141,36,63,373
2404,2026-04-29 08:36:43,8,design,14881,10370,725,42,29,291
2405,2026-04-20 17:00:16,17,design,1109,885,78,4,3,361
2406,2026-06-13 22:57:22,22,tech,6059,5522,157,54,62,384
2407,2026-04-19 13:53:09,13,tech,1481,1336,38,8,14,399
2408,2026-08-01 17:16:50,17,design,4855,3585,320,17,7,210
2409,2026-08-05 13:29:12,13,business,4913,3575,56,25,24,155
2410,2026-03-16 10:37:50,10,business,1137,1040,18,4,4,125
2411,2026-04-22 11:16:37,11,design,3565,2706,144,15,13,327
2412,2026-07-16 08:58:47,8,tech,1508,1324,35,17,19,415
2413,2026-04-03 13:21:00,13,business,8552,6218,119,23,25,184
2414,2026-06-03 11:43:13,11,tech,11490,10385,216,104,85,417
2415,2026-07-12 09:39:55,9,design,17412,13770,978,30,29,293
2416,2026-05-22 17:00:47,17,business,37818,26126,744,249,259,147
2417,2026-08-07 12:57:05,12,design,1420,1169,103,6,3,338
2418,2026-07-16 08:41:36,8,design,11418,10455,727,62,23,368
2419,2026-04-23 21:22:07,21,design,8696,7775,619,30,34,322
2420,2026-05-29 15:02:33,15,tech,1191,899,26,9,11,438
2421,2026-06-29 08:28:04,8,business,2962,2541,41,12,20,122
2422,2026-04-15 16:11:09,16,tech,1400,1069,42,9,19,412
2423,2026-04-08 09:25:42,9,tech,50398,39404,836,371,386,437
2424,2026-05-31 10:27:15,10,design,5302,3500,217,22,12,351
2425,2026-08-05 16:44:04,16,tech,6335,5619,191,80,85,450
2426,2026-08-12 13:53:41,13,business,87451,82937,1441,591,699,159
2427,2026-03-18 10:48:43,10,tech,2282,2085,51,28,38,446
2428,2026-02-28 02:54:13,2,business,937,719,8,4,3,137
2429,2026-06-13 18:56:06,18,design,966,743,52,4,3,277
2430,2026-05-06 15:25:22,15,design,1175,933,80,5,3,326
2431,2026-06-28 15:25:20,15,business,4268,3995,63,30,25,174
2432,2026-06-26 17:16:53,17,tech,9070,7359,195,63,96,547
2433,2026-08-10 15:45:33,15,tech,1693,1204,32,17,20,428
2434,2026-03-21 16:04:58,16,design,7813,6522,553,42,26,326
2435,2026-06-25 08:46:23,8,tech,770,523,20,5,5,579
2436,2026-06-12 17:04:58,17,tech,4541,3354,71,47,51,402
2437,2026-07-02 13:55:47,13,tech,8337,7348,244,103,112,325
2438,2026-04-15 16:30:38,16,design,3404,3161,276,21,12,287
2439,2026-04-10 10:15:33,10,tech,881,765,20,5,12,332
2440,2026-07-05 13:24:34,13,business,1551,1224,30,5,7,210
2441,2026-07-10 09:01:46,9,tech,12528,9954,204,104,187,383
2442,2026-08-04 18:06:06,18,tech,3086,2433,96,18,29,303
2443,2026-08-13 10:46:00,10,tech,665,577,15,6,9,408
2444,2026-03-29 10:40:02,10,tech,7973,6794,219,88,119,506
2445,2026-07-24 19:36:57,19,tech,1693,1514,46,9,12,420
2446,2026-06-18 17:35:15,17,tech,19757,16310,346,172,209,181
2447,2026-07-04 11:38:19,11,design,33911,24119,1475,110,142,314
2448,2026-06-08 11:08:37,11,design,5241,3965,275,12,20,278
2449,2026-08-17 06:21:15,6,tech,31113,22024,755,122,294,413
2450,2026-05-17 08:50:53,8,design,720,638,32,2,2,280
2451,2026-05-12 17:47:48,17,tech,10271,9740,378,137,83,359
2452,2026-04-06 20:55:12,20,business,772,588,6,4,5,115
2453,2026-06-13 14:04:19,14,tech,2752,2133,57,23,22,326
2454,2026-07-13 09:52:01,9,business,5430,3560,68,26,25,154
2455,2026-08-03 08:35:51,8,design,6433,5021,262,18,17,213
2456,2026-05-19 18:51:10,18,tech,2544,1758,49,25,23,494
2457,2026-05-22 15:51:53,15,tech,916,666,14,5,9,404
2458,2026-05-21 14:29:58,14,design,3154,2672,227,11,9,273
2459,2026-07-04 06:41:34,6,tech,3144,2707,81,39,48,497
2460,2026-06-08 11:23:35,11,tech,3747,3002,112,39,49,386
2461,2026-04-03 12:28:30,12,tech,8134,6722,138,47,73,575
2462,2026-06-16 11:54:06,11,design,6790,5963,392,18,14,304
2463,2026-06-20 15:34:20,15,design,7976,7232,434,21,25,355
2464,2026-06-11 17:15:30,17,tech,1608,1226,40,16,11,433
2465,2026-05-10 11:47:58,11,business,1252,895,13,8,6,115
2466,2026-05-14 10:38:25,10,tech,4798,3690,121,38,73,356
2467,2026-03-30 14:54:49,14,tech,1176,922,21,6,13,371
2468,2026-08-07 09:23:03,9,tech,9993,8721,307,53,100,309
2469,2026-04-06 10:30:30,10,tech,2478,2345,70,23,46,575
2470,2026-03-27 11:50:51,11,tech,4817,4504,92,44,82,443
2471,2026-03-30 19:38:52,19,business,783,566,5,5,3,118
2472,2026-08-07 19:21:58,19,tech,16365,12986,382,133,133,462
2473,2026-05-18 14:08:00,14,design,419,289,17,1,1,208
2474,2026-06-08 09:27:19,9,tech,66564,49884,1185,369,833,460
2475,2026-06-17 18:18:25,18,tech,11317,8145,237,69,130,398
2476,2026-05-04 10:55:51,10,tech,804,759,18,10,9,407
2477,2026-07-17 09:19:01,9,business,1053,816,15,7,6,117
2478,2026-06-06 10:58:12,10,tech,4532,3321,95,27,56,401
2479,2026-07-12 08:00:17,8,design,1646,1432,77,10,3,227
2480,2026-06-06 14:44:25,14,tech,8538,7071,196,98,101,552
2481,2026-07-26 09:46:49,9,tech,4697,3180,126,47,38,316
2482,2026-05-17 11:35:22,11,business,5274,3574,86,12,22,156
2483,2026-08-08 13:38:46,13,tech,957,765,18,10,12,562
2484,2026-04-17 16:29:19,16,tech,7965,7115,282,81,99,388
2485,2026-07-13 07:20:09,7,business,8078,5310,158,32,43,111
2486,2026-06-21 09:17:20,9,design,2915,2251,167,6,6,303
2487,2026-04-03 17:04:22,17,design,1030,892,64,2,1,286
2488,2026-06-16 08:40:01,8,tech,1273,992,36,8,10,339
2489,2026-06-17 17:52:31,17,business,2386,2017,49,15,19,119
2490,2026-08-10 11:31:15,11,design,6203,4426,276,20,16,381
2491,2026-07-13 09:26:30,9,tech,373,312,12,4,4,371
2492,2026-05-07 10:09:33,10,tech,14961,13053,465,98,240,413
2493,2026-05-06 13:05:59,13,design,162,125,9,0,0,381
2494,2026-04-01 10:43:44,10,business,7015,5146,111,34,39,181
2495,2026-02-27 12:07:02,12,tech,832,596,13,3,6,501
2496,2026-04-28 10:21:32,10,design,7925,5440,473,42,24,290
2497,2026-07-21 09:26:13,9,tech,11025,10009,305,97,141,310
2498,2026-07-04 21:08:56,21,business,474,367,3,2,3,116
2499,2026-04-08 18:52:49,18,tech,78142,66135,1786,403,725,437
2500,2026-06-13 11:40:33,11,tech,10757,7776,160,79,66,619
2501,2026-02-27 11:47:19,11,tech,3503,2970,114,28,53,454
2502,2026-06-13 15:02:13,15,design,30228,25825,1684,194,100,227
2503,2026-04-19 16:51:29,16,design,10241,9657,492,42,55,285
2504,2026-08-09 08:38:03,8,business,1530,1369,37,7,5,63
2505,2026-06-19 11:20:21,11,tech,9839,7886,277,94,119,556
2506,2026-03-06 09:08:02,9,design,9814,8786,670,30,42,297
2507,2026-08-06 07:25:51,7,tech,582,413,16,5,5,208
2508,2026-03-16 11:21:15,11,tech,1250,1177,45,12,16,407
2509,2026-07-27 17:09:16,17,design,745,507,39,2,1,337
2510,2026-07-23 10:50:40,10,tech,12749,10142,247,135,171,268
2511,2026-06-28 08:05:39,8,tech,2347,2037,77,12,16,495
2512,2026-05-12 10:38:50,10,business,1898,1555,23,12,15,184
2513,2026-06-27 21:12:05,21,design,2997,2511,204,8,8,336
2514,2026-05-15 14:37:16,14,tech,2933,2326,66,23,34,375
2515,2026-07-06 18:00:52,18,tech,71203,59397,1938,301,798,450
2516,2026-05-01 08:52:41,8,business,911,855,8,8,4,133
2517,2026-04-11 15:16:36,15,tech,812,693,18,8,8,688
2518,2026-03-04 17:36:58,17,tech,14981,13638,446,107,223,275
2519,2026-08-10 10:51:56,10,design,15850,14096,917,62,35,323
2520,2026-08-12 10:43:45,10,design,3458,3005,191,11,14,303
2521,2026-02-24 15:34:12,15,design,2793,2535,209,5,6,297
2522,2026-05-30 08:53:53,8,tech,3795,2472,53,16,25,329
2523,2026-04-14 15:58:17,15,tech,760,643,13,9,11,563
2524,2026-04-26 10:17:48,10,tech,3377,2392,57,24,27,382
2525,2026-03-30 17:07:27,17,tech,5314,3578,75,24,45,483
2526,2026-05-02 10:58:28,10,business,5518,3644,89,16,15,147
2527,2026-05-11 09:37:04,9,business,3921,2716,59,10,13,131
2528,2026-07-31 17:36:22,17,tech,4960,3853,99,22,44,486
2529,2026-08-18 11:41:06,11,tech,6827,5792,152,85,79,426
2530,2026-05-04 08:53:51,8,tech,5849,4503,172,67,82,308
2531,2026-08-07 10:09:37,10,tech,938,733,28,8,8,426
2532,2026-04-10 10:24:58,10,business,3607,3417,73,15,17,119
2533,2026-05-04 17:37:57,17,design,9267,8662,480,51,28,318
2534,2026-02-27 13:14:53,13,design,12457,11808,965,70,41,429
2535,2026-06-23 15:38:24,15,tech,97525,79402,2510,1114,892,476
2536,2026-05-12 15:10:56,15,business,730,613,17,2,4,144
2537,2026-03-26 04:17:32,4,tech,6755,5208,187,34,102,256
2538,2026-06-23 18:34:04,18,tech,3019,2460,63,14,33,301
2539,2026-05-17 08:13:25,8,tech,6669,5944,188,46,60,494
2540,2026-05-06 08:22:31,8,design,4444,3729,304,10,16,287
2541,2026-05-17 09:38:36,9,tech,799,681,20,7,12,468
2542,2026-04-28 16:07:43,16,design,1767,1459,130,8,8,271
2543,2026-04-12 07:25:29,7,design,3596,3368,252,25,7,276
2544,2026-04-01 10:34:46,10,tech,14730,13722,545,165,210,358
2545,2026-08-16 17:14:13,17,design,3773,2646,200,16,11,268
2546,2026-04-26 12:43:44,12,tech,393,349,11,2,6,468
2547,2026-04-14 16:53:53,16,business,798,618,6,4,5,136
2548,2026-05-22 14:44:47,14,business,1875,1458,31,12,9,146
2549,2026-07-25 07:13:23,7,tech,4912,4393,162,45,41,505
2550,2026-07-01 00:15:30,0,business,726,589,14,5,3,153
2551,2026-05-01 21:13:18,21,tech,470,327,10,3,3,553
2552,2026-05-30 08:50:36,8,business,5088,4597,112,37,24,195
2553,2026-04-15 10:57:34,10,design,4426,4015,325,21,22,293
2554,2026-07-24 14:39:56,14,design,18049,14837,1021,42,85,304
2555,2026-05-06 17:44:13,17,tech,11877,9331,226,105,100,469
2556,2026-08-15 09:06:09,9,tech,1709,1175,44,13,17,304
2557,2026-08-02 20:39:00,20,tech,2018,1438,55,20,16,272
2558,2026-08-12 14:14:56,14,design,12587,9778,546,53,37,273
2559,2026-08-02 14:15:24,14,tech,8518,6285,215,44,82,353
2560,2026-04-01 14:46:15,14,tech,1223,1099,34,15,11,547
2561,2026-05-23 11:45:28,11,tech,66501,52660,1280,754,719,326
2562,2026-05-22 10:34:09,10,tech,8062,7268,263,62,76,350
2563,2026-07-22 08:59:36,8,business,6497,5177,105,24,32,105
2564,2026-06-21 06:53:27,6,tech,638,497,16,5,9,256
2565,2026-05-11 17:36:04,17,tech,592,452,9,4,8,294
2566,2026-07-07 10:31:31,10,design,9563,7392,450,47,23,334
2567,2026-04-25 19:52:53,19,design,1729,1145,80,8,5,324
2568,2026-07-29 07:58:56,7,tech,1381,1126,24,8,9,219
2569,2026-05-11 01:33:23,1,tech,9205,7051,161,100,111,321
2570,2026-05-16 15:39:57,15,tech,10545,9898,271,124,106,467
2571,2026-04-07 18:31:45,18,design,10298,7025,376,29,39,258
2572,2026-06-20 17:19:47,17,business,821,602,9,5,4,173
2573,2026-03-22 20:37:24,20,tech,1992,1770,39,18,28,430
2574,2026-05-19 11:05:07,11,design,1911,1479,91,11,4,347
2575,2026-07-10 09:25:49,9,tech,1099,730,19,9,13,420
2576,2026-04-24 08:48:50,8,tech,1585,1189,28,14,11,491
2577,2026-07-29 14:32:27,14,design,6524,5836,440,29,25,260
2578,2026-03-12 15:32:16,15,tech,12473,10483,312,152,186,552
2579,2026-08-06 20:30:31,20,tech,1085,731,17,8,13,262
2580,2026-03-27 10:59:13,10,tech,14727,10761,277,77,213,330
2581,2026-06-16 19:55:52,19,design,3772,2535,132,5,12,373
2582,2026-08-17 07:47:31,7,design,3568,2995,225,12,10,348
2583,2026-03-05 13:43:25,13,business,1780,1576,24,15,7,109
2584,2026-03-04 11:59:16,11,design,4667,4415,356,13,16,285
2585,2026-06-12 15:17:38,15,tech,12879,11629,250,162,100,539
2586,2026-03-08 16:27:33,16,design,1419,965,69,4,5,261
2587,2026-04-08 14:47:15,14,tech,6118,5728,131,64,90,495
2588,2026-06-07 12:21:21,12,tech,1507,1241,30,18,11,476
2589,2026-07-03 10:43:50,10,design,1518,1201,100,8,4,286
2590,2026-07-24 07:04:10,7,tech,811,572,19,8,9,362
2591,2026-06-23 14:13:42,14,tech,6952,6340,137,86,82,370
2592,2026-02-24 09:21:55,9,tech,15964,12807,512,181,125,251
2593,2026-05-21 13:10:36,13,business,12805,11019,144,96,92,142
2594,2026-05-11 09:01:20,9,design,687,516,27,4,2,288
2595,2026-04-09 16:23:42,16,design,906,818,65,3,3,262
2596,2026-03-26 18:22:33,18,tech,5780,5441,136,50,58,397
2597,2026-03-03 14:20:03,14,tech,3657,2481,94,31,35,388
2598,2026-08-18 16:03:23,16,tech,1536,1337,43,19,20,369
2599,2026-04-02 21:57:00,21,tech,5774,4247,152,60,56,250
2600,2026-06-19 08:57:23,8,tech,38857,36856,1024,204,450,479
2601,2026-04-30 16:47:31,16,design,8418,7648,611,40,24,284
2602,2026-04-30 15:29:00,15,design,24312,21860,1666,156,113,226
2603,2026-05-11 12:47:10,12,design,3638,3034,234,10,8,298
2604,2026-04-02 12:01:03,12,business,5262,4134,107,15,22,234
2605,2026-02-21 21:45:44,21,tech,12074,8746,283,91,150,475
2606,2026-05-29 12:22:08,12,tech,699,520,13,7,4,565
2607,2026-02-25 10:03:31,10,design,3968,3238,267,21,7,271
2608,2026-07-05 11:37:19,11,tech,484,326,6,1,5,239
2609,2026-07-30 11:32:54,11,tech,531,415,10,4,3,385
2610,2026-06-25 15:22:23,15,design,15001,11763,665,71,43,266
2611,2026-07-18 16:00:49,16,business,2205,1867,52,16,18,144
2612,2026-03-06 08:15:30,8,design,22443,19312,1159,134,114,210
2613,2026-03-22 13:11:52,13,tech,7468,6493,248,52,117,491
2614,2026-06-03 03:46:58,3,design,5140,4490,398,24,22,328
2615,2026-03-20 08:26:44,8,tech,5674,4050,159,46,54,362
2616,2026-07-23 18:48:04,18,design,936,830,74,5,3,300
2617,2026-04-28 11:39:30,11,tech,7513,5227,134,31,74,340
2618,2026-08-06 08:41:04,8,tech,7779,5229,178,71,97,507
2619,2026-05-24 02:43:45,2,tech,1205,991,34,6,16,314
2620,2026-03-02 10:52:23,10,tech,1433,1032,40,10,18,346
2621,2026-05-16 17:36:49,17,design,18551,13095,1098,97,35,289
2622,2026-03-07 11:44:31,11,tech,4142,2864,67,32,37,589
2623,2026-07-15 14:24:28,14,design,3991,2757,164,21,7,276
2624,2026-05-19 05:16:09,5,tech,948,711,26,3,10,348
2625,2026-03-27 09:31:23,9,tech,2022,1685,34,19,29,409
2626,2026-02-23 16:44:06,16,design,7125,4783,296,9,21,332
2627,2026-06-29 15:44:48,15,tech,11099,7996,231,112,129,279
2628,2026-04-18 16:22:10,16,design,488,323,22,0,1,339
2629,2026-08-12 15:29:37,15,design,2178,2056,113,5,4,284
2630,2026-05-05 15:22:23,15,design,3696,3449,282,18,11,238
2631,2026-06-24 17:48:36,17,tech,5925,3989,121,58,64,324
2632,2026-07-15 20:42:18,20,tech,556,432,10,4,6,538
2633,2026-08-16 19:19:42,19,tech,3281,2169,52,14,24,547
2634,2026-03-04 07:53:18,7,business,2622,1736,26,5,14,155
2635,2026-07-29 13:35:40,13,business,1519,1168,28,7,6,175
2636,2026-05-13 06:34:05,6,business,13396,12286,232,61,52,165
2637,2026-06-30 08:03:10,8,business,5641,4596,66,33,45,147
2638,2026-05-10 01:58:07,1,tech,2319,1791,55,20,31,568
2639,2026-03-11 08:12:04,8,design,3593,2538,157,8,14,297
2640,2026-07-01 17:49:38,17,tech,1042,736,23,8,10,244
2641,2026-05-08 10:59:28,10,tech,2054,1552,61,8,26,321
2642,2026-06-29 11:39:08,11,design,5545,4781,345,33,24,287
2643,2026-05-25 21:17:18,21,tech,2137,1920,46,10,27,232
2644,2026-04-07 17:09:40,17,design,1623,1473,108,3,5,222
2645,2026-05-06 12:01:05,12,tech,1153,1032,35,10,9,359
2646,2026-04-05 21:17:37,21,tech,1356,1218,29,6,16,408
2647,2026-08-02 07:27:06,7,tech,3230,2952,97,17,38,433
2648,2026-06-19 10:42:29,10,tech,3405,2849,80,31,27,291
2649,2026-08-19 09:05:41,9,tech,1541,1378,39,8,16,301
2650,2026-04-21 08:40:54,8,tech,1504,1413,42,18,18,413
2651,2026-06-17 06:15:04,6,design,435,340,18,1,0,245
2652,2026-07-06 17:50:17,17,business,20519,13983,301,55,122,95
2653,2026-03-23 13:20:51,13,design,4392,3405,187,13,7,370
2654,2026-07-27 11:19:48,11,design,30635,24359,1990,97,76,348
2655,2026-04-02 18:14:23,18,business,55613,40963,742,302,191,143
2656,2026-07-05 16:23:37,16,tech,684,592,13,4,6,638
2657,2026-04-26 20:49:51,20,tech,18610,17249,657,180,249,474
2658,2026-03-09 11:07:12,11,business,8344,7041,121,48,28,181
2659,2026-03-29 07:10:10,7,tech,2113,1438,48,12,27,365
2660,2026-07-14 19:44:04,19,tech,960,708,22,6,8,581
2661,2026-03-30 11:58:33,11,business,7255,5298,93,51,33,141
2662,2026-05-04 09:43:45,9,design,2928,1980,115,14,10,382
2663,2026-06-06 08:16:39,8,tech,5311,4186,125,55,63,580
2664,2026-06-18 19:45:39,19,tech,1043,810,16,11,7,500
2665,2026-03-13 13:04:13,13,design,7913,7504,551,27,19,314
2666,2026-02-21 12:43:57,12,design,1410,1071,61,5,4,349
2667,2026-06-02 10:59:40,10,tech,1159,1072,38,9,11,158
2668,2026-08-17 10:05:16,10,business,11202,8908,215,83,63,166
2669,2026-04-25 15:38:50,15,design,12407,8552,443,67,47,307
2670,2026-05-25 18:35:18,18,design,1944,1444,110,8,6,232
2671,2026-07-05 13:05:19,13,tech,1410,1323,28,18,16,493
2672,2026-07-29 11:29:53,11,tech,2017,1488,43,13,16,373
2673,2026-02-21 18:22:38,18,tech,21456,15111,414,126,180,367
2674,2026-08-01 07:19:30,7,tech,2467,1606,33,9,28,238
2675,2026-05-15 19:14:44,19,tech,1745,1262,46,16,13,485
2676,2026-03-24 18:20:51,18,tech,4367,3156,120,41,33,328
2677,2026-05-06 09:02:02,9,design,3267,3038,192,6,7,266
2678,2026-07-03 15:49:27,15,tech,2895,2450,70,16,41,466
2679,2026-07-17 15:00:40,15,design,1231,1060,92,7,4,349
2680,2026-05-20 10:05:19,10,tech,3164,2235,55,15,29,481
2681,2026-04-12 17:52:12,17,design,1509,1203,91,7,2,333
2682,2026-06-04 07:00:19,7,tech,15451,10171,273,148,155,457
2683,2026-04-18 15:56:44,15,tech,8223,6802,191,86,131,253
2684,2026-07-07 17:42:24,17,tech,9165,6643,191,61,72,385
2685,2026-03-31 18:08:48,18,business,11773,8232,114,40,58,169
2686,2026-04-29 16:53:10,16,design,10103,7043,510,36,16,325
2687,2026-03-15 05:39:47,5,design,2423,2141,122,10,4,285
2688,2026-04-14 11:37:19,11,business,52180,45257,1283,309,260,101
2689,2026-04-19 18:18:44,18,design,23873,18300,1152,79,85,265
2690,2026-03-03 14:13:51,14,business,6956,5364,136,35,53,186
2691,2026-07-20 18:46:04,18,business,2927,2015,51,16,19,81
2692,2026-06-01 08:09:42,8,tech,1082,725,16,6,8,598
2693,2026-06-06 10:18:11,10,design,2534,1774,126,12,4,293
2694,2026-05-21 10:18:24,10,design,340,257,16,1,0,311
2695,2026-03-11 10:51:43,10,tech,5065,4186,122,58,34,479
2696,2026-03-22 10:11:24,10,business,10574,8503,157,35,49,170
2697,2026-06-05 15:15:55,15,tech,836,780,18,4,11,359
2698,2026-06-25 08:24:17,8,business,2416,2140,34,15,10,149
2699,2026-07-30 16:50:10,16,tech,23974,16544,659,218,281,450
2700,2026-05-18 10:58:28,10,design,6120,5606,418,23,33,231
2701,2026-03-26 17:32:37,17,business,8613,6889,150,63,46,121
2702,2026-05-22 19:12:03,19,tech,440,384,13,4,6,239
2703,2026-07-17 09:10:17,9,business,9175,8676,193,84,51,128
2704,2026-04-01 05:11:56,5,tech,78,59,1,0,0,590
2705,2026-06-25 08:17:37,8,design,2178,1755,140,8,6,243
2706,2026-05-07 04:20:10,4,business,1794,1700,17,5,12,188
2707,2026-08-11 14:30:20,14,business,862,631,17,4,6,149
2708,2026-06-21 17:54:27,17,tech,2914,2719,93,17,38,597
2709,2026-06-13 12:36:15,12,design,1413,1022,51,3,5,318
2710,2026-08-02 17:12:48,17,tech,1826,1231,48,7,20,371
2711,2026-06-23 10:41:42,10,tech,1162,994,31,7,11,536
2712,2026-06-24 16:47:09,16,tech,2975,2647,87,18,36,507
2713,2026-07-07 17:13:02,17,tech,8140,5311,188,47,98,524
2714,2026-07-11 09:05:18,9,design,3172,2496,199,11,14,242
2715,2026-04-28 12:01:22,12,business,4606,3125,32,31,17,170
2716,2026-04-28 17:18:04,17,design,2168,1475,79,10,6,328
2717,2026-05-30 08:08:40,8,business,11979,8685,237,64,62,150
2718,2026-04-06 08:08:56,8,tech,15820,13911,490,95,147,274
2719,2026-03-12 14:22:14,14,tech,2461,1866,50,12,34,442
2720,2026-04-26 06:13:59,6,design,7328,6742,351,37,37,296
2721,2026-04-15 18:50:40,18,tech,22201,20286,803,148,292,426
2722,2026-04-23 15:53:36,15,design,19605,13693,827,105,39,228
2723,2026-06-18 15:11:09,15,design,3449,2498,129,16,6,382
2724,2026-08-12 17:30:19,17,tech,1555,1297,34,15,10,606
2725,2026-08-18 16:38:18,16,tech,3572,3243,99,29,63,492
2726,2026-05-06 14:37:59,14,design,3546,2551,220,10,13,260
2727,2026-06-24 08:30:42,8,tech,2773,1935,70,10,27,481
2728,2026-03-01 16:30:46,16,tech,3354,2564,97,32,49,389
2729,2026-07-16 16:34:25,16,tech,562,501,12,6,9,615
2730,2026-03-07 10:51:08,10,tech,3635,3058,72,30,58,389
2731,2026-08-06 11:56:21,11,tech,8820,6107,233,90,111,488
2732,2026-05-16 07:53:49,7,tech,24095,20768,450,226,270,261
2733,2026-04-23 08:09:04,8,business,9228,7724,104,39,67,178
2734,2026-05-11 14:20:01,14,design,1265,969,72,3,2,353
2735,2026-03-24 17:29:00,17,design,1496,1079,84,8,3,229
2736,2026-06-20 10:24:50,10,design,27492,18194,1044,42,97,281
2737,2026-03-23 17:11:56,17,tech,2605,1855,37,27,33,403
2738,2026-04-11 06:25:31,6,design,2669,2450,149,19,5,326
2739,2026-07-13 11:16:16,11,design,1700,1449,125,3,7,288
2740,2026-08-14 11:53:26,11,design,3536,2884,253,14,10,310
2741,2026-05-14 13:38:12,13,design,2190,1768,154,13,7,254
2742,2026-04-18 13:08:56,13,tech,1346,886,18,8,13,502
2743,2026-04-26 12:28:16,12,design,780,589,36,3,2,261
2744,2026-04-11 07:58:47,7,tech,1289,1144,33,9,15,558
2745,2026-07-21 12:35:58,12,tech,38548,30828,1080,283,437,521
2746,2026-06-15 09:18:57,9,tech,5875,3976,94,37,40,353
2747,2026-08-04 04:02:50,4,tech,1175,899,26,7,17,475
2748,2026-04-11 10:12:17,10,tech,4708,3608,104,51,61,241
2749,2026-04-15 08:08:00,8,tech,2312,1578,53,20,26,387
2750,2026-05-01 17:00:00,17,tech,1328,873,22,5,13,511
2751,2026-05-29 12:02:01,12,tech,1783,1464,41,10,26,385
2752,2026-03-29 12:46:32,12,design,1443,1095,90,2,5,252
2753,2026-08-18 11:13:23,11,design,6557,4716,289,20,11,349
2754,2026-05-31 20:10:35,20,tech,2504,1955,74,24,33,529
2755,2026-04-25 07:20:32,7,tech,8639,6687,248,37,123,493
2756,2026-07-31 12:55:26,12,tech,1682,1131,43,8,15,319
2757,2026-03-28 06:36:21,6,tech,1509,1403,36,8,17,381
2758,2026-07-11 19:58:02,19,design,7919,5523,408,14,19,364
2759,2026-06-28 18:36:40,18,design,19730,18355,1639,75,50,355
2760,2026-08-10 13:58:27,13,design,757,701,39,5,2,209
2761,2026-07-11 14:50:37,14,tech,1274,1109,33,8,13,458
2762,2026-04-16 19:05:18,19,tech,360,338,6,2,3,342
2763,2026-06-08 16:08:23,16,tech,1276,1142,39,12,19,456
2764,2026-04-16 20:07:58,20,tech,720,606,17,7,6,365
2765,2026-07-24 09:53:01,9,tech,16078,11282,440,122,124,413
2766,2026-04-03 09:40:57,9,design,29901,26367,2113,110,58,367
2767,2026-08-12 21:54:53,21,design,959,884,47,4,2,328
2768,2026-02-24 17:05:10,17,tech,10125,8424,201,124,123,359
2769,2026-08-01 11:33:21,11,business,540,427,6,2,2,92
2770,2026-06-28 18:48:55,18,business,1212,1038,19,5,9,185
2771,2026-02-22 10:32:55,10,design,31272,28000,1599,198,91,283
2772,2026-07-26 14:46:34,14,tech,1817,1487,42,18,20,470
2773,2026-02-25 10:18:09,10,design,9321,7160,365,23,26,270
2774,2026-03-13 07:12:09,7,design,981,810,51,5,2,288
2775,2026-06-16 07:16:24,7,business,5021,4420,72,27,39,193
2776,2026-03-24 06:43:15,6,tech,330,223,6,1,3,385
2777,2026-04-30 08:44:11,8,design,782,705,43,2,1,225
2778,2026-04-03 09:26:44,9,design,2786,2024,104,8,7,355
2779,2026-07-13 15:12:46,15,tech,3380,2897,97,24,48,483
2780,2026-03-16 05:36:40,5,tech,3273,2735,99,39,48,378
2781,2026-04-03 21:34:44,21,business,4634,3465,63,25,34,178
2782,2026-03-28 17:52:43,17,design,29564,23176,1271,62,70,337
2783,2026-04-05 23:13:31,23,design,5487,3890,218,15,10,315
2784,2026-06-26 08:43:30,8,tech,556,409,15,2,4,495
2785,2026-03-06 19:33:10,19,business,713,564,13,1,2,170
2786,2026-05-21 09:29:13,9,tech,11307,9251,264,135,145,499
2787,2026-02-28 15:47:25,15,tech,14158,9969,286,102,179,416
2788,2026-07-26 10:28:10,10,design,25771,20492,1220,160,51,273
2789,2026-08-01 09:54:05,9,tech,577,376,8,5,7,269
2790,2026-06-25 22:28:21,22,tech,11409,9934,200,55,100,408
2791,2026-05-16 15:14:29,15,tech,6586,5084,162,29,92,339
2792,2026-03-26 17:02:25,17,design,2218,2044,112,6,6,311
2793,2026-08-11 12:06:28,12,design,17263,12512,809,34,37,396
2794,2026-03-03 08:04:23,8,design,21238,17995,1321,72,52,191
2795,2026-05-14 19:17:15,19,business,13287,8671,165,46,57,151
2796,2026-05-20 18:43:37,18,design,1243,1043,73,3,4,356
2797,2026-08-19 16:20:09,16,tech,459,398,8,4,6,491
2798,2026-07-06 11:39:40,11,tech,5657,5176,131,72,97,368
2799,2026-04-06 13:46:05,13,business,5572,3753,79,18,26,142
2800,2026-07-21 19:49:08,19,tech,297,253,7,3,2,352
2801,2026-06-07 11:35:59,11,design,1442,1118,86,2,6,397
2802,2026-05-24 23:28:00,23,tech,2894,1960,39,13,27,488
2803,2026-04-08 19:18:33,19,design,4742,3404,248,13,13,354
2804,2026-08-04 09:43:58,9,design,1128,1067,57,5,6,299
2805,2026-06-04 07:08:47,7,tech,2565,1970,54,24,37,437
2806,2026-04-09 13:31:55,13,tech,6729,4510,158,34,64,395
2807,2026-06-09 13:58:05,13,tech,767,521,20,3,9,293
2808,2026-05-30 10:50:49,10,design,1438,999,80,4,3,397
2809,2026-06-09 12:27:21,12,tech,11650,8560,291,124,109,477
2810,2026-03-16 17:03:09,17,tech,18857,14958,354,171,120,355
2811,2026-03-11 10:35:20,10,design,9130,6812,602,27,32,251
2812,2026-04-01 09:51:59,9,design,3215,2531,160,10,11,249
2813,2026-04-10 10:28:36,10,business,1215,1053,26,9,8,120
2814,2026-03-22 08:19:33,8,design,9419,6198,402,40,15,265
2815,2026-07-15 19:27:20,19,business,1437,1009,29,3,9,168
2816,2026-04-10 11:22:13,11,design,5707,5137,455,17,25,309
2817,2026-03-07 11:31:42,11,tech,5494,4273,157,51,68,477
2818,2026-08-12 19:18:32,19,business,1446,1311,14,7,8,138
2819,2026-08-01 14:06:34,14,design,9792,7509,586,44,41,244
2820,2026-04-14 16:24:52,16,design,6602,5535,371,23,23,240
2821,2026-04-13 10:55:11,10,business,26091,24101,672,104,142,164
2822,2026-05-16 08:59:38,8,design,1749,1499,111,5,6,241
2823,2026-06-04 08:29:54,8,tech,24913,18500,511,202,337,439
2824,2026-08-07 18:10:40,18,tech,6351,4335,109,41,60,500
2825,2026-07-03 17:32:14,17,design,825,723,44,5,2,306
2826,2026-05-29 16:02:54,16,business,1633,1455,26,8,9,163
2827,2026-03-30 17:22:13,17,tech,5223,4454,153,41,77,319
2828,2026-05-26 18:37:34,18,tech,20116,17656,495,223,149,337
2829,2026-04-02 21:59:36,21,business,279,196,4,0,1,101
2830,2026-03-29 10:09:34,10,tech,25120,19152,765,214,171,502
2831,2026-06-07 09:36:05,9,design,6221,4172,252,13,12,329
2832,2026-05-14 20:08:01,20,tech,1020,953,24,11,9,365
2833,2026-06-28 17:27:05,17,design,9951,6513,478,30,16,394
2834,2026-03-25 20:43:18,20,business,3775,3551,67,21,25,147
2835,2026-05-15 08:51:34,8,tech,2448,1822,67,26,22,330
2836,2026-08-11 18:45:25,18,design,2636,1745,93,11,6,269
2837,2026-06-22 18:26:52,18,tech,16883,15261,599,223,159,367
2838,2026-07-24 13:00:22,13,design,5892,4394,315,14,21,352
2839,2026-04-08 20:05:46,20,tech,1722,1353,37,8,18,325
2840,2026-04-07 18:30:52,18,tech,631,587,18,3,10,442
2841,2026-04-22 16:48:06,16,business,3322,2798,80,23,21,162
2842,2026-08-14 14:25:21,14,design,1474,1264,107,9,6,323
2843,2026-07-26 08:16:14,8,tech,838,725,27,4,6,397
2844,2026-06-09 08:53:42,8,design,6272,5644,465,19,26,293
2845,2026-06-18 10:34:28,10,tech,1444,1265,33,8,16,406
2846,2026-06-18 08:59:28,8,tech,5787,5392,114,61,105,289
2847,2026-04-25 10:07:36,10,business,11407,9567,228,60,40,172
2848,2026-03-07 08:02:52,8,design,11654,10424,609,37,48,313
2849,2026-08-12 18:44:34,18,business,675,526,9,1,3,178
2850,2026-05-29 09:42:36,9,design,5698,3896,329,24,8,331
2851,2026-08-16 16:58:56,16,tech,1893,1603,46,21,29,375
2852,2026-05-10 00:13:17,0,tech,1162,896,20,6,13,476
2853,2026-08-01 18:39:46,18,tech,5167,4894,184,38,62,217
2854,2026-04-05 07:22:32,7,design,3081,2384,205,16,9,197
2855,2026-07-24 13:50:44,13,tech,2720,2550,56,16,49,337
2856,2026-08-12 11:35:13,11,tech,4304,3505,81,44,66,475
2857,2026-03-08 18:40:32,18,tech,7333,6813,259,85,131,326
2858,2026-05-12 14:42:50,14,tech,460,370,12,4,5,121
2859,2026-06-26 12:47:54,12,tech,886,837,23,4,12,388
2860,2026-05-20 14:11:20,14,design,857,603,42,2,3,260
2861,2026-05-13 18:25:18,18,tech,1911,1637,33,11,25,531
2862,2026-03-11 08:35:33,8,tech,8112,6348,182,66,93,388
2863,2026-07-09 15:22:51,15,design,1008,882,66,1,2,241
2864,2026-03-19 16:55:11,16,tech,624,502,19,7,4,443
2865,2026-06-18 09:18:10,9,tech,1879,1675,36,23,31,648
2866,2026-04-17 11:23:08,11,design,7764,6568,388,31,16,278
2867,2026-05-19 15:25:08,15,business,732,637,14,2,5,219
2868,2026-06-22 17:15:05,17,tech,5680,4447,172,64,38,154
2869,2026-06-16 10:46:16,10,tech,8720,8162,174,67,114,516
2870,2026-02-23 19:13:07,19,business,852,808,21,6,6,79
2871,2026-06-17 09:12:50,9,business,7415,5609,107,17,32,139
2872,2026-05-05 09:03:49,9,business,33308,28127,283,167,243,158
2873,2026-05-24 16:13:40,16,design,11501,10656,953,25,51,279
2874,2026-06-11 15:50:13,15,design,10803,9526,648,67,20,290
2875,2026-07-25 16:37:23,16,tech,6128,5565,123,35,76,497
2876,2026-05-06 12:45:50,12,tech,877,670,13,5,9,259
2877,2026-07-06 07:00:56,7,design,3490,2960,155,21,12,363
2878,2026-05-22 08:11:48,8,tech,2369,1843,39,16,31,355
2879,2026-06-11 20:52:36,20,tech,3426,2749,102,37,51,604
2880,2026-08-18 11:44:53,11,design,3078,2549,182,7,15,278
2881,2026-03-22 15:18:32,15,tech,11946,9983,328,56,105,442
2882,2026-04-13 18:08:48,18,tech,7326,5466,125,55,88,367
2883,2026-04-09 16:07:52,16,tech,5440,4434,168,63,36,510
2884,2026-04-10 08:54:19,8,design,5501,3660,306,27,21,283
2885,2026-03-16 01:57:07,1,tech,267,209,6,1,1,354
2886,2026-07-20 09:57:32,9,tech,2765,2461,57,34,44,260
2887,2026-07-17 09:59:23,9,tech,1220,1007,26,7,13,523
2888,2026-06-28 12:03:57,12,business,3142,2395,48,9,21,175
2889,2026-04-10 19:04:39,19,tech,906,802,24,10,11,399
2890,2026-05-03 09:48:01,9,business,54325,42799,1104,406,270,229
2891,2026-06-22 10:37:34,10,tech,4260,3527,139,23,68,563
2892,2026-06-05 06:12:22,6,tech,6972,5173,142,63,71,416
2893,2026-06-18 19:08:03,19,tech,5898,5229,176,57,91,192
2894,2026-04-17 12:23:55,12,tech,405,349,11,3,6,282
2895,2026-07-11 15:39:29,15,tech,2038,1544,43,17,20,579
2896,2026-08-12 12:31:28,12,design,1630,1350,82,4,5,325
2897,2026-02-22 16:39:48,16,tech,2849,2422,94,21,34,567
2898,2026-05-24 09:46:59,9,business,1173,873,15,5,7,139
2899,2026-04-01 10:14:38,10,tech,481,420,13,4,4,312
2900,2026-05-23 12:51:43,12,design,5552,4702,369,20,24,277
2901,2026-07-21 11:38:30,11,design,4354,2894,149,12,12,320
2902,2026-06-11 07:58:34,7,tech,3636,2870,78,25,35,190
2903,2026-08-14 11:26:14,11,design,26792,23413,1572,61,60,309
2904,2026-06-07 08:11:55,8,tech,1869,1687,35,17,16,432
2905,2026-06-28 19:19:15,19,tech,16792,12704,254,78,164,331
2906,2026-06-17 10:15:32,10,business,9051,7530,102,49,30,132
2907,2026-05-17 17:39:16,17,tech,7107,5493,123,29,74,339
2908,2026-04-14 07:12:27,7,tech,7215,6763,186,89,105,362
2909,2026-04-11 10:19:04,10,tech,3360,2806,109,14,25,378
2910,2026-07-06 10:39:11,10,tech,67695,63540,2213,484,517,235
2911,2026-05-30 13:23:32,13,business,432,295,7,2,1,219
2912,2026-05-02 15:54:11,15,design,11404,9101,779,62,31,296
2913,2026-04-20 09:42:12,9,tech,2998,2187,47,24,23,585
2914,2026-05-07 10:39:08,10,design,939,688,54,4,3,262
2915,2026-05-23 18:30:02,18,design,2142,1553,139,8,4,201
2916,2026-03-24 08:19:52,8,tech,2050,1441,49,9,17,269
2917,2026-04-26 15:52:05,15,tech,798,596,20,6,10,519
2918,2026-03-11 17:33:11,17,tech,20716,15306,568,122,151,386
2919,2026-02-28 20:48:23,20,tech,15265,12898,479,171,241,452
2920,2026-06-15 06:28:54,6,tech,12853,8982,355,108,100,444
2921,2026-03-23 13:17:42,13,tech,14126,10157,220,101,178,601
2922,2026-06-21 06:16:54,6,business,209,185,5,1,1,197
2923,2026-04-11 10:51:50,10,tech,8401,6160,133,81,65,566
2924,2026-03-02 15:27:44,15,tech,1314,989,34,8,13,375
2925,2026-08-14 12:17:24,12,design,205,183,9,0,0,266
2926,2026-07-30 17:20:40,17,tech,1352,1013,35,14,9,571
2927,2026-07-31 12:48:51,12,tech,3398,3145,92,32,30,445
2928,2026-05-19 19:47:15,19,tech,2585,1835,52,24,26,510
2929,2026-04-11 10:35:50,10,design,513,421,31,2,2,320
2930,2026-07-30 14:00:51,14,tech,21225,14053,446,95,218,365
2931,2026-03-10 10:05:33,10,design,12269,11303,651,45,51,307
2932,2026-04-25 08:26:11,8,design,2935,2375,188,12,13,359
2933,2026-07-03 11:30:48,11,design,5320,4045,314,28,22,269
2934,2026-07-27 13:37:36,13,design,7705,6717,414,36,25,371
2935,2026-07-16 17:15:28,17,tech,13625,10174,299,69,101,433
2936,2026-07-30 10:51:38,10,design,7034,6679,370,48,30,337
2937,2026-05-12 18:43:19,18,design,1167,912,81,2,4,274
2938,2026-03-12 12:27:55,12,tech,4671,3741,86,34,35,507
2939,2026-07-07 06:50:16,6,tech,807,539,17,2,10,509
2940,2026-04-17 17:41:39,17,business,4119,3590,79,27,30,152
2941,2026-05-21 13:02:31,13,business,5934,4784,120,35,28,128
2942,2026-05-26 13:32:33,13,design,11207,9243,685,69,36,215
2943,2026-06-15 19:34:41,19,tech,446,422,12,5,5,508
2944,2026-05-26 16:34:51,16,tech,1982,1817,39,23,33,454
2945,2026-08-19 16:14:09,16,tech,1475,1388,31,11,19,247
2946,2026-04-14 08:00:36,8,tech,5470,3599,123,32,70,542
2947,2026-06-19 13:46:45,13,design,3229,2446,177,15,7,330
2948,2026-05-12 09:10:48,9,tech,2876,2715,82,34,42,309
2949,2026-06-18 07:26:07,7,tech,447,401,13,3,7,595
2950,2026-07-03 17:01:22,17,tech,2206,1988,62,25,33,287
2951,2026-05-13 11:09:28,11,design,5269,4762,239,16,23,288
2952,2026-08-06 18:07:20,18,design,2871,2117,181,11,6,294
2953,2026-05-07 13:01:02,13,tech,4988,4510,131,25,36,411
2954,2026-05-11 18:42:07,18,design,11840,9945,600,76,48,306
2955,2026-06-15 00:41:08,0,business,650,449,9,4,3,155
2956,2026-04-24 15:26:02,15,tech,999,711,18,7,12,387
2957,2026-07-17 16:00:19,16,tech,11429,7438,158,58,145,426
2958,2026-08-09 18:57:21,18,design,7424,5159,372,26,10,302
2959,2026-04-28 09:50:57,9,business,28463,19333,273,162,139,156
2960,2026-03-28 16:45:25,16,tech,13867,9524,202,50,129,273
2961,2026-08-01 07:54:23,7,business,1571,1182,27,4,7,135
2962,2026-04-25 17:09:02,17,tech,1043,727,19,4,9,306
2963,2026-04-30 23:55:45,23,tech,3698,2701,83,20,39,227
2964,2026-05-31 08:34:12,8,business,27151,18001,440,59,176,181
2965,2026-04-27 11:30:28,11,design,5420,5097,396,23,12,338
2966,2026-02-28 14:17:13,14,business,3234,2857,63,19,27,187
2967,2026-06-29 10:25:00,10,tech,5434,4172,95,47,54,356
2968,2026-06-15 09:49:58,9,business,3338,3134,43,26,21,138
2969,2026-02-25 10:55:43,10,tech,2456,2185,81,31,43,325
2970,2026-05-26 15:54:42,15,design,2268,1942,147,9,6,311
2971,2026-08-16 18:47:06,18,tech,956,772,17,10,10,308
2972,2026-03-06 09:21:11,9,business,3068,2393,55,12,23,197
2973,2026-04-06 11:45:01,11,tech,4765,4073,83,30,62,568
2974,2026-06-18 18:41:13,18,tech,12498,8789,221,53,102,273
2975,2026-06-18 09:23:53,9,design,2997,2278,142,16,7,292
2976,2026-03-09 08:01:20,8,tech,746,618,16,4,6,486
2977,2026-06-24 17:30:48,17,tech,51938,40636,955,204,455,268
2978,2026-04-13 21:10:31,21,tech,2702,1817,39,11,19,446
2979,2026-04-21 08:59:50,8,design,404,340,23,2,1,325
2980,2026-06-10 15:47:28,15,design,601,511,42,1,1,243
2981,2026-04-09 10:11:50,10,tech,5735,5012,163,38,53,332
2982,2026-05-02 06:31:15,6,tech,1018,711,15,10,7,376
2983,2026-05-05 22:40:55,22,business,3012,2631,78,11,11,133
2984,2026-07-02 16:11:23,16,business,1020,671,13,2,6,157
2985,2026-04-03 11:48:22,11,design,6696,5022,342,39,23,319
2986,2026-06-13 21:31:08,21,tech,19404,14163,461,192,141,117
2987,2026-04-06 14:33:45,14,design,5135,3570,262,7,20,395
2988,2026-05-16 14:04:33,14,tech,11311,7738,187,49,152,437
2989,2026-05-02 06:48:41,6,tech,6743,4647,122,40,77,159
2990,2026-03-20 22:30:31,22,business,1092,719,12,3,7,182
2991,2026-06-30 14:21:45,14,tech,24593,20179,468,122,377,362
2992,2026-06-09 10:40:16,10,tech,4773,4445,92,48,84,342
2993,2026-06-07 17:08:05,17,tech,614,537,16,6,8,340
2994,2026-03-17 10:03:00,10,tech,4280,3617,72,46,38,330
2995,2026-05-25 16:04:39,16,tech,444,340,12,3,3,338
2996,2026-02-24 16:24:26,16,tech,2649,2071,45,21,18,517
2997,2026-05-13 16:56:05,16,design,2142,1422,92,4,7,347
2998,2026-08-06 16:21:28,16,design,1372,1111,66,6,4,268
2999,2026-05-27 13:59:00,13,business,836,702,7,5,4,116
3000,2026-08-09 20:13:04,20,tech,6302,4829,178,69,45,532
3001,2026-07-24 10:26:40,10,business,7043,6332,105,34,59,153
3002,2026-06-08 15:39:24,15,business,6343,4259,125,31,29,164
3003,2026-03-21 08:53:19,8,business,3654,2777,52,19,27,173
3004,2026-05-16 10:14:49,10,design,2129,1978,173,15,9,329
3005,2026-07-07 18:20:15,18,business,321,230,3,1,1,106
3006,2026-08-02 17:44:48,17,tech,2650,2343,47,29,42,442
3007,2026-07-28 08:55:46,8,business,6688,5904,147,25,41,210
3008,2026-06-15 11:28:34,11,design,10087,6563,351,33,27,322
3009,2026-02-23 14:32:45,14,design,9687,7813,636,48,43,308
3010,2026-05-20 09:59:24,9,tech,3141,2506,91,20,22,445
3011,2026-03-05 16:19:17,16,design,2352,1737,102,12,9,354
3012,2026-05-23 08:57:44,8,design,4336,2868,190,15,12,375
3013,2026-02-23 15:08:30,15,tech,3812,3477,110,24,40,334
3014,2026-05-07 17:50:42,17,design,7965,5967,497,44,12,306
3015,2026-06-10 11:02:12,11,business,7824,5946,149,21,50,156
3016,2026-04-16 18:00:29,18,design,8799,5744,362,20,27,326
3017,2026-06-13 16:44:28,16,tech,15673,13409,406,148,250,264
3018,2026-02-22 11:11:33,11,tech,5624,4690,99,27,92,450
3019,2026-03-18 19:57:32,19,tech,1084,986,32,11,14,333
3020,2026-03-21 04:00:42,4,design,1662,1134,69,4,6,311
3021,2026-06-22 03:22:58,3,design,211,179,14,1,0,296
3022,2026-08-10 23:41:31,23,tech,9000,8133,204,87,127,462
3023,2026-08-14 10:44:28,10,tech,11520,8550,326,54,103,199
3024,2026-03-03 11:55:45,11,business,58355,55273,678,218,280,136
3025,2026-05-24 00:52:22,0,tech,2131,1705,43,14,26,407
3026,2026-02-23 16:16:39,16,design,1682,1382,83,9,4,352
3027,2026-07-20 09:27:07,9,design,4823,4518,397,19,14,259
3028,2026-05-10 15:33:40,15,design,385,348,28,1,1,418
3029,2026-05-31 16:20:55,16,tech,540,411,12,4,6,490
3030,2026-05-06 19:32:08,19,tech,410,273,9,3,3,447
3031,2026-03-29 14:42:00,14,design,2333,1593,113,7,4,272
3032,2026-05-23 15:00:37,15,tech,2199,1666,33,10,28,435
3033,2026-07-06 11:04:57,11,design,10228,9103,777,38,50,320
3034,2026-06-15 06:13:34,6,design,896,607,41,3,3,302
3035,2026-07-11 14:14:06,14,business,1913,1559,15,14,9,155
3036,2026-04-17 17:55:01,17,design,2813,2384,202,14,8,249
3037,2026-04-26 14:56:37,14,tech,2878,2528,74,20,21,406
3038,2026-07-23 15:04:38,15,design,326,251,12,0,0,244
3039,2026-04-19 12:39:59,12,design,32447,27648,1637,75,139,303
3040,2026-05-09 11:10:48,11,design,52712,34791,2740,221,160,316
3041,2026-04-10 12:20:27,12,tech,6530,5670,203,45,57,655
3042,2026-04-06 05:44:28,5,design,5451,4142,288,20,10,263
3043,2026-03-23 12:28:23,12,tech,7951,5651,155,60,69,583
3044,2026-05-01 09:00:43,9,tech,4750,3141,104,36,42,313
3045,2026-07-10 17:20:30,17,tech,282,185,6,2,3,471
3046,2026-02-23 13:34:54,13,business,17038,12372,170,111,75,201
3047,2026-05-29 11:43:19,11,business,14053,11807,226,58,97,166
3048,2026-04-24 12:17:32,12,tech,1798,1393,44,7,13,504
3049,2026-08-03 23:37:12,23,tech,494,461,13,5,5,334
3050,2026-03-20 08:01:03,8,tech,4488,4001,141,35,34,457
3051,2026-04-19 12:24:11,12,design,5251,4096,323,31,22,303
3052,2026-07-11 09:16:25,9,business,831,756,14,7,6,216
3053,2026-07-04 13:19:28,13,design,5990,5103,330,31,24,285
3054,2026-05-26 13:10:16,13,tech,719,559,13,6,8,257
3055,2026-06-09 15:26:43,15,business,1903,1247,27,11,7,153
3056,2026-04-09 22:51:16,22,tech,14242,10309,383,136,84,310
3057,2026-05-16 11:59:12,11,tech,2106,1775,60,14,17,371
3058,2026-06-23 12:23:55,12,business,4827,4036,74,32,17,133
3059,2026-04-16 18:24:26,18,tech,3018,2831,96,20,27,174
3060,2026-05-30 23:59:34,23,tech,507,422,15,3,7,236
3061,2026-06-22 18:07:01,18,design,60717,46646,2421,360,268,311
3062,2026-07-23 06:48:16,6,tech,6803,6393,201,56,87,376
3063,2026-06-12 12:40:34,12,business,1723,1417,23,6,11,136
3064,2026-02-21 08:35:36,8,design,90751,83005,6762,472,357,178
3065,2026-05-24 11:29:11,11,design,2166,1986,105,12,8,302
3066,2026-06-22 20:26:23,20,business,305,239,2,0,1,138
3067,2026-05-05 20:36:04,20,tech,2800,2050,47,16,22,529
3068,2026-05-12 17:14:34,17,design,7867,6786,481,30,33,259
3069,2026-06-14 17:55:39,17,design,128672,87099,6952,298,469,263
3070,2026-03-14 19:12:55,19,design,5788,4646,342,33,22,383
3071,2026-05-13 09:11:49,9,tech,6924,6522,219,36,118,263
3072,2026-03-17 11:54:39,11,tech,38681,27167,596,156,299,435
3073,2026-07-12 16:38:52,16,design,3079,2045,141,15,9,301
3074,2026-08-09 09:30:27,9,tech,1399,1122,35,10,14,535
3075,2026-02-26 14:08:29,14,tech,1119,737,25,5,6,487
3076,2026-02-28 17:40:02,17,tech,1633,1207,39,11,19,399
3077,2026-05-22 23:27:50,23,business,12784,11626,169,46,91,205
3078,2026-07-07 09:28:15,9,business,939,744,18,4,6,144
3079,2026-03-20 00:51:46,0,design,2391,2264,150,18,10,285
3080,2026-03-26 10:16:49,10,tech,6138,5286,190,32,63,368
3081,2026-03-30 11:11:49,11,tech,40371,37663,1303,309,404,413
3082,2026-06-02 20:10:08,20,tech,15392,10551,359,61,119,536
3083,2026-04-20 09:16:34,9,design,3230,2251,197,11,12,306
3084,2026-06-16 14:42:42,14,business,26155,24150,413,86,99,117
3085,2026-05-27 18:38:22,18,design,12297,8265,598,26,49,190
3086,2026-03-21 11:50:37,11,tech,5286,4548,119,60,57,464
3087,2026-03-02 12:05:15,12,tech,1471,1287,39,13,14,464
3088,2026-07-24 11:43:08,11,tech,18836,13670,537,122,171,540
3089,2026-04-10 16:56:10,16,tech,7691,6558,156,92,94,376
3090,2026-05-21 01:08:05,1,tech,558,473,9,5,9,357
3091,2026-06-19 20:06:35,20,tech,2526,1891,74,22,15,317
3092,2026-03-04 13:25:59,13,tech,696,564,11,2,7,498
3093,2026-07-07 09:51:01,9,design,3323,3130,201,10,15,226
3094,2026-05-12 08:27:49,8,business,2168,1904,36,7,9,147
3095,2026-04-08 10:51:59,10,design,18374,12596,973,57,29,240
3096,2026-06-05 14:15:21,14,design,710,527,32,3,1,366
3097,2026-05-29 17:40:56,17,business,10555,7106,127,51,61,119
3098,2026-07-02 18:03:34,18,tech,917,812,24,9,15,423
3099,2026-03-26 12:41:59,12,tech,5736,3798,129,41,55,601
3100,2026-03-14 09:54:25,9,design,13125,10265,900,35,47,348
3101,2026-07-29 17:15:15,17,tech,5475,3888,131,53,72,305
3102,2026-03-17 07:10:31,7,business,4294,3190,93,23,19,168
3103,2026-05-23 15:25:15,15,tech,2116,1628,34,18,22,212
3104,2026-08-02 15:01:37,15,tech,738,660,14,7,9,389
3105,2026-04-30 10:51:18,10,design,24193,20351,1041,81,79,343
3106,2026-06-05 07:31:10,7,business,1737,1162,28,9,7,236
3107,2026-05-06 08:57:14,8,design,10519,9515,623,41,32,264
3108,2026-04-22 00:55:42,0,business,828,557,12,5,3,175
3109,2026-05-27 16:20:31,16,tech,3729,2774,90,18,31,281
3110,2026-07-10 09:46:20,9,tech,12226,11438,335,92,180,429
3111,2026-05-19 07:53:08,7,design,16971,15746,1325,97,70,268
3112,2026-06-16 05:56:02,5,tech,249,189,6,1,1,382
3113,2026-05-30 09:11:59,9,design,13194,12037,685,73,64,251
3114,2026-03-15 09:52:46,9,business,1474,1046,24,4,6,114
3115,2026-03-23 14:02:09,14,design,2852,2396,154,10,8,313
3116,2026-03-08 19:05:56,19,tech,4866,3778,148,32,64,291
3117,2026-04-17 17:57:10,17,tech,13099,12316,401,83,239,347
3118,2026-06-21 07:37:03,7,design,1581,1076,61,5,4,194
3119,2026-05-23 15:57:22,15,tech,4955,3454,132,29,42,473
3120,2026-06-27 12:19:43,12,design,2994,2646,216,14,13,351
3121,2026-06-10 11:15:11,11,design,1983,1344,96,8,4,307
3122,2026-07-30 14:25:30,14,tech,817,736,23,8,9,378
3123,2026-02-27 09:13:13,9,design,2747,1859,137,12,10,329
3124,2026-05-06 16:05:57,16,tech,3194,2363,84,19,29,411
3125,2026-06-25 23:12:49,23,tech,5883,5246,195,33,74,321
3126,2026-05-31 18:01:22,18,business,14570,11856,310,51,92,107
3127,2026-05-03 16:22:15,16,tech,15210,12445,431,126,135,259
3128,2026-08-02 10:36:45,10,tech,19089,12474,433,137,231,91
3129,2026-06-02 17:06:45,17,design,4230,3459,236,11,7,252
3130,2026-06-25 16:13:08,16,design,11180,9387,586,44,31,193
3131,2026-04-06 19:20:30,19,business,2249,1926,55,16,19,169
3132,2026-04-24 09:01:03,9,design,20532,17568,1201,82,87,303
3133,2026-07-25 11:49:48,11,design,1074,810,69,5,4,340
3134,2026-02-21 06:32:39,6,design,1004,832,50,4,3,302
3135,2026-02-27 09:29:17,9,design,1225,1070,74,5,4,268
3136,2026-07-20 13:25:29,13,tech,8561,7904,193,55,88,405
3137,2026-06-09 20:08:31,20,business,4679,3188,56,21,20,121
3138,2026-06-09 11:12:47,11,tech,3093,2844,74,42,42,324
3139,2026-06-21 17:41:43,17,tech,3171,2426,94,14,44,234
3140,2026-04-26 15:05:53,15,tech,2050,1907,65,19,21,404
3141,2026-08-09 18:13:29,18,tech,16436,13868,388,102,180,526
3142,2026-07-02 19:43:59,19,tech,14845,9978,369,51,152,263
3143,2026-04-26 18:25:07,18,design,7322,6765,393,24,21,304
3144,2026-05-05 14:30:13,14,design,635,450,28,2,1,376
3145,2026-06-17 19:28:43,19,design,1990,1415,80,9,4,228
3146,2026-03-16 17:15:41,17,business,33966,30730,668,188,285,116
3147,2026-05-23 16:35:20,16,tech,5411,4833,160,52,80,264
3148,2026-07-04 18:59:37,18,business,2937,2362,50,13,16,104
3149,2026-03-04 08:35:05,8,tech,11537,9913,383,65,131,587
3150,2026-02-24 20:56:16,20,business,6731,4916,87,45,25,122
3151,2026-04-21 18:40:58,18,design,3379,2656,141,13,14,353
3152,2026-06-10 14:15:21,14,design,3346,2276,128,5,12,278
3153,2026-08-10 14:30:53,14,business,910,802,22,5,5,137
3154,2026-05-12 16:08:08,16,tech,722,629,21,7,10,443
3155,2026-07-26 10:24:09,10,tech,2176,1948,56,14,29,320
3156,2026-04-21 08:39:55,8,tech,6351,4996,103,69,95,507
3157,2026-05-10 15:26:25,15,tech,9789,9193,284,55,80,521
3158,2026-06-25 14:22:04,14,tech,9962,8289,317,106,151,385
3159,2026-05-16 10:42:32,10,design,2043,1582,99,12,4,287
3160,2026-03-30 17:20:09,17,tech,992,929,23,10,12,257
3161,2026-03-29 07:10:24,7,business,1603,1373,30,5,5,212
3162,2026-02-21 09:39:18,9,design,5107,3642,309,25,18,267
3163,2026-06-14 13:42:53,13,design,478,334,18,0,1,333
3164,2026-06-15 10:12:51,10,business,6027,4308,102,37,42,137
3165,2026-04-22 04:04:35,4,tech,581,455,13,4,5,384
3166,2026-03-22 15:10:14,15,business,2451,1814,52,15,17,155
3167,2026-03-08 18:31:35,18,business,5625,4967,61,22,36,113
3168,2026-07-31 23:37:45,23,tech,977,791,17,7,8,319
3169,2026-04-23 09:45:16,9,design,3943,3060,157,16,14,271
3170,2026-06-22 09:33:01,9,tech,3799,2649,83,29,29,536
3171,2026-07-30 11:51:12,11,tech,288,259,5,2,2,405
3172,2026-07-27 20:00:17,20,tech,10096,8048,212,58,72,468
3173,2026-04-20 10:28:56,10,design,2128,1515,126,8,8,354
3174,2026-06-03 13:58:46,13,tech,4051,3740,136,47,66,446
3175,2026-05-09 16:07:08,16,tech,3759,3454,132,28,32,388
3176,2026-06-27 06:43:48,6,tech,634,534,18,6,8,314
3177,2026-06-26 10:10:34,10,tech,2626,2008,41,14,32,384
3178,2026-06-30 11:41:41,11,tech,30873,29308,750,416,396,457
3179,2026-05-03 15:33:00,15,tech,5031,4663,102,61,84,545
3180,2026-04-22 09:03:25,9,tech,5588,3839,150,39,62,399
3181,2026-05-13 22:52:16,22,tech,4061,2857,77,38,32,448
3182,2026-03-22 12:21:13,12,business,1965,1699,17,14,15,100
3183,2026-05-12 14:03:38,14,tech,213,190,5,1,2,233
3184,2026-05-27 15:23:30,15,tech,903,848,24,8,8,412
3185,2026-07-07 17:52:27,17,tech,8251,7007,156,94,119,448
3186,2026-03-14 03:35:19,3,tech,4177,2938,62,22,41,336
3187,2026-07-14 10:21:43,10,design,5347,4446,225,17,14,249
3188,2026-07-10 15:18:02,15,tech,5501,4063,99,60,40,271
3189,2026-05-24 11:42:12,11,design,4174,3779,255,13,9,364
3190,2026-03-25 09:36:00,9,tech,7080,6498,148,87,75,398
3191,2026-05-10 10:18:37,10,tech,15125,12609,435,159,220,234
3192,2026-05-21 13:48:23,13,tech,513,350,7,3,3,257
3193,2026-07-22 08:52:57,8,design,685,482,37,0,1,290
3194,2026-05-14 12:21:27,12,design,3839,3631,185,26,8,282
3195,2026-06-25 12:27:49,12,tech,7116,5482,110,70,86,149
3196,2026-04-22 12:58:54,12,tech,36631,28957,1103,407,369,435
3197,2026-07-23 12:01:38,12,business,4939,4452,86,35,23,158
3198,2026-03-27 16:10:38,16,tech,2315,1659,52,8,25,406
3199,2026-05-28 15:07:56,15,business,5420,4334,90,18,31,140
3200,2026-02-24 18:43:51,18,business,1946,1756,44,14,16,113
3201,2026-07-31 15:40:30,15,business,3296,2246,26,19,14,63
3202,2026-07-13 10:50:46,10,tech,20634,18874,495,121,353,444
3203,2026-04-07 11:44:48,11,tech,2423,1729,43,11,16,356
3204,2026-08-14 16:50:18,16,tech,3345,2349,72,23,45,296
3205,2026-05-18 17:36:36,17,business,2931,1906,32,16,11,173
3206,2026-08-16 17:57:31,17,design,1502,1044,73,5,2,302
3207,2026-04-06 15:38:51,15,tech,4045,3335,112,26,45,450
3208,2026-03-04 15:17:54,15,design,33184,28591,2295,81,144,292
3209,2026-08-06 09:48:50,9,tech,8202,5977,150,61,89,428
3210,2026-03-26 20:49:00,20,design,916,713,56,4,1,297
3211,2026-03-11 12:45:46,12,design,1256,1189,90,6,4,233
3212,2026-03-25 00:00:01,0,tech,3055,2714,79,24,41,505
3213,2026-03-02 01:01:48,1,design,808,610,34,4,2,212
3214,2026-03-27 19:21:28,19,tech,4810,3252,76,21,36,408
3215,2026-05-06 08:13:00,8,business,18422,13577,343,61,112,114
3216,2026-07-20 16:58:52,16,tech,5247,4880,173,29,94,317
3217,2026-08-06 16:08:25,16,business,2209,2081,24,9,20,105
3218,2026-05-09 08:46:28,8,design,2900,2330,189,15,9,273
3219,2026-08-10 08:06:40,8,business,61827,54656,1425,173,428,146
3220,2026-04-26 06:31:51,6,design,18368,17166,1436,64,39,323
3221,2026-06-17 10:27:42,10,design,3735,2589,192,7,13,321
3222,2026-05-15 15:03:14,15,business,1803,1537,21,11,7,165
3223,2026-03-23 09:14:23,9,design,26804,20144,1023,93,73,305
3224,2026-05-01 08:58:53,8,design,3095,2138,169,16,10,230
3225,2026-05-12 14:06:02,14,tech,1454,948,20,11,12,430
3226,2026-08-01 08:57:36,8,business,1788,1167,23,10,9,111
3227,2026-07-29 18:53:27,18,tech,12491,10483,241,63,172,342
3228,2026-04-11 18:27:00,18,business,21743,19273,541,192,114,175
3229,2026-08-05 16:41:54,16,tech,2086,1808,43,23,20,372
3230,2026-06-04 15:23:09,15,business,2982,2706,70,18,22,157
3231,2026-07-03 14:05:51,14,tech,4633,3203,101,26,41,546
3232,2026-07-24 12:07:04,12,business,6319,5926,176,45,34,142
3233,2026-03-23 14:52:30,14,tech,32379,23726,796,171,464,402
3234,2026-05-14 08:11:05,8,tech,3360,2422,63,30,23,408
3235,2026-08-15 10:11:17,10,design,13728,8965,532,32,26,277
3236,2026-04-20 19:42:39,19,business,2009,1572,45,15,6,148
3237,2026-04-02 03:05:35,3,tech,658,485,16,6,7,326
3238,2026-06-11 10:50:00,10,tech,854,696,24,5,6,402
3239,2026-08-04 09:47:20,9,tech,10984,7367,234,73,111,294
3240,2026-06-01 16:20:57,16,business,1134,940,21,8,8,126
3241,2026-04-05 18:48:01,18,tech,24389,20933,571,149,398,447
3242,2026-02-22 20:55:48,20,design,8997,6430,514,49,29,224
3243,2026-05-19 03:27:36,3,tech,3884,2802,68,36,33,421
3244,2026-06-10 18:05:24,18,design,2013,1435,128,4,7,310
3245,2026-07-17 09:29:18,9,tech,3260,2926,60,35,32,286
3246,2026-03-09 18:50:48,18,tech,4629,4201,110,40,47,584
3247,2026-05-26 13:17:17,13,tech,3210,2705,62,28,48,380
3248,2026-05-11 05:46:22,5,business,7167,6237,174,28,59,159
3249,2026-05-25 00:28:51,0,design,1158,765,50,4,3,260
3250,2026-07-03 17:13:22,17,tech,3699,3362,91,30,46,298
3251,2026-05-26 06:24:33,6,tech,4313,3584,124,21,51,306
3252,2026-04-20 18:28:14,18,business,4156,2722,77,19,20,140
3253,2026-05-18 14:25:28,14,design,4243,3870,291,26,14,284
3254,2026-07-10 09:40:35,9,business,8406,6246,69,44,37,165
3255,2026-04-27 08:27:59,8,business,1620,1103,28,6,5,114
3256,2026-05-02 07:31:01,7,tech,2656,1762,46,23,15,295
3257,2026-02-27 20:20:26,20,tech,1145,959,28,6,7,445
3258,2026-04-01 08:05:19,8,tech,41474,33183,1056,266,499,260
3259,2026-07-02 16:47:42,16,tech,1516,1283,27,18,24,430
3260,2026-03-02 19:35:29,19,design,1964,1626,137,8,8,296
3261,2026-04-09 13:32:59,13,business,1441,1166,26,6,6,159
3262,2026-07-09 19:02:51,19,business,1314,952,12,3,9,111
3263,2026-08-15 15:47:18,15,business,10231,9591,175,66,64,142
3264,2026-03-21 11:20:39,11,tech,1958,1547,43,11,22,219
3265,2026-05-19 14:30:57,14,tech,1595,1306,30,13,14,380
3266,2026-02-25 14:27:58,14,business,1786,1255,16,6,9,151
3267,2026-05-26 07:25:46,7,tech,650,495,18,3,6,384
3268,2026-03-17 15:15:50,15,design,2534,2330,175,18,7,393
3269,2026-05-12 05:27:28,5,tech,6360,5892,229,35,91,451
3270,2026-06-12 14:48:10,14,tech,2939,2566,73,36,33,417
3271,2026-05-26 13:41:28,13,business,6909,6347,119,37,34,182
3272,2026-05-20 09:16:15,9,design,27662,23756,1737,182,83,265
3273,2026-04-15 17:28:43,17,design,8238,5928,435,21,12,222
3274,2026-08-02 16:13:45,16,tech,3563,2859,80,18,54,295
3275,2026-07-01 13:22:23,13,design,2696,2427,177,12,10,331
3276,2026-06-24 14:32:42,14,business,7194,5503,55,38,40,171
3277,2026-06-26 08:37:08,8,business,26647,21311,300,210,116,159
3278,2026-07-07 12:11:16,12,design,2115,1912,125,11,7,236
3279,2026-03-06 18:55:49,18,tech,1298,1231,31,10,10,499
3280,2026-08-10 13:29:47,13,business,2609,1814,33,11,13,153
3281,2026-07-27 06:13:30,6,tech,6685,5101,137,34,66,428
3282,2026-04-19 20:58:35,20,design,7894,7266,402,42,35,262
3283,2026-04-26 23:49:55,23,tech,1242,1045,34,12,12,367
3284,2026-05-11 18:04:07,18,tech,1427,1183,31,17,11,508
3285,2026-04-09 08:30:29,8,business,9866,6506,126,64,26,170
3286,2026-04-21 18:35:54,18,business,4282,3316,43,15,33,153
3287,2026-05-22 10:37:34,10,tech,5364,4938,99,48,55,297
3288,2026-07-05 18:34:11,18,tech,4098,3803,121,36,61,377
3289,2026-04-12 04:28:54,4,tech,276,212,7,1,3,408
3290,2026-04-17 10:16:10,10,design,1506,1067,75,7,4,371
3291,2026-06-26 10:18:40,10,design,6750,4777,270,28,20,320
3292,2026-05-19 16:35:54,16,design,15782,10403,675,80,22,299
3293,2026-04-16 22:34:27,22,tech,1551,1099,24,6,19,309
3294,2026-04-26 08:31:48,8,design,1470,1221,78,6,2,363
3295,2026-07-11 09:20:39,9,tech,6527,5265,139,72,80,534
3296,2026-06-15 09:33:45,9,business,17489,14378,280,100,142,211
3297,2026-03-01 23:21:03,23,tech,1712,1391,54,8,11,421
3298,2026-04-25 15:03:45,15,tech,5259,4317,93,38,46,431
3299,2026-03-08 08:59:34,8,business,1164,1093,21,5,7,135
3300,2026-05-18 13:56:35,13,business,846,765,22,3,3,120
3301,2026-03-03 16:38:27,16,design,5733,4134,232,32,14,374
3302,2026-06-28 09:51:09,9,tech,2453,1668,56,10,21,310
3303,2026-07-24 19:20:28,19,design,7625,6615,449,50,15,325
3304,2026-03-20 08:07:04,8,business,3155,2705,54,26,14,158
3305,2026-04-06 08:43:49,8,design,41990,28128,2020,209,134,255
3306,2026-07-01 08:36:01,8,tech,1372,939,27,13,17,504
3307,2026-03-08 03:44:28,3,tech,119,78,2,0,1,470
3308,2026-06-27 15:26:41,15,tech,2922,2056,67,12,25,479
3309,2026-05-10 19:04:18,19,tech,1010,790,18,9,14,394
3310,2026-06-15 18:30:09,18,business,8834,6501,160,62,40,144
3311,2026-07-20 17:44:23,17,tech,11335,9125,292,55,178,393
3312,2026-03-13 13:00:07,13,tech,802,705,23,6,6,419
3313,2026-06-07 01:30:56,1,design,951,844,49,3,1,349
3314,2026-05-01 08:45:06,8,design,6276,4619,302,17,15,229
3315,2026-05-09 18:21:12,18,tech,1293,924,24,13,13,358
3316,2026-03-15 11:52:12,11,design,5247,4745,282,22,21,378
3317,2026-05-13 17:24:26,17,design,3708,3112,210,24,6,266
3318,2026-03-29 14:54:57,14,tech,440,347,12,4,5,394
3319,2026-06-17 09:36:35,9,tech,3732,3328,84,24,54,364
3320,2026-06-23 15:31:12,15,design,2483,1731,128,10,10,328
3321,2026-04-15 17:28:34,17,business,1014,668,17,6,4,125
3322,2026-05-19 16:07:36,16,tech,591,526,18,6,9,392
3323,2026-04-10 19:05:31,19,tech,4534,4022,90,24,33,510
3324,2026-07-08 18:06:44,18,design,885,822,43,5,2,302
3325,2026-08-19 15:02:50,15,tech,1799,1202,25,14,13,248
3326,2026-04-09 10:39:59,10,business,2806,2457,36,7,20,146
3327,2026-06-28 08:59:00,8,design,1252,980,74,2,2,381
3328,2026-05-31 17:29:55,17,tech,1635,1222,38,10,12,255
3329,2026-03-13 16:51:30,16,design,206,184,10,1,0,355
3330,2026-07-29 03:52:08,3,design,314,204,13,1,0,272
3331,2026-08-19 14:19:21,14,tech,6872,6080,173,43,79,426
3332,2026-07-05 13:32:14,13,tech,6715,4889,191,69,94,170
3333,2026-05-19 15:36:29,15,design,997,760,52,4,4,262
3334,2026-07-21 17:20:41,17,tech,15550,14198,524,194,139,311
3335,2026-06-06 16:46:25,16,design,6281,5389,277,25,16,333
3336,2026-07-14 16:41:29,16,tech,1927,1524,51,11,29,490
3337,2026-07-19 16:36:10,16,design,9807,8165,725,18,25,346
3338,2026-07-16 16:00:39,16,business,4689,3804,110,24,31,127
3339,2026-07-05 15:54:29,15,business,15367,10056,177,88,88,153
3340,2026-04-17 10:37:10,10,tech,2874,2075,74,12,36,266
3341,2026-07-02 18:31:33,18,design,1156,892,74,6,2,218
3342,2026-07-21 21:59:57,21,tech,36901,30559,820,431,366,323
3343,2026-04-27 10:49:30,10,tech,3834,3638,126,42,66,352
3344,2026-03-05 13:57:35,13,tech,5685,4724,180,66,60,674
3345,2026-04-28 00:20:37,0,tech,8493,8057,274,42,85,405
3346,2026-05-30 18:10:14,18,tech,1538,1065,23,12,8,544
3347,2026-03-25 09:36:48,9,tech,12011,9490,323,105,97,461
3348,2026-06-08 08:49:27,8,tech,5550,4072,107,54,74,555
3349,2026-08-09 18:28:21,18,tech,4556,3969,122,29,58,145
3350,2026-05-19 18:02:51,18,tech,2044,1457,48,11,21,293
3351,2026-03-02 23:50:03,23,design,5240,4045,324,13,23,262
3352,2026-07-05 11:04:30,11,business,2550,2420,67,9,14,152
3353,2026-06-12 21:05:18,21,design,1076,809,49,2,3,305
3354,2026-04-21 19:24:48,19,tech,9207,8375,201,81,130,343
3355,2026-03-06 10:07:33,10,tech,7419,6410,180,64,98,272
3356,2026-08-02 16:47:58,16,tech,3535,2528,81,34,31,441
3357,2026-08-18 17:21:40,17,tech,4173,3645,92,29,53,547
3358,2026-06-12 13:03:34,13,tech,2953,2413,67,14,28,394
3359,2026-04-30 17:14:39,17,tech,4551,3484,78,22,65,419
3360,2026-05-30 07:32:38,7,tech,4523,3267,89,20,57,402
3361,2026-08-09 04:30:16,4,business,1458,1193,18,9,11,98
3362,2026-05-21 17:07:09,17,tech,4306,3491,86,46,45,424
3363,2026-08-18 08:32:52,8,business,2210,1555,35,5,11,168
3364,2026-03-28 16:40:44,16,design,1841,1625,127,5,3,249
3365,2026-04-29 12:10:57,12,design,782,676,53,4,3,319
3366,2026-07-10 21:28:07,21,business,3869,3431,65,16,25,115
3367,2026-08-14 07:54:48,7,tech,1382,1233,30,11,14,366
3368,2026-04-23 11:21:43,11,design,6339,5143,261,10,16,262
3369,2026-03-10 09:04:10,9,tech,13807,9816,384,135,194,583
3370,2026-08-02 19:01:39,19,design,1273,1192,81,7,4,310
3371,2026-08-19 05:44:33,5,design,1218,793,64,1,4,318
3372,2026-06-12 11:26:43,11,tech,1079,720,20,3,9,395
3373,2026-02-25 09:50:29,9,tech,5002,4588,168,42,76,307
3374,2026-05-06 15:21:14,15,design,528,498,36,1,1,328
3375,2026-06-27 13:57:57,13,tech,4258,3655,120,47,33,434
3376,2026-06-25 17:49:13,17,tech,121858,87494,3226,444,806,352
3377,2026-08-18 16:24:24,16,business,419371,392690,8132,3556,3766,124
3378,2026-07-22 09:58:19,9,tech,10358,7651,216,69,72,233
3379,2026-02-26 10:27:07,10,business,8568,7748,186,36,40,159
3380,2026-04-24 08:34:30,8,tech,12183,10631,309,154,117,377
3381,2026-05-11 08:27:49,8,tech,546,454,13,2,6,607
3382,2026-06-24 07:33:36,7,business,3760,2563,71,12,21,91
3383,2026-07-08 14:20:19,14,tech,16165,15195,387,199,275,249
3384,2026-03-01 16:04:11,16,tech,2641,2420,64,22,26,348
3385,2026-04-20 08:22:02,8,tech,1333,1033,34,14,13,406
3386,2026-03-12 10:24:32,10,tech,790,722,23,7,7,480
3387,2026-06-14 17:17:55,17,design,17831,14360,1209,37,81,310
3388,2026-08-03 10:14:39,10,tech,3994,2766,94,36,42,499
3389,2026-04-09 16:24:19,16,tech,2853,2130,54,31,18,416
3390,2026-05-09 18:40:05,18,tech,4653,4400,136,57,58,388
3391,2026-08-02 18:07:27,18,tech,1405,1102,43,10,16,378
3392,2026-04-14 08:24:51,8,design,6828,5841,387,44,31,342
3393,2026-03-17 19:16:25,19,tech,791,675,18,9,8,462
3394,2026-02-23 20:35:48,20,business,2236,1865,32,10,16,196
3395,2026-06-28 16:23:52,16,tech,5389,3590,94,43,36,408
3396,2026-04-28 10:17:31,10,design,17985,16380,1197,72,47,312
3397,2026-04-27 10:04:28,10,tech,12160,10251,271,115,136,393
3398,2026-04-12 23:10:45,23,design,5298,3581,206,27,15,378
3399,2026-02-27 10:17:48,10,tech,1553,1137,31,7,22,311
3400,2026-03-16 12:09:36,12,tech,494,331,11,4,4,383
3401,2026-02-25 18:56:36,18,tech,6117,4607,142,59,86,330
3402,2026-03-21 18:45:23,18,design,8496,7530,381,36,40,271
3403,2026-06-15 09:56:28,9,tech,1231,1075,31,9,20,376
3404,2026-04-21 07:04:00,7,tech,4958,3675,122,27,31,533
3405,2026-07-20 18:44:01,18,tech,3760,2778,100,14,42,386
3406,2026-07-11 01:49:37,1,tech,473,357,10,5,5,223
3407,2026-04-21 19:34:03,19,tech,13059,12035,298,126,179,229
3408,2026-06-27 12:12:27,12,tech,2884,2508,95,35,48,478
3409,2026-07-07 15:15:08,15,business,975,796,21,7,4,151
3410,2026-04-11 15:36:49,15,tech,1594,1399,55,16,17,399
3411,2026-08-12 17:21:39,17,tech,1624,1056,23,8,16,361
3412,2026-03-10 14:50:02,14,tech,996,727,21,5,9,316
3413,2026-08-15 18:28:02,18,design,1558,1176,90,7,3,227
3414,2026-08-16 17:57:36,17,tech,2745,2470,57,18,32,202
3415,2026-04-26 18:35:01,18,tech,2572,2033,64,25,23,385
3416,2026-05-01 17:29:43,17,design,1258,826,45,4,4,297
3417,2026-03-31 18:45:52,18,tech,10845,8532,194,92,157,439
3418,2026-04-30 10:07:25,10,tech,3406,2777,65,38,45,346
3419,2026-04-29 20:37:46,20,design,3787,3441,240,12,9,345
3420,2026-06-20 08:47:00,8,design,11552,10668,649,38,51,369
3421,2026-08-09 10:36:46,10,design,6210,5587,338,40,14,297
3422,2026-06-10 13:46:08,13,design,1830,1599,139,7,5,250
3423,2026-07-05 12:56:18,12,design,2513,1977,114,9,8,210
3424,2026-04-25 21:08:20,21,design,23064,16658,1265,34,51,228
3425,2026-03-16 08:27:36,8,design,8130,6733,455,30,14,281
3426,2026-07-26 10:21:49,10,design,32616,28876,1887,84,77,323
3427,2026-05-09 06:50:33,6,business,3062,2163,23,9,11,207
3428,2026-07-12 20:08:22,20,design,658,528,47,3,2,324
3429,2026-05-18 10:45:26,10,business,2127,1400,18,6,13,118
3430,2026-03-15 15:44:03,15,design,758,612,53,2,3,348
3431,2026-06-23 10:11:36,10,tech,2188,1969,53,23,21,462
3432,2026-06-10 13:27:20,13,business,1576,1178,33,6,7,145
3433,2026-03-27 09:41:23,9,tech,6012,3911,121,55,49,591
3434,2026-06-28 12:03:14,12,design,1744,1185,105,8,5,283
3435,2026-05-25 01:08:57,1,design,3278,2486,165,12,5,227
3436,2026-07-17 14:20:15,14,tech,5433,4398,135,51,76,452
3437,2026-03-14 09:06:56,9,tech,9482,6178,132,90,87,480
3438,2026-03-19 08:47:03,8,business,5945,4076,70,14,26,94
3439,2026-03-11 16:57:49,16,design,1489,1074,62,5,3,256
3440,2026-06-23 13:09:47,13,business,9653,8018,100,50,35,157
3441,2026-04-02 11:23:31,11,tech,11096,10380,402,78,146,435
3442,2026-03-12 22:26:37,22,business,2945,2133,42,8,9,127
3443,2026-02-21 10:52:15,10,tech,4859,3944,156,21,73,404
3444,2026-07-25 19:54:35,19,business,3370,2957,87,17,19,142
3445,2026-05-11 19:28:53,19,tech,7218,6347,160,57,51,443
3446,2026-08-11 19:37:46,19,tech,7896,5253,205,34,100,516
3447,2026-07-29 14:11:44,14,tech,785,734,17,4,9,168
3448,2026-04-14 08:42:26,8,tech,957,739,23,10,12,506
3449,2026-07-14 15:17:33,15,business,5517,4179,55,16,31,216
3450,2026-05-03 14:46:09,14,business,1388,1052,20,4,7,167
3451,2026-05-31 19:25:06,19,design,4911,3316,237,6,11,297
3452,2026-05-16 14:49:41,14,design,1034,972,56,5,2,228
3453,2026-03-23 10:17:46,10,tech,5744,4688,154,29,59,363
3454,2026-04-28 10:49:24,10,tech,1786,1312,37,10,20,512
3455,2026-05-05 23:21:10,23,design,4902,4265,230,14,15,283
3456,2026-06-09 06:27:02,6,business,2170,1939,24,8,15,119
3457,2026-05-08 17:53:49,17,tech,34804,27223,973,165,258,398
3458,2026-05-17 12:04:39,12,tech,27775,24593,822,257,353,521
3459,2026-06-27 19:06:14,19,tech,10021,7150,176,106,91,354
3460,2026-05-02 11:36:46,11,design,1571,1217,76,7,2,333
3461,2026-05-08 08:49:57,8,tech,6880,5790,166,30,65,263
3462,2026-07-21 19:35:43,19,tech,10587,9860,381,111,128,349
3463,2026-04-01 19:08:55,19,design,1477,1028,62,4,4,278
3464,2026-03-17 10:19:39,10,tech,25918,17046,631,139,195,337
3465,2026-08-11 11:55:43,11,business,6862,5171,81,26,36,141
3466,2026-07-21 15:47:02,15,tech,2628,2038,68,18,36,457
3467,2026-03-29 14:21:49,14,tech,2921,1923,72,21,28,366
3468,2026-03-03 03:58:19,3,tech,736,692,22,7,10,320
3469,2026-04-24 12:34:46,12,design,9681,8212,516,37,47,293
3470,2026-03-07 12:19:45,12,design,790,545,42,3,3,291
3471,2026-06-23 05:12:27,5,design,3970,3757,231,16,11,244
3472,2026-07-06 11:40:27,11,tech,1291,1080,24,11,11,532
3473,2026-06-06 20:03:04,20,tech,20723,17212,408,256,305,367
3474,2026-04-17 15:32:36,15,business,2504,1864,44,10,10,172
3475,2026-04-02 11:10:14,11,tech,4073,3225,101,34,47,302
3476,2026-06-02 09:44:57,9,business,16279,15232,212,135,69,124
3477,2026-03-22 20:18:40,20,business,961,909,18,8,6,161
3478,2026-04-23 09:00:06,9,tech,3019,2059,69,30,31,489
3479,2026-06-02 10:11:32,10,tech,826,538,19,5,8,409
3480,2026-04-21 22:42:09,22,design,5661,4679,353,37,15,345
3481,2026-06-08 09:30:48,9,tech,22871,21716,653,279,341,361
3482,2026-07-12 09:50:05,9,tech,78472,67648,2218,675,817,474
3483,2026-02-27 09:56:19,9,tech,1083,899,35,11,10,241
3484,2026-05-11 10:08:29,10,design,2057,1618,120,6,6,352
3485,2026-03-26 18:35:11,18,tech,6347,5898,145,42,52,418
3486,2026-06-19 06:18:26,6,design,5474,3881,321,17,21,278
3487,2026-03-30 15:20:11,15,design,20544,16684,1145,93,66,202
3488,2026-07-21 16:54:38,16,business,671,574,11,3,3,163
3489,2026-04-16 07:19:57,7,tech,997,833,24,7,6,456
3490,2026-04-05 14:01:58,14,tech,1074,743,26,7,11,448
3491,2026-05-19 15:20:25,15,design,7081,5412,362,19,14,246
3492,2026-07-03 11:42:27,11,business,12936,10788,265,75,49,145
3493,2026-05-11 11:32:12,11,design,3954,3321,206,9,16,301
3494,2026-06-17 18:40:54,18,tech,22049,19948,565,236,227,291
3495,2026-03-07 17:49:35,17,design,1471,997,77,6,3,212
3496,2026-07-03 11:41:05,11,design,3792,2965,219,9,8,233
3497,2026-08-04 10:14:41,10,design,7742,6442,489,32,27,344
3498,2026-06-07 20:47:35,20,design,18631,12453,1024,85,29,270
3499,2026-07-20 09:31:47,9,tech,6913,5689,225,61,69,459
3500,2026-03-07 18:54:17,18,tech,4054,3817,122,44,74,275
3501,2026-06-07 13:16:55,13,tech,2626,2167,54,30,24,489
3502,2026-05-26 04:38:35,4,design,465,387,28,3,2,324
3503,2026-07-31 10:30:45,10,business,2252,1606,27,9,12,143
3504,2026-08-02 00:06:40,0,design,10016,7549,609,44,36,235
3505,2026-04-17 07:17:15,7,tech,879,631,21,8,10,477
3506,2026-07-24 16:41:35,16,tech,2002,1719,52,24,16,282
3507,2026-02-21 12:35:19,12,design,10483,9622,606,37,27,297
3508,2026-06-07 18:41:13,18,business,13251,9493,116,86,58,170
3509,2026-05-04 21:24:46,21,tech,724,555,20,4,6,275
3510,2026-03-02 19:53:34,19,tech,3086,2187,51,12,35,393
3511,2026-06-15 12:34:25,12,tech,14646,13435,531,142,108,197
3512,2026-05-13 09:59:19,9,design,1793,1665,86,3,4,309
3513,2026-07-10 19:56:23,19,business,6559,6096,63,49,34,139
3514,2026-03-12 15:38:53,15,business,3535,2848,83,27,12,192
3515,2026-07-31 13:05:33,13,design,2364,2075,168,10,12,267
3516,2026-04-17 14:59:55,14,tech,10524,8103,241,119,92,323
3517,2026-06-29 09:24:18,9,design,2311,1733,134,6,7,220
3518,2026-03-16 11:19:34,11,business,14533,11515,181,112,105,118
3519,2026-05-06 18:21:13,18,business,56088,47986,1333,377,375,157
3520,2026-03-09 06:32:53,6,design,1830,1640,120,12,6,353
3521,2026-04-16 13:20:57,13,tech,2165,1710,46,16,31,428
3522,2026-07-21 13:56:35,13,design,298,277,14,2,1,278
3523,2026-07-17 19:13:57,19,business,4102,3598,107,19,19,163
3524,2026-03-23 16:35:56,16,design,3844,3341,243,9,18,270
3525,2026-06-10 16:03:50,16,design,16118,12437,1033,69,37,368
3526,2026-06-10 07:54:57,7,tech,16431,11675,358,149,127,352
3527,2026-08-03 09:53:21,9,tech,3973,2889,99,19,29,360
3528,2026-07-09 19:50:06,19,business,10634,7520,110,50,49,188
3529,2026-06-04 17:02:39,17,business,71963,47313,945,210,438,188
3530,2026-03-22 15:58:45,15,tech,28656,20809,658,287,300,314
3531,2026-06-01 08:22:58,8,tech,13993,10179,349,53,134,516
3532,2026-08-07 10:45:45,10,design,30946,21414,1255,88,61,432
3533,2026-08-13 11:01:29,11,tech,4784,3793,113,32,70,619
3534,2026-06-07 08:56:44,8,tech,1931,1603,57,18,28,363
3535,2026-07-12 09:40:59,9,tech,358,293,8,2,4,280
3536,2026-08-05 12:36:58,12,tech,3086,2449,84,25,27,532
3537,2026-03-03 09:20:08,9,tech,13617,12081,333,113,160,288
3538,2026-08-09 06:07:10,6,tech,27147,19185,541,264,245,469
3539,2026-03-27 08:45:41,8,design,16309,12854,821,92,34,258
3540,2026-04-10 13:38:25,13,design,8695,7556,417,32,25,313
3541,2026-08-19 13:36:36,13,tech,512,383,11,1,4,523
3542,2026-03-27 12:10:22,12,business,3375,2386,50,10,17,128
3543,2026-06-29 18:48:43,18,tech,14607,10941,360,133,177,578
3544,2026-04-11 10:22:18,10,tech,19173,14544,358,194,128,457
3545,2026-03-20 11:17:50,11,business,4990,3767,66,29,24,179
3546,2026-05-26 00:03:54,0,tech,3684,2991,72,24,57,428
3547,2026-05-18 05:38:56,5,tech,3061,2485,70,21,42,185
3548,2026-08-16 12:04:54,12,business,2259,1789,30,11,17,181
3549,2026-06-21 10:16:13,10,design,4746,3956,314,9,17,394
3550,2026-05-20 07:55:52,7,design,5579,4359,225,17,25,330
3551,2026-08-19 17:35:37,17,design,9000,7533,652,46,33,346
3552,2026-05-12 09:35:46,9,business,5766,4849,102,33,38,157
3553,2026-03-04 11:21:24,11,tech,1940,1767,48,9,23,172
3554,2026-05-30 18:44:26,18,tech,3701,3116,68,23,34,429
3555,2026-05-28 10:47:48,10,tech,2026,1594,51,13,19,472
3556,2026-03-27 13:39:37,13,business,2254,1473,39,7,8,146
3557,2026-02-26 05:33:43,5,tech,906,820,29,8,11,329
3558,2026-04-27 10:53:27,10,design,8197,7209,376,45,31,291
3559,2026-06-23 13:13:17,13,tech,1537,1265,30,12,17,261
3560,2026-04-20 13:47:59,13,tech,3180,2536,91,18,44,30
3561,2026-06-19 17:40:49,17,design,4770,3461,306,21,17,281
3562,2026-06-15 07:01:39,7,design,25712,20758,1838,80,92,284
3563,2026-02-27 12:17:43,12,business,2251,1878,35,14,10,163
3564,2026-06-18 15:30:05,15,tech,1640,1371,32,15,17,318
3565,2026-07-15 17:39:37,17,business,3851,3497,46,28,22,126
3566,2026-08-19 10:33:49,10,design,6264,5498,344,11,22,305
3567,2026-07-08 13:22:49,13,design,18247,12988,957,75,72,250
3568,2026-05-18 18:50:25,18,tech,1995,1368,32,11,24,321
3569,2026-04-09 16:13:32,16,tech,1978,1538,32,16,24,471
3570,2026-05-29 10:07:09,10,design,25087,23033,1811,63,105,356
3571,2026-03-26 16:22:10,16,business,244,190,3,0,1,114
3572,2026-03-17 09:18:13,9,design,5517,3871,329,24,8,212
3573,2026-02-21 08:52:09,8,design,3212,2974,165,18,16,344
3574,2026-05-31 13:52:52,13,design,2339,1723,93,7,5,278
3575,2026-04-15 08:06:29,8,tech,3665,3155,80,24,41,441
3576,2026-02-23 11:38:43,11,tech,1909,1351,47,17,14,351
3577,2026-07-24 10:30:47,10,tech,1139,1034,34,5,15,258
3578,2026-08-17 11:00:06,11,tech,1339,1226,43,9,13,509
3579,2026-06-12 14:19:21,14,design,2788,1823,144,4,10,317
3580,2026-07-03 13:33:14,13,business,2422,1891,28,10,9,148
3581,2026-05-24 08:09:17,8,tech,4513,4135,92,58,44,291
3582,2026-03-08 15:17:21,15,tech,1259,954,34,13,10,260
3583,2026-07-19 00:07:37,0,business,741,490,5,2,2,131
3584,2026-03-25 15:51:13,15,design,10146,9539,489,65,44,217
3585,2026-07-23 17:35:25,17,tech,3278,2346,56,22,21,426
3586,2026-02-23 16:54:45,16,design,1731,1641,98,3,5,302
3587,2026-05-16 15:47:59,15,tech,4545,3717,139,35,55,377
3588,2026-06-21 13:01:00,13,business,3211,2671,27,19,20,142
3589,2026-07-10 11:40:38,11,tech,1789,1608,64,9,25,410
3590,2026-03-26 11:54:09,11,design,10234,9228,504,58,46,205
3591,2026-04-14 10:35:14,10,business,44194,41553,800,373,191,146
3592,2026-06-17 11:21:37,11,design,587,446,25,3,1,342
3593,2026-04-03 09:45:06,9,tech,2112,1402,31,10,17,145
3594,2026-04-28 11:20:26,11,tech,2312,1506,56,9,20,658
3595,2026-04-04 13:58:58,13,design,2730,2091,120,5,10,245
3596,2026-07-05 11:49:04,11,tech,4053,3396,125,40,65,369
3597,2026-06-06 17:13:30,17,design,3012,2439,213,16,7,295
3598,2026-07-14 17:13:53,17,tech,4346,3371,97,48,48,429
3599,2026-05-10 11:33:54,11,design,5514,3655,290,29,11,346
3600,2026-06-04 09:09:53,9,design,21573,16613,1247,92,80,299
3601,2026-07-06 11:13:44,11,tech,9781,8444,175,56,90,420
3602,2026-06-04 08:47:32,8,design,5664,4902,412,22,21,169
3603,2026-07-24 11:28:08,11,tech,11026,8205,209,122,126,376
3604,2026-06-30 09:34:24,9,tech,4705,3961,137,35,79,414
3605,2026-04-17 07:19:54,7,tech,793,572,13,8,9,355
3606,2026-04-30 05:37:19,5,business,2382,1831,27,6,16,143
3607,2026-03-29 07:41:40,7,tech,2090,1951,58,12,30,288
3608,2026-07-11 23:44:32,23,tech,5433,4903,137,68,74,393
3609,2026-04-07 11:02:35,11,tech,8123,7498,291,53,135,483
3610,2026-03-26 16:06:55,16,design,8959,7984,439,21,30,290
3611,2026-08-05 08:32:18,8,tech,12313,10808,386,80,140,436
3612,2026-07-29 16:41:14,16,business,7498,5904,123,31,25,99
3613,2026-03-04 17:49:30,17,tech,16484,11701,383,122,216,517
3614,2026-03-27 15:10:38,15,design,21659,18540,1075,42,48,300
3615,2026-04-13 09:34:15,9,design,4931,4604,351,18,10,271
3616,2026-08-06 08:54:33,8,tech,3335,2192,47,11,41,659
3617,2026-04-29 15:13:52,15,tech,1156,959,21,8,17,399
3618,2026-08-03 17:27:35,17,tech,6629,5532,204,62,100,461
3619,2026-03-05 16:59:59,16,tech,2051,1765,40,10,18,433
3620,2026-05-09 09:11:45,9,tech,6715,4819,155,52,90,420
3621,2026-03-04 19:14:27,19,tech,3218,2369,55,13,23,354
3622,2026-07-16 17:56:18,17,tech,5151,3926,115,27,64,357
3623,2026-05-26 11:56:39,11,design,36054,23678,2111,167,83,321
3624,2026-03-25 18:52:39,18,design,4642,3903,326,16,10,298
3625,2026-06-26 16:41:20,16,design,7103,6320,368,21,31,195
3626,2026-08-13 18:57:29,18,design,2060,1871,99,9,3,253
3627,2026-05-27 17:37:20,17,design,5637,4149,230,14,8,310
3628,2026-03-05 17:56:05,17,tech,25989,24512,922,192,241,345
3629,2026-06-24 15:54:57,15,design,6661,4769,278,11,23,339
3630,2026-06-01 13:38:25,13,tech,1391,1039,28,14,19,507
3631,2026-08-02 12:14:11,12,business,500,340,4,1,3,185
3632,2026-03-09 11:32:50,11,business,6239,4827,92,40,26,126
3633,2026-05-24 16:31:46,16,design,1146,1045,75,4,6,312
3634,2026-03-07 17:39:56,17,business,2921,2456,37,12,16,170
3635,2026-04-30 01:23:45,1,tech,9382,6297,210,73,59,439
3636,2026-08-17 17:33:29,17,tech,1877,1243,41,18,17,296
3637,2026-05-25 20:24:17,20,business,6134,5626,103,55,37,176
3638,2026-03-08 14:39:33,14,tech,1543,1440,51,14,21,313
3639,2026-05-31 12:34:59,12,tech,4734,3765,93,30,37,426
3640,2026-03-20 03:11:52,3,design,1323,1010,69,4,2,377
3641,2026-06-24 09:46:48,9,tech,20287,16717,641,150,264,490
3642,2026-05-03 13:56:52,13,tech,2619,1834,71,14,26,430
3643,2026-07-28 15:31:45,15,tech,1238,889,20,6,10,346
3644,2026-06-01 09:35:56,9,tech,22033,15466,517,147,265,437
3645,2026-03-07 12:29:04,12,tech,1378,1276,31,18,13,346
3646,2026-02-25 11:52:58,11,tech,1578,1466,41,16,16,411
3647,2026-05-03 17:07:16,17,design,9337,7388,484,20,16,253
3648,2026-05-27 16:34:55,16,tech,438,408,8,5,4,386
3649,2026-07-23 13:22:50,13,tech,2669,1931,62,16,32,558
3650,2026-03-19 12:52:25,12,design,5180,3717,195,14,15,302
3651,2026-03-07 10:58:11,10,tech,3308,2770,76,41,27,376
3652,2026-05-14 09:24:57,9,design,123235,103647,5753,519,294,318
3653,2026-06-11 22:41:58,22,tech,11609,7680,256,86,84,382
3654,2026-05-07 09:00:03,9,tech,15485,11358,382,76,104,358
3655,2026-05-06 13:32:14,13,business,7446,6457,83,55,26,147
3656,2026-05-17 13:16:45,13,tech,8264,6562,132,48,92,469
3657,2026-07-07 15:31:20,15,design,1144,781,57,5,2,269
3658,2026-07-20 09:39:27,9,tech,8465,7413,206,64,120,535
3659,2026-07-23 19:20:35,19,business,1042,699,8,3,5,135
3660,2026-06-19 21:39:39,21,design,1167,814,42,3,2,298
3661,2026-07-19 12:56:42,12,business,21674,20067,206,99,197,198
3662,2026-04-13 10:05:48,10,design,1613,1164,78,7,6,379
3663,2026-03-22 14:48:53,14,design,2074,1579,106,3,9,306
3664,2026-08-04 18:17:27,18,business,14434,9407,186,30,79,147
3665,2026-08-02 11:44:12,11,business,17471,14466,422,64,96,182
3666,2026-04-06 09:17:17,9,business,1695,1233,33,9,5,98
3667,2026-08-19 13:31:08,13,tech,3914,2930,82,20,58,363
3668,2026-06-02 14:30:16,14,tech,846,602,23,4,10,401
3669,2026-06-11 08:23:39,8,tech,12979,11856,442,61,122,388
3670,2026-04-19 19:48:51,19,design,5289,4218,367,27,9,280
3671,2026-06-13 12:46:27,12,business,1621,1232,22,7,6,176
3672,2026-08-14 00:40:55,0,tech,3469,3247,103,42,61,417
3673,2026-04-06 10:10:40,10,business,2948,2296,64,15,10,227
3674,2026-08-16 08:18:48,8,tech,5892,4140,133,35,76,493
3675,2026-08-13 06:25:47,6,business,1023,815,20,7,3,170
3676,2026-02-27 16:12:10,16,tech,796,713,23,8,6,270
3677,2026-07-26 17:24:01,17,tech,40958,30852,1175,418,326,332
3678,2026-05-11 16:35:27,16,tech,4240,3715,133,50,73,512
3679,2026-03-29 00:11:54,0,tech,1207,834,32,8,8,444
3680,2026-06-10 19:50:07,19,tech,68531,63871,1909,505,692,300
3681,2026-05-02 23:38:31,23,business,8863,7420,211,29,31,159
3682,2026-08-04 16:55:50,16,design,18345,16913,1363,129,37,340
3683,2026-05-20 09:44:16,9,tech,5547,3969,81,35,43,432
3684,2026-04-23 12:48:49,12,tech,802,705,25,8,5,252
3685,2026-07-25 08:10:59,8,business,3738,2935,82,22,16,148
3686,2026-07-21 07:29:47,7,design,11459,9618,649,25,24,332
3687,2026-03-06 09:50:50,9,design,3195,2406,127,16,11,289
3688,2026-03-12 08:31:13,8,design,5682,4200,364,28,10,303
3689,2026-08-07 13:47:10,13,tech,5333,4087,117,32,35,291
3690,2026-06-02 18:21:33,18,design,6223,5197,304,30,24,307
3691,2026-05-23 18:43:56,18,business,11647,8355,249,53,36,169
3692,2026-05-13 14:36:07,14,tech,1573,1309,27,6,17,241
3693,2026-07-08 09:33:32,9,business,1272,1035,13,7,8,176
3694,2026-02-25 15:44:09,15,tech,1933,1394,28,9,20,498
3695,2026-08-06 06:54:14,6,tech,8525,7855,206,57,121,350
3696,2026-06-17 18:49:02,18,business,3854,3252,93,18,13,120
3697,2026-08-10 09:37:13,9,business,10153,8433,180,33,58,158
3698,2026-04-06 11:20:43,11,design,7800,6081,330,48,35,274
3699,2026-04-23 09:15:21,9,tech,14115,9378,230,70,115,650
3700,2026-06-25 19:08:22,19,design,5516,4843,266,14,16,282
3701,2026-07-13 17:08:52,17,tech,9866,8143,194,74,100,584
3702,2026-06-27 00:06:41,0,business,6478,4299,121,26,35,163
3703,2026-08-08 11:19:10,11,tech,6459,4286,136,57,74,455
3704,2026-06-27 12:51:12,12,tech,199,161,5,1,2,360
3705,2026-07-16 10:29:30,10,business,1560,1058,13,5,4,181
3706,2026-06-17 09:59:13,9,design,11570,8977,517,26,31,292
3707,2026-03-19 20:42:20,20,tech,918,640,18,5,6,328
3708,2026-03-18 19:19:47,19,tech,18497,12795,417,184,143,436
3709,2026-07-25 22:01:47,22,design,2504,2205,132,15,11,216
3710,2026-04-12 13:52:38,13,tech,3604,2662,97,38,38,546
3711,2026-05-29 08:11:34,8,design,5176,3715,321,21,19,295
3712,2026-08-14 10:35:22,10,design,3579,2637,179,15,11,255
3713,2026-08-10 12:37:17,12,design,16120,10704,783,37,32,291
3714,2026-07-17 15:30:12,15,design,1116,829,43,4,3,268
3715,2026-05-03 00:40:11,0,tech,2583,1697,46,22,19,224
3716,2026-08-15 10:44:43,10,tech,729,662,15,5,13,458
3717,2026-06-03 10:11:13,10,tech,2793,2406,80,35,23,439
3718,2026-03-28 16:55:33,16,tech,4253,2781,83,26,51,448
3719,2026-04-05 16:31:09,16,tech,682,619,24,4,11,346
3720,2026-04-15 20:54:11,20,tech,9122,7475,241,87,125,388
3721,2026-07-25 14:24:43,14,design,8704,8159,690,34,39,264
3722,2026-07-06 16:08:11,16,tech,2382,1650,59,18,14,239
3723,2026-03-15 20:34:21,20,design,6936,4745,401,9,10,318
3724,2026-04-10 19:47:02,19,tech,1261,1017,26,7,11,467
3725,2026-03-11 09:54:56,9,design,2227,1926,118,4,6,286
3726,2026-08-11 16:37:22,16,tech,2029,1872,48,21,15,377
3727,2026-03-13 09:54:14,9,tech,3170,2433,57,20,47,574
3728,2026-08-01 22:50:53,22,design,1471,1395,90,10,3,329
3729,2026-03-07 10:19:17,10,design,3595,2541,162,16,12,362
3730,2026-07-30 18:54:46,18,design,13348,8799,782,19,24,319
3731,2026-03-04 12:31:45,12,tech,3116,2558,57,14,37,295
3732,2026-08-19 10:01:18,10,design,3081,2029,175,7,10,304
3733,2026-06-29 15:17:15,15,design,1257,1156,89,8,4,371
3734,2026-05-24 10:12:05,10,business,5061,3640,64,24,16,124
3735,2026-05-25 01:28:26,1,design,3036,2427,177,16,6,354
3736,2026-06-16 09:57:32,9,design,2189,1449,127,10,5,301
3737,2026-02-23 13:32:23,13,tech,12605,11300,345,97,217,350
3738,2026-08-01 15:40:18,15,design,1545,1421,87,6,5,304
3739,2026-05-02 20:36:05,20,tech,3210,2346,62,35,43,559
3740,2026-04-03 15:34:17,15,tech,890,613,19,3,8,496
3741,2026-03-13 11:28:43,11,tech,2026,1727,61,10,22,266
3742,2026-05-11 09:06:01,9,tech,9906,8152,300,73,98,413
3743,2026-05-27 07:32:05,7,tech,3932,2837,78,32,39,486
3744,2026-07-29 16:59:47,16,tech,1616,1525,34,22,28,535
3745,2026-03-29 22:41:33,22,business,35984,25142,555,183,145,136
3746,2026-07-13 19:16:58,19,design,3362,2729,151,20,7,297
3747,2026-07-24 07:49:52,7,business,3220,2206,58,21,16,184
3748,2026-07-28 09:33:46,9,design,67923,63190,3949,349,159,334
3749,2026-04-10 19:53:14,19,business,591,545,8,4,3,140
3750,2026-07-19 16:25:22,16,design,798,732,49,1,3,328
3751,2026-04-03 10:36:31,10,business,4396,4155,95,14,35,131
3752,2026-04-04 08:19:09,8,tech,2334,2142,55,18,31,620
3753,2026-05-26 08:07:46,8,tech,10577,8600,223,95,111,552
3754,2026-03-23 00:50:23,0,tech,21391,19796,727,147,382,292
3755,2026-06-20 16:39:53,16,tech,1548,1038,31,12,14,178
3756,2026-04-28 14:07:58,14,tech,895,732,21,8,13,412
3757,2026-02-22 17:03:23,17,tech,8330,7644,261,107,64,554
3758,2026-04-08 17:02:15,17,design,9560,7250,386,53,30,319
3759,2026-07-15 10:20:41,10,tech,14449,11990,371,88,200,352
3760,2026-07-17 10:52:21,10,tech,7507,5120,155,46,100,399
3761,2026-07-01 08:34:49,8,tech,7060,5528,179,66,50,505
3762,2026-04-07 13:53:17,13,business,3259,2499,35,16,19,162
3763,2026-07-12 17:35:32,17,business,1315,986,24,6,4,142
3764,2026-07-13 12:17:48,12,tech,1277,1183,33,6,18,413
3765,2026-08-12 10:21:40,10,tech,3418,2828,112,41,39,174
3766,2026-03-13 08:30:06,8,business,19115,12752,339,111,68,140
3767,2026-07-18 21:41:00,21,business,878,618,11,3,3,162
3768,2026-07-14 12:59:34,12,design,5549,4165,344,28,20,249
3769,2026-04-12 08:54:01,8,tech,3744,3001,70,41,39,411
3770,2026-05-12 08:21:43,8,tech,3922,2912,102,33,42,402
3771,2026-08-08 12:49:59,12,design,8596,5987,330,26,17,337
3772,2026-05-28 14:06:53,14,tech,15134,13182,380,181,125,399
3773,2026-06-22 11:45:09,11,design,1950,1739,124,5,6,292
3774,2026-03-13 22:53:54,22,design,7522,5195,454,28,17,304
3775,2026-04-25 17:19:50,17,tech,1735,1315,34,16,11,292
3776,2026-06-09 14:57:25,14,business,2395,1678,30,9,9,157
3777,2026-06-12 10:33:01,10,design,603,536,36,1,2,344
3778,2026-03-07 09:10:06,9,tech,2123,1678,38,16,16,411
3779,2026-06-23 11:40:31,11,business,5111,3509,65,22,15,123
3780,2026-03-30 10:02:21,10,design,2933,2394,165,11,10,304
3781,2026-05-04 16:55:43,16,business,5321,3509,84,17,24,174
3782,2026-07-18 20:22:32,20,design,3669,3201,209,10,16,364
3783,2026-03-13 12:59:41,12,business,1803,1287,32,5,10,160
3784,2026-02-20 18:13:01,18,tech,975,884,26,8,13,543
3785,2026-04-22 12:45:15,12,tech,1548,1094,39,12,13,291
3786,2026-05-21 19:38:04,19,tech,1023,905,32,9,15,359
3787,2026-03-19 09:40:25,9,tech,493,402,15,5,4,385
3788,2026-06-26 23:17:06,23,tech,3273,2988,103,44,44,384
3789,2026-03-24 16:17:15,16,design,1389,907,57,3,4,229
3790,2026-05-06 18:59:40,18,tech,6408,5807,183,60,60,414
3791,2026-03-01 14:07:44,14,design,15367,11311,909,78,57,379
3792,2026-06-05 13:22:40,13,tech,2959,2805,61,23,49,418
3793,2026-06-05 12:16:34,12,business,3608,3118,60,30,20,155
3794,2026-08-09 10:41:42,10,tech,14471,9661,262,126,112,341
3795,2026-08-04 13:38:00,13,tech,901,615,24,6,5,314
3796,2026-04-01 15:33:41,15,design,415,309,21,1,0,265
3797,2026-02-28 08:07:45,8,tech,1867,1651,40,9,31,296
3798,2026-05-06 08:29:14,8,tech,8183,6496,224,42,121,454
3799,2026-04-16 11:40:01,11,tech,5616,4457,156,63,77,601
3800,2026-06-12 17:39:07,17,design,25789,22876,1538,122,81,357
3801,2026-03-02 08:43:29,8,tech,6418,5151,167,58,96,314
3802,2026-03-22 18:29:02,18,design,964,695,49,1,1,345
3803,2026-05-09 20:41:24,20,design,1570,1388,76,9,6,346
3804,2026-02-27 09:22:03,9,design,5250,4081,262,14,11,353
3805,2026-06-17 08:04:36,8,design,1702,1455,83,8,7,334
3806,2026-08-10 14:15:48,14,tech,5479,4016,100,42,36,489
3807,2026-07-29 11:21:04,11,tech,3056,2383,71,30,45,449
3808,2026-04-23 11:42:42,11,design,111492,84791,6943,459,173,350
3809,2026-05-08 15:50:34,15,tech,1891,1299,27,13,12,448
3810,2026-07-11 11:12:41,11,tech,2924,2201,85,11,18,477
3811,2026-07-12 23:01:33,23,business,3623,2400,33,16,11,128
3812,2026-03-08 18:36:35,18,business,4930,3764,102,32,17,184
3813,2026-05-02 10:04:07,10,design,4323,3559,264,15,11,325
3814,2026-04-03 09:15:26,9,tech,16736,12061,385,86,123,502
3815,2026-07-04 14:50:07,14,tech,4331,3045,114,19,29,360
3816,2026-03-08 14:54:20,14,design,911,796,41,5,4,362
3817,2026-07-20 22:48:56,22,tech,1146,1023,25,11,10,381
3818,2026-04-12 18:56:25,18,design,2870,1893,109,9,8,226
3819,2026-04-08 10:41:57,10,tech,1373,1118,40,14,14,264
3820,2026-03-24 13:41:44,13,design,2893,2664,181,5,9,429
3821,2026-03-09 17:26:50,17,tech,436,403,8,3,5,368
3822,2026-04-23 04:49:44,4,tech,1729,1602,43,20,31,312
3823,2026-07-27 15:28:05,15,design,2409,1811,109,14,10,366
3824,2026-05-29 08:04:53,8,design,8666,7734,655,27,21,301
3825,2026-08-16 09:59:06,9,business,9192,6757,117,38,49,227
3826,2026-05-20 12:23:37,12,tech,2223,1768,41,17,31,447
3827,2026-06-22 14:52:15,14,tech,5201,4141,104,23,67,450
3828,2026-05-25 18:09:17,18,design,12469,8979,457,63,43,319
3829,2026-03-19 09:57:03,9,design,15563,14775,897,67,44,184
3830,2026-03-17 11:28:58,11,design,421,346,24,1,1,344
3831,2026-06-19 18:58:00,18,tech,2753,2041,51,13,39,325
3832,2026-07-01 19:59:51,19,business,6656,4791,93,19,21,163
3833,2026-05-26 08:09:33,8,business,5682,4461,92,15,41,110
3834,2026-08-19 09:16:54,9,design,19916,13104,822,93,46,374
3835,2026-03-03 15:36:13,15,tech,23505,20371,515,128,400,239
3836,2026-05-20 13:43:22,13,design,3060,2262,138,12,7,237
3837,2026-04-01 14:45:37,14,tech,4808,4548,117,26,90,404
3838,2026-04-23 11:31:26,11,business,1879,1769,44,11,13,149
3839,2026-08-14 07:36:21,7,business,8876,6475,97,20,50,190
3840,2026-07-03 22:35:55,22,business,1230,997,18,5,5,110
3841,2026-06-02 14:23:18,14,business,3819,3325,36,12,16,154
3842,2026-07-18 10:39:16,10,design,3182,2148,186,15,12,379
3843,2026-04-01 07:53:39,7,tech,3832,3263,118,19,37,364
3844,2026-06-28 17:04:14,17,design,40276,28151,1614,135,147,329
3845,2026-08-12 08:59:43,8,design,20985,17743,1309,138,48,259
3846,2026-08-12 17:42:35,17,tech,9213,6260,214,61,119,378
3847,2026-08-13 09:56:59,9,design,3762,2999,176,13,10,232
3848,2026-07-15 19:59:43,19,design,1284,960,73,4,3,282
3849,2026-06-27 10:53:15,10,design,6517,4359,322,10,17,331
3850,2026-02-27 22:11:53,22,tech,5344,4571,107,60,57,299
3851,2026-03-02 11:14:51,11,tech,24906,16769,593,152,213,345
3852,2026-05-08 09:10:44,9,business,2859,2225,55,10,9,120
3853,2026-02-22 10:04:47,10,tech,5861,4340,110,64,71,405
3854,2026-07-22 15:56:05,15,business,122136,92640,934,461,704,139
3855,2026-05-15 22:49:03,22,tech,1841,1412,49,15,15,223
3856,2026-03-09 20:39:41,20,tech,746,631,12,8,11,439
3857,2026-04-04 17:52:11,17,tech,37329,35286,1073,414,457,383
3858,2026-03-01 13:07:01,13,tech,1388,1199,44,11,16,425
3859,2026-05-06 17:58:22,17,design,13520,10556,617,83,62,299
3860,2026-04-03 17:56:20,17,tech,1941,1757,61,23,24,500
3861,2026-03-29 08:04:40,8,tech,6658,4622,180,58,67,351
3862,2026-03-01 09:25:59,9,tech,4155,3835,113,51,55,555
3863,2026-04-08 13:31:17,13,tech,6542,4692,161,28,75,386
3864,2026-02-26 10:06:19,10,tech,8478,5846,174,72,90,373
3865,2026-07-20 15:03:18,15,design,13623,9679,833,23,23,304
3866,2026-05-19 13:42:27,13,business,559,518,10,1,3,185
3867,2026-04-29 10:37:17,10,tech,4774,4220,84,58,74,443
3868,2026-06-10 09:52:04,9,tech,5473,3821,101,37,71,394
3869,2026-03-28 17:40:03,17,tech,1254,1135,37,7,19,511
3870,2026-03-12 10:04:14,10,design,8333,7005,499,30,21,266
3871,2026-06-30 06:19:53,6,design,321013,222989,14048,1765,1256,304
3872,2026-03-05 12:21:14,12,tech,1166,994,30,6,18,426
3873,2026-03-11 09:50:41,9,business,2568,2083,32,11,16,142
3874,2026-07-11 15:38:17,15,design,11743,9358,611,64,43,294
3875,2026-06-21 14:48:24,14,tech,8609,7119,145,90,107,368
3876,2026-05-08 10:09:31,10,business,13648,11151,212,35,87,150
3877,2026-03-08 09:26:06,9,business,1980,1522,29,10,13,171
3878,2026-05-31 17:09:10,17,tech,3855,3196,99,24,28,321
3879,2026-03-07 16:40:02,16,tech,785,579,16,6,7,415
3880,2026-03-15 00:44:17,0,tech,1541,1186,31,13,14,385
3881,2026-04-24 10:02:31,10,design,437,303,20,1,1,342
3882,2026-07-22 14:17:40,14,tech,3278,2804,62,41,29,391
3883,2026-05-18 17:14:57,17,design,13621,10999,790,87,38,331
3884,2026-07-26 07:18:31,7,tech,50914,33429,1220,216,525,407
3885,2026-07-02 13:14:08,13,tech,2738,1853,59,20,35,484
3886,2026-03-31 08:00:04,8,design,18740,12473,1101,27,62,295
3887,2026-03-16 11:10:56,11,design,1297,974,78,3,3,365
3888,2026-03-21 06:12:28,6,tech,1010,657,17,5,5,453
3889,2026-06-12 16:39:38,16,tech,2026,1526,37,14,24,470
3890,2026-03-16 17:17:31,17,business,7934,5819,77,29,42,164
3891,2026-05-20 22:34:21,22,business,3965,2698,56,25,12,176
3892,2026-03-14 10:35:52,10,business,6398,5008,86,42,46,170
3893,2026-03-19 05:07:09,5,design,1614,1058,69,3,2,274
3894,2026-06-23 11:44:40,11,tech,1813,1378,36,15,17,386
3895,2026-04-03 19:09:23,19,design,331,243,16,1,1,272
3896,2026-03-07 11:38:19,11,tech,1033,956,26,8,18,611
3897,2026-06-22 23:04:14,23,tech,925,679,23,6,7,529
3898,2026-04-13 09:44:01,9,business,5302,3673,91,33,34,150
3899,2026-05-29 08:45:46,8,tech,3427,2773,66,16,48,310
3900,2026-06-25 14:34:25,14,design,888,698,49,2,1,355
3901,2026-03-26 21:03:11,21,tech,1532,1276,31,15,16,294
3902,2026-02-28 20:52:30,20,design,3018,2436,195,8,12,340
3903,2026-04-12 15:29:20,15,design,7094,5606,321,44,32,288
3904,2026-08-02 18:16:35,18,tech,34922,26084,934,390,478,260
3905,2026-07-17 10:37:24,10,design,8286,6565,456,27,26,353
3906,2026-05-20 10:30:11,10,tech,13622,11771,428,60,108,495
3907,2026-03-31 12:24:33,12,design,7923,5282,280,37,15,213
3908,2026-06-15 21:06:28,21,tech,2055,1370,34,10,18,310
3909,2026-03-08 04:49:13,4,tech,3450,2362,62,19,40,275
3910,2026-05-08 09:57:55,9,design,2328,2062,108,9,10,358
3911,2026-03-01 15:44:35,15,business,1791,1340,25,6,11,167
3912,2026-06-26 11:43:05,11,tech,15206,14280,383,121,192,368
3913,2026-03-13 15:19:52,15,business,898,706,18,2,4,136
3914,2026-03-19 14:06:51,14,design,1590,1068,66,4,3,320
3915,2026-05-26 11:18:11,11,design,2917,2310,135,12,5,300
3916,2026-08-09 10:05:06,10,business,50269,32776,616,292,254,122
3917,2026-05-30 15:59:36,15,design,599,405,21,2,1,320
3918,2026-03-17 17:21:59,17,tech,4131,3102,112,25,56,281
3919,2026-07-19 08:29:27,8,tech,9810,9186,194,120,156,317
3920,2026-05-22 21:34:17,21,design,2783,1909,97,5,6,314
3921,2026-08-10 03:46:44,3,tech,2805,1998,69,17,38,447
3922,2026-03-05 10:58:47,10,design,1144,1086,95,2,2,398
3923,2026-07-13 19:03:10,19,tech,7578,6436,254,91,54,387
3924,2026-07-05 15:21:12,15,tech,1586,1219,31,10,17,432
3925,2026-03-03 06:56:25,6,business,3172,2354,42,9,22,128
3926,2026-05-22 11:42:14,11,tech,6044,5496,162,48,82,434
3927,2026-03-12 18:55:31,18,tech,2436,2017,43,10,22,316
3928,2026-03-12 15:23:42,15,tech,1751,1218,35,17,20,547
3929,2026-08-03 13:08:23,13,tech,12628,8315,281,97,130,480
3930,2026-03-30 11:51:33,11,tech,5762,4187,110,45,65,296
3931,2026-03-02 17:59:36,17,design,4070,3489,257,22,13,285
3932,2026-04-30 13:29:09,13,design,7461,6979,463,55,22,295
3933,2026-07-11 08:28:43,8,tech,16851,13837,495,98,222,491
3934,2026-05-06 08:12:11,8,tech,1920,1617,54,18,13,394
3935,2026-05-19 08:45:29,8,business,13892,11094,318,85,78,145
3936,2026-03-04 16:10:28,16,business,1233,1149,29,9,8,166
3937,2026-04-14 16:07:37,16,tech,2114,1455,48,8,21,404
3938,2026-03-11 09:38:03,9,business,35445,24934,326,169,240,156
3939,2026-03-04 13:39:54,13,tech,14789,9718,300,63,164,308
3940,2026-05-31 05:59:30,5,tech,8601,5992,215,85,79,277
3941,2026-06-21 20:13:27,20,design,3702,3047,219,7,15,317
3942,2026-03-14 06:55:10,6,design,942,852,62,4,4,290
3943,2026-05-19 08:41:09,8,business,2353,2004,51,8,11,111
3944,2026-06-11 08:17:14,8,business,801,665,16,5,4,116
3945,2026-07-22 10:04:03,10,tech,29483,27937,1081,323,430,455
3946,2026-08-19 10:58:49,10,tech,1985,1652,57,17,27,434
3947,2026-07-16 09:25:20,9,design,11855,9277,642,23,54,354
3948,2026-05-28 08:06:57,8,design,14457,10539,574,84,28,341
3949,2026-07-04 18:07:06,18,tech,21073,19126,655,144,307,408
3950,2026-06-18 11:03:01,11,tech,12773,10178,338,137,105,374
3951,2026-08-13 01:42:26,1,tech,894,673,19,8,7,158
3952,2026-06-27 15:58:11,15,tech,4775,4196,164,28,56,242
3953,2026-07-01 09:18:20,9,business,3008,1959,37,14,8,74
3954,2026-07-15 10:17:42,10,tech,2619,2137,81,16,28,311
3955,2026-04-09 12:27:52,12,design,7798,6656,482,41,19,252
3956,2026-06-25 08:05:31,8,tech,3763,3067,82,27,52,352
3957,2026-07-24 08:42:00,8,tech,18193,13752,365,172,226,354
3958,2026-03-01 14:10:57,14,tech,2852,2460,86,23,20,523
3959,2026-06-08 10:19:01,10,tech,2917,2224,50,13,42,224
3960,2026-03-15 08:54:11,8,tech,1117,1040,37,14,9,443
3961,2026-02-22 13:49:55,13,design,9586,7204,620,52,23,198
3962,2026-07-15 11:08:06,11,tech,12743,8670,267,55,172,271
3963,2026-04-22 08:14:29,8,design,23723,19621,1215,61,62,352
3964,2026-04-23 11:01:24,11,design,5063,3349,238,16,18,303
3965,2026-04-16 16:00:29,16,tech,6505,5107,129,73,42,408
3966,2026-06-01 11:38:44,11,tech,3153,2784,102,27,41,258
3967,2026-05-23 15:06:54,15,business,230,187,2,0,1,126
3968,2026-06-30 18:39:25,18,business,37920,27277,550,254,243,161
3969,2026-07-20 17:32:10,17,tech,5727,5042,166,35,48,524
3970,2026-08-14 07:15:01,7,tech,1949,1846,44,27,19,673
3971,2026-04-26 10:46:22,10,business,3808,3451,45,16,22,183
3972,2026-04-09 08:12:54,8,design,2764,2063,103,6,7,293
3973,2026-07-14 12:32:35,12,tech,833,777,28,5,12,447
3974,2026-05-15 18:42:03,18,tech,672,526,13,4,6,415
3975,2026-05-17 10:28:08,10,tech,6977,6289,226,80,51,334
3976,2026-07-06 09:34:24,9,design,3658,3335,298,8,16,208
3977,2026-04-12 15:27:59,15,business,1032,859,16,7,7,189
3978,2026-08-16 11:24:08,11,tech,419,370,10,2,3,437
3979,2026-04-06 09:08:11,9,business,20996,13669,394,109,73,181
3980,2026-05-03 08:18:44,8,tech,5554,3715,122,51,62,402
3981,2026-04-27 18:58:35,18,tech,9146,7230,161,78,103,279
3982,2026-07-31 11:42:25,11,tech,21533,19401,478,247,295,420
3983,2026-08-16 08:52:05,8,tech,4225,3644,128,40,44,457
3984,2026-04-27 16:10:20,16,tech,631,540,19,2,10,466
3985,2026-06-28 21:50:10,21,design,3245,2671,177,11,11,256
3986,2026-08-08 18:20:47,18,business,8876,6213,75,44,43,164
3987,2026-04-09 18:55:34,18,design,1062,932,77,5,3,254
3988,2026-07-03 16:19:44,16,design,16746,11018,862,34,63,329
3989,2026-03-25 08:32:01,8,business,7281,6145,113,26,38,158
3990,2026-07-08 12:07:12,12,tech,2091,1942,43,18,30,511
3991,2026-05-25 15:07:11,15,tech,13173,10349,243,99,167,430
3992,2026-04-20 16:13:05,16,business,18060,11961,140,44,78,123
3993,2026-06-30 11:04:26,11,tech,8352,6998,171,68,110,434
3994,2026-02-27 15:19:45,15,tech,4070,2771,71,14,38,319
3995,2026-03-23 10:50:18,10,tech,55885,47452,1511,255,440,397
3996,2026-04-15 15:02:37,15,business,1025,799,13,4,3,185
3997,2026-07-16 10:37:42,10,design,15776,13562,916,45,70,217
3998,2026-07-21 13:07:51,13,tech,6411,4823,169,69,89,461
3999,2026-04-01 19:29:59,19,business,706,600,11,3,2,136
4000,2026-03-04 12:26:04,12,design,10523,8591,680,65,29,313
4001,2026-06-06 18:08:34,18,design,1905,1509,95,4,5,229
4002,2026-04-02 06:48:10,6,design,5180,3695,316,18,10,287
4003,2026-03-19 16:02:11,16,design,3569,2660,223,17,10,305
4004,2026-03-22 13:00:03,13,business,2840,2420,38,14,17,168
4005,2026-05-07 08:00:23,8,design,6934,4845,435,16,25,307
4006,2026-05-06 03:15:22,3,business,379,355,8,1,1,139
4007,2026-04-29 11:34:12,11,design,86297,63204,5220,360,191,357
4008,2026-02-20 18:08:00,18,business,12107,9879,261,79,77,152
4009,2026-04-16 02:53:38,2,tech,1565,1274,29,8,24,325
4010,2026-03-07 18:39:24,18,design,6436,4811,258,33,14,293
4011,2026-03-19 10:11:29,10,design,4610,3994,256,22,9,286
4012,2026-06-13 12:21:56,12,business,5043,3718,69,35,34,129
4013,2026-05-11 11:48:56,11,tech,2336,1718,47,13,33,475
4014,2026-04-07 08:35:32,8,tech,2517,1694,60,21,24,570
4015,2026-05-27 12:09:31,12,tech,4865,4318,109,27,37,288
4016,2026-03-04 23:49:36,23,design,13906,10999,742,80,25,336
4017,2026-03-30 10:10:32,10,design,16908,11774,719,32,57,279
4018,2026-03-07 10:14:47,10,design,5148,4369,329,22,13,303
4019,2026-03-06 06:18:24,6,design,4076,3747,280,17,11,244
4020,2026-06-26 17:16:04,17,design,8021,6191,328,12,31,298
4021,2026-03-05 06:02:15,6,design,23879,20945,1664,133,46,282
4022,2026-07-06 12:45:47,12,tech,11523,7591,209,95,130,410
4023,2026-03-17 09:33:41,9,design,1840,1313,97,4,6,225
4024,2026-03-20 13:00:04,13,tech,4421,2891,84,37,46,575
4025,2026-08-04 16:07:26,16,tech,44838,40036,1376,428,376,386
4026,2026-08-08 15:50:51,15,tech,2841,1889,71,16,29,493
4027,2026-07-19 09:50:24,9,design,6419,4303,350,21,21,323
4028,2026-04-29 05:38:08,5,tech,544,464,13,2,7,415
4029,2026-03-24 13:00:40,13,tech,4283,3840,121,56,37,427
4030,2026-08-18 08:24:41,8,tech,8877,5984,159,71,48,557
4031,2026-07-13 09:06:53,9,tech,2950,2704,93,33,44,279
4032,2026-08-10 20:17:36,20,business,6357,6035,130,40,36,172
4033,2026-04-22 23:25:42,23,tech,2636,1984,56,27,16,342
4034,2026-04-10 18:57:25,18,business,1988,1451,43,11,9,164
4035,2026-06-22 14:43:43,14,tech,2846,2161,51,16,41,322
4036,2026-08-06 11:14:04,11,design,28363,22595,1807,65,73,346
4037,2026-06-06 09:07:47,9,business,16130,11275,153,100,105,111
4038,2026-03-31 16:29:44,16,business,3450,2654,77,18,24,120
4039,2026-08-08 18:21:30,18,tech,36271,24867,812,163,251,228
4040,2026-07-30 10:59:47,10,design,7347,6495,512,22,32,246
4041,2026-06-09 20:07:25,20,design,427,398,20,0,2,376
4042,2026-05-11 09:28:55,9,tech,8262,6058,164,70,96,351
4043,2026-08-03 09:02:26,9,tech,3723,2733,54,33,27,258
4044,2026-03-11 09:38:09,9,tech,11594,9930,208,139,117,376
4045,2026-04-03 17:40:37,17,business,10199,8432,136,73,83,246
4046,2026-06-28 10:12:12,10,business,1374,1255,15,3,10,162
4047,2026-06-09 11:16:14,11,tech,1951,1836,43,18,20,255
4048,2026-06-26 12:13:14,12,tech,1113,956,29,12,17,432
4049,2026-04-14 10:39:38,10,business,567,497,10,4,3,170
4050,2026-05-02 02:50:05,2,design,430,284,23,1,1,243
4051,2026-04-29 19:58:10,19,tech,1026,967,35,8,8,418
4052,2026-07-22 14:40:51,14,tech,6019,4325,116,57,70,452
4053,2026-04-20 18:11:37,18,tech,17413,16103,567,100,136,485
4054,2026-04-29 12:23:26,12,design,1529,1108,58,5,3,385
4055,2026-07-18 10:42:17,10,tech,1525,1409,53,20,17,286
4056,2026-05-26 08:37:33,8,design,1877,1678,140,9,9,262
4057,2026-05-20 07:59:07,7,design,457,404,27,1,1,242
4058,2026-03-18 07:08:11,7,tech,4481,3136,119,32,43,515
4059,2026-06-01 15:10:58,15,design,986,880,79,3,3,291
4060,2026-04-13 18:47:24,18,tech,5549,4555,179,44,43,424
4061,2026-06-04 15:35:40,15,tech,2678,1961,53,22,27,144
4062,2026-07-06 13:30:00,13,design,5771,4167,317,18,8,274
4063,2026-06-03 11:35:48,11,business,35477,30677,733,284,142,172
4064,2026-05-05 09:06:22,9,tech,36438,25598,862,342,351,370
4065,2026-05-09 17:00:42,17,design,5978,4551,375,29,18,324
4066,2026-02-26 17:42:26,17,design,7122,5119,401,14,22,225
4067,2026-06-09 13:59:47,13,tech,2994,2217,50,17,33,455
4068,2026-07-29 10:18:40,10,design,7535,5366,337,10,25,296
4069,2026-06-14 09:42:23,9,design,1198,932,77,4,2,225
4070,2026-04-15 15:43:49,15,tech,1306,1125,40,7,22,592
4071,2026-07-17 09:14:49,9,design,2439,2127,142,10,7,282
4072,2026-07-26 15:29:17,15,design,1788,1295,65,2,2,311
4073,2026-04-29 13:51:50,13,design,3239,2365,151,14,13,237
4074,2026-03-31 10:36:02,10,design,5802,4512,321,23,10,333
4075,2026-03-30 14:07:21,14,business,3180,2293,39,22,22,207
4076,2026-03-23 21:08:46,21,tech,6509,6111,134,85,89,391
4077,2026-06-11 19:25:40,19,design,8034,6817,530,14,32,343
4078,2026-06-24 17:32:02,17,design,9502,8623,522,44,43,237
4079,2026-08-02 13:38:04,13,tech,8943,6793,199,73,63,306
4080,2026-07-03 19:21:11,19,tech,786,549,18,3,9,402
4081,2026-02-23 07:44:38,7,design,1322,1013,72,3,5,313
4082,2026-07-08 15:02:16,15,design,25016,19166,1103,114,54,220
4083,2026-05-26 11:53:25,11,design,4668,4076,327,28,12,300
4084,2026-06-04 20:10:56,20,tech,332,251,7,2,4,475
4085,2026-03-16 14:46:14,14,design,2602,2122,117,12,5,303
4086,2026-07-02 08:14:33,8,business,727,597,16,4,5,169
4087,2026-03-25 03:37:00,3,business,15440,12159,232,89,94,97
4088,2026-03-25 11:07:53,11,design,13247,12358,782,78,52,198
4089,2026-04-30 19:15:50,19,design,2732,1811,157,4,9,360
4090,2026-07-21 09:55:04,9,design,4270,2817,159,16,6,304
4091,2026-03-08 07:32:38,7,business,677,571,15,2,4,114
4092,2026-04-23 10:32:33,10,tech,9570,6270,172,69,94,214
4093,2026-05-04 16:30:53,16,tech,5280,3698,84,41,51,205
4094,2026-07-23 08:11:47,8,business,5647,4422,86,34,35,129
4095,2026-03-30 17:51:37,17,design,1653,1348,108,8,3,346
4096,2026-07-09 16:40:17,16,design,3132,2252,122,8,11,257
4097,2026-03-06 10:20:52,10,design,4342,4000,266,31,17,368
4098,2026-05-23 11:07:10,11,tech,1689,1211,45,9,22,297
4099,2026-05-15 17:01:43,17,tech,2604,2294,76,18,44,419
4100,2026-05-26 17:18:42,17,business,24367,16793,415,160,82,130
4101,2026-03-27 17:33:34,17,business,4117,3899,64,14,37,133
4102,2026-04-17 10:08:22,10,business,986,722,15,5,7,135
4103,2026-07-13 18:40:05,18,tech,10786,9534,358,70,157,364
4104,2026-05-05 09:51:14,9,design,2539,2266,170,17,7,269
4105,2026-05-12 11:23:17,11,design,3130,2561,208,11,14,287
4106,2026-05-11 10:55:26,10,business,2388,1959,23,14,14,198
4107,2026-08-10 14:46:24,14,tech,4266,3012,70,43,32,300
4108,2026-06-16 09:48:45,9,tech,10608,8154,324,45,85,412
4109,2026-05-29 16:58:01,16,tech,1882,1561,58,22,21,409
4110,2026-07-02 11:35:31,11,business,901,652,8,4,4,181
4111,2026-05-27 09:00:00,9,tech,20285,16955,350,214,331,375
4112,2026-06-24 04:01:09,4,tech,939,744,23,4,11,332
4113,2026-03-16 10:16:02,10,tech,1052,974,35,12,12,423
4114,2026-05-28 20:14:43,20,business,9083,7645,89,59,71,125
4115,2026-06-03 16:16:12,16,tech,17222,11998,273,178,162,277
4116,2026-04-29 16:07:17,16,tech,15825,11621,434,72,170,376
4117,2026-06-24 12:38:39,12,tech,15667,11925,367,138,232,349
4118,2026-07-28 12:12:51,12,design,2733,2266,181,14,6,327
4119,2026-05-08 15:24:52,15,business,980,680,11,6,5,134
4120,2026-02-26 17:19:37,17,tech,36098,28998,715,393,324,508
4121,2026-06-04 12:41:24,12,tech,15201,11794,327,158,221,419
4122,2026-07-22 16:43:43,16,tech,6175,5730,225,70,80,405
4123,2026-07-28 12:13:50,12,tech,2588,2014,72,13,27,271
4124,2026-03-29 12:38:37,12,business,12169,9873,154,61,61,150
4125,2026-06-07 08:50:59,8,tech,14357,13076,500,104,107,347
4126,2026-04-24 16:03:29,16,business,349,263,5,1,1,158
4127,2026-04-13 09:49:00,9,design,9326,8644,647,56,25,322
4128,2026-04-20 11:46:03,11,tech,16391,12530,484,106,184,384
4129,2026-05-12 20:15:01,20,tech,38573,36447,1083,302,416,477
4130,2026-07-31 17:12:40,17,tech,11619,9846,350,77,170,318
4131,2026-08-10 18:55:34,18,tech,6686,5158,160,64,65,371
4132,2026-07-23 22:02:50,22,design,4820,3331,199,9,18,208
4133,2026-07-18 23:35:14,23,tech,7487,6640,226,33,129,362
4134,2026-06-22 14:53:38,14,tech,6469,4355,121,42,48,417
4135,2026-06-17 14:18:14,14,business,2302,1988,33,14,11,170
4136,2026-07-14 15:52:32,15,tech,9292,6768,203,38,62,432
4137,2026-07-19 09:48:56,9,design,5370,3930,245,29,17,366
4138,2026-04-19 06:05:35,6,tech,376,267,8,2,2,418
4139,2026-05-29 22:09:21,22,design,4553,3046,180,15,17,324
4140,2026-06-24 20:24:23,20,tech,6320,5074,103,26,89,290
4141,2026-05-18 07:11:13,7,business,2950,2096,21,18,11,181
4142,2026-04-25 11:31:28,11,tech,5754,5411,145,47,93,425
4143,2026-04-04 08:50:06,8,tech,2596,2177,81,28,18,353
4144,2026-03-14 13:53:34,13,design,6024,5255,470,14,27,411
4145,2026-04-11 18:59:52,18,tech,890,758,17,11,15,496
4146,2026-04-24 18:07:52,18,design,551,370,26,2,2,258
4147,2026-05-22 12:08:21,12,design,3339,2749,159,5,15,321
4148,2026-08-01 09:35:18,9,tech,3730,2548,99,34,45,357
4149,2026-04-15 15:13:19,15,tech,1798,1224,27,17,14,457
4150,2026-04-15 22:37:33,22,tech,2867,2314,85,22,23,302
4151,2026-07-18 07:41:39,7,design,260,177,10,0,0,385
4152,2026-02-23 16:08:40,16,tech,11585,10850,369,55,212,307
4153,2026-03-14 17:36:54,17,tech,4471,3495,116,30,65,413
4154,2026-07-31 16:18:25,16,tech,4011,3177,67,33,51,328
4155,2026-03-04 13:24:27,13,design,9295,7357,564,40,23,283
4156,2026-05-19 15:25:21,15,tech,2041,1865,56,14,17,682
4157,2026-04-27 05:30:13,5,design,6305,5682,299,20,21,304
4158,2026-05-13 15:01:55,15,tech,3795,2825,85,17,25,567
4159,2026-03-16 18:50:27,18,business,1259,1142,16,8,6,104
4160,2026-06-10 17:52:59,17,tech,1282,1141,30,9,21,515
4161,2026-08-16 17:05:10,17,design,412,313,17,1,1,298
4162,2026-03-26 00:06:54,0,tech,6906,5992,149,77,59,452
4163,2026-06-01 08:17:23,8,tech,12005,8084,317,70,156,308
4164,2026-05-08 10:48:02,10,design,69443,50980,3110,370,274,297
4165,2026-07-23 17:50:07,17,tech,1466,959,29,12,14,531
4166,2026-06-27 14:51:16,14,design,4628,3281,169,18,15,314
4167,2026-02-22 17:11:15,17,design,31211,25581,1690,184,114,297
4168,2026-05-18 09:14:51,9,tech,7167,5655,120,80,52,419
4169,2026-06-29 00:53:11,0,design,4383,3666,287,20,18,315
4170,2026-05-15 08:16:45,8,design,16898,13372,1173,49,34,228
4171,2026-04-11 18:24:55,18,tech,5827,4043,149,21,74,267
4172,2026-03-24 16:23:04,16,business,1372,908,19,4,7,181
4173,2026-06-25 15:08:54,15,design,2493,1959,166,10,7,369
4174,2026-07-30 09:14:47,9,business,71295,48804,542,352,334,166
4175,2026-06-04 18:58:34,18,tech,19324,14619,522,103,118,541
4176,2026-05-23 13:12:52,13,business,24342,21751,593,202,117,192
4177,2026-03-13 11:59:45,11,tech,6655,5613,200,57,68,299
4178,2026-05-17 07:00:36,7,tech,7517,5037,185,40,77,380
4179,2026-05-01 21:14:58,21,business,8364,6907,157,24,65,151
4180,2026-05-17 11:08:54,11,business,3804,2646,50,19,18,197
4181,2026-05-30 18:12:32,18,design,17439,16397,1072,128,71,396
4182,2026-05-10 23:29:27,23,tech,6428,4218,148,62,58,349
4183,2026-06-03 04:36:50,4,tech,3152,2969,108,26,52,503
4184,2026-08-18 17:02:20,17,design,5498,3736,274,24,16,382
4185,2026-05-21 09:27:32,9,business,5507,4365,104,29,19,135
4186,2026-05-02 18:43:04,18,design,6900,5101,362,13,12,359
4187,2026-08-10 18:15:52,18,design,3615,3276,188,15,11,328
4188,2026-06-22 19:50:37,19,design,1763,1374,102,6,2,352
4189,2026-08-15 10:22:50,10,tech,54478,37204,1107,376,333,267
4190,2026-06-21 19:46:02,19,business,9375,6238,148,25,60,199
4191,2026-05-13 17:12:23,17,tech,12259,10253,328,73,173,386
4192,2026-07-13 17:12:36,17,tech,58390,43321,1690,489,472,267
4193,2026-04-19 10:41:49,10,design,7973,6098,356,14,22,306
4194,2026-05-12 14:20:24,14,business,1250,1120,21,4,6,182
4195,2026-05-07 08:32:45,8,tech,1153,1001,25,10,18,621
4196,2026-03-18 22:54:55,22,business,2870,2719,31,26,23,176
4197,2026-05-09 19:38:33,19,tech,5383,4938,148,43,65,398
4198,2026-05-06 13:05:40,13,tech,3446,3099,108,19,37,514
4199,2026-07-20 10:29:53,10,design,1826,1541,131,10,4,283
4200,2026-04-07 12:21:24,12,tech,681,557,15,6,7,329
4201,2026-07-06 08:45:43,8,tech,4037,3248,128,38,46,370
4202,2026-04-14 18:26:07,18,tech,3123,2546,65,15,42,456
4203,2026-07-25 12:20:55,12,tech,633,488,10,3,6,520
4204,2026-06-16 10:23:58,10,design,23376,16677,1453,44,48,274
4205,2026-03-24 17:40:08,17,design,529,497,38,3,1,365
4206,2026-03-08 11:39:19,11,business,3314,2560,32,24,22,169
4207,2026-07-12 15:39:23,15,tech,1518,1109,30,7,8,414
4208,2026-05-24 13:03:15,13,design,579,424,24,2,1,327
4209,2026-03-20 10:28:42,10,design,3381,2918,175,10,12,223
4210,2026-05-24 16:49:29,16,business,8022,6035,80,43,37,170
4211,2026-03-12 13:28:55,13,tech,5492,4235,137,43,34,357
4212,2026-05-29 09:54:13,9,business,3225,2899,70,25,11,108
4213,2026-04-16 10:55:45,10,tech,2063,1938,49,19,23,426
4214,2026-04-16 10:55:59,10,tech,18868,13744,328,148,220,490
4215,2026-05-14 10:20:01,10,business,663,588,11,4,4,181
4216,2026-04-20 11:15:48,11,design,5541,3833,232,9,8,261
4217,2026-08-16 09:39:24,9,business,7977,6673,191,37,65,136
4218,2026-02-26 18:27:02,18,tech,5105,4379,98,27,60,452
4219,2026-04-07 16:39:10,16,design,2331,1763,138,13,4,337
4220,2026-03-17 18:10:27,18,tech,19213,17991,536,182,194,287
4221,2026-08-16 12:21:08,12,business,856,638,7,1,5,135
4222,2026-03-16 11:32:03,11,tech,8978,7481,236,99,66,451
4223,2026-03-14 15:45:38,15,business,4746,4330,50,25,30,114
4224,2026-04-23 08:14:39,8,business,63119,43811,622,283,396,127
4225,2026-05-04 21:58:12,21,tech,2821,2383,52,34,29,435
4226,2026-08-08 17:37:01,17,design,18934,13236,1053,90,35,325
4227,2026-08-12 17:47:07,17,tech,3784,3122,83,22,43,328
4228,2026-03-30 16:10:34,16,tech,7561,7018,216,66,76,332
4229,2026-08-07 08:36:30,8,design,35735,26464,1539,136,76,281
4230,2026-08-13 10:04:50,10,design,755,704,55,3,1,368
4231,2026-03-13 20:39:02,20,tech,22126,20414,563,253,350,328
4232,2026-03-07 01:01:43,1,tech,569,520,19,4,8,332
4233,2026-04-05 11:49:54,11,design,1961,1524,116,8,4,323
4234,2026-04-26 18:55:42,18,tech,2731,2270,48,12,31,418
4235,2026-08-15 09:48:23,9,business,11240,7373,78,41,46,185
4236,2026-04-16 18:08:10,18,business,7541,7101,190,22,33,170
4237,2026-06-11 13:06:50,13,tech,1895,1620,54,23,23,315
4238,2026-04-09 18:17:20,18,tech,4028,2831,86,37,26,352
4239,2026-07-05 17:59:40,17,business,732,529,11,4,5,105
4240,2026-05-08 14:43:34,14,tech,2212,1555,44,14,30,397
4241,2026-03-11 09:09:22,9,design,3656,2773,172,12,12,331
4242,2026-04-25 13:28:31,13,business,625,579,7,5,4,179
4243,2026-07-20 03:27:23,3,design,1143,833,64,4,4,332
4244,2026-06-14 09:03:56,9,business,2843,2199,31,11,10,126
4245,2026-08-08 17:53:02,17,tech,317,279,9,2,5,255
4246,2026-02-23 20:59:49,20,design,2668,1736,114,11,8,288
4247,2026-08-17 14:27:19,14,tech,1755,1593,58,7,24,400
4248,2026-03-04 19:56:04,19,design,11022,7397,473,47,15,355
4249,2026-07-27 10:39:47,10,design,5287,3983,219,29,10,374
4250,2026-07-26 18:45:55,18,design,6748,5108,379,18,23,261
4251,2026-07-15 22:07:58,22,tech,1756,1396,42,8,13,359
4252,2026-07-16 06:08:10,6,tech,18687,16000,441,114,171,341
4253,2026-04-30 12:09:13,12,design,103278,85437,5789,188,373,334
4254,2026-06-02 08:27:03,8,tech,6038,5255,139,34,69,441
4255,2026-06-27 08:31:56,8,business,6162,5373,79,44,34,163
4256,2026-03-03 12:53:12,12,business,2427,2109,56,10,16,194
4257,2026-07-14 10:45:41,10,design,8488,7324,638,28,27,351
4258,2026-07-10 16:28:54,16,tech,4663,4390,115,24,66,445
4259,2026-07-01 23:31:04,23,design,4419,3115,158,13,9,348
4260,2026-07-19 12:36:33,12,design,6097,5028,400,32,29,271
4261,2026-04-24 15:31:03,15,business,11010,9517,247,39,53,147
4262,2026-08-10 14:38:18,14,tech,34289,25539,522,160,470,503
4263,2026-03-08 12:08:58,12,tech,1584,1110,42,7,13,461
4264,2026-08-07 10:26:04,10,tech,4257,2931,115,29,52,388
4265,2026-05-16 12:27:30,12,design,17477,14004,1188,99,82,368
4266,2026-05-02 09:26:28,9,tech,18229,12216,264,111,183,300
4267,2026-03-13 08:20:35,8,tech,4655,3068,117,22,27,300
4268,2026-03-12 10:58:57,10,design,2937,2417,128,17,9,259
4269,2026-07-14 10:57:05,10,tech,12877,10247,219,105,201,388
4270,2026-05-02 20:02:33,20,tech,1008,752,20,4,9,412
4271,2026-03-25 07:18:12,7,design,6901,5165,404,29,20,384
4272,2026-06-19 07:16:11,7,design,2256,1792,135,13,9,375
4273,2026-07-09 09:25:38,9,business,1339,932,27,6,4,192
4274,2026-04-09 11:37:49,11,design,2885,2060,118,5,6,316
4275,2026-02-21 10:58:57,10,design,2017,1626,130,10,4,305
4276,2026-07-22 23:36:39,23,business,12558,10240,206,65,82,145
4277,2026-04-03 05:14:58,5,tech,2258,2129,58,14,32,328
4278,2026-07-26 22:21:52,22,tech,2657,2496,90,23,25,438
4279,2026-05-26 11:58:23,11,design,32265,25534,1918,92,119,352
4280,2026-05-14 22:35:26,22,business,8015,6854,147,64,35,133
4281,2026-02-28 18:01:38,18,tech,7502,7055,192,90,132,416
4282,2026-04-05 09:17:06,9,tech,2439,2306,65,17,24,409
4283,2026-05-02 12:06:46,12,design,792,604,49,1,2,160
4284,2026-06-13 19:18:32,19,tech,2325,1840,61,12,21,519
4285,2026-08-14 19:04:08,19,tech,75028,57315,1791,573,483,364
4286,2026-07-03 23:36:07,23,tech,1726,1212,31,10,23,508
4287,2026-06-04 17:11:54,17,business,2148,1814,37,16,14,159
4288,2026-03-20 06:30:50,6,business,3268,2799,80,9,27,159
4289,2026-05-05 20:16:01,20,tech,996,866,18,8,8,379
4290,2026-05-02 10:01:38,10,tech,2359,1617,55,9,22,351
4291,2026-04-23 16:52:57,16,tech,4041,2854,77,37,27,512
4292,2026-06-05 09:34:29,9,tech,5906,4032,143,51,67,436
4293,2026-03-04 18:59:38,18,tech,2649,2394,77,34,36,385
4294,2026-05-12 23:40:24,23,design,10589,8522,551,50,42,421
4295,2026-06-09 12:18:08,12,tech,625,577,12,8,7,407
4296,2026-04-08 12:00:42,12,tech,480,425,9,4,7,481
4297,2026-07-29 07:09:18,7,business,4692,3459,53,21,29,128
4298,2026-04-05 09:35:06,9,tech,4477,4246,115,63,81,323
4299,2026-07-31 08:27:17,8,tech,3156,2568,56,22,37,229
4300,2026-05-10 16:12:39,16,business,28199,26033,594,110,167,102
4301,2026-06-03 09:31:29,9,business,1275,1084,14,8,7,137
4302,2026-05-22 16:13:21,16,design,11041,9878,498,54,25,304
4303,2026-08-18 08:34:35,8,business,6133,5726,99,53,26,163
4304,2026-07-12 08:43:20,8,tech,2612,1948,51,9,23,345
4305,2026-05-21 11:04:34,11,tech,3374,2519,67,17,45,368
4306,2026-05-28 21:00:51,21,business,13072,11233,294,91,99,140
4307,2026-03-21 00:24:30,0,tech,18461,12001,336,146,208,412
4308,2026-03-10 09:34:53,9,business,10814,9313,177,61,55,130
4309,2026-02-24 15:06:48,15,business,986,889,24,7,4,142
4310,2026-03-04 08:44:42,8,tech,4588,3685,112,22,69,212
4311,2026-02-21 09:30:16,9,business,3662,2386,71,9,15,145
4312,2026-03-19 09:55:15,9,tech,27514,22725,734,182,304,430
4313,2026-03-05 08:16:30,8,tech,455,409,10,3,7,387
4314,2026-07-25 14:38:17,14,tech,2562,1991,50,21,26,383
4315,2026-07-26 11:42:58,11,tech,2849,2519,51,29,29,385
4316,2026-05-20 18:53:40,18,tech,2134,1626,64,14,23,465
4317,2026-06-07 11:12:57,11,tech,1696,1328,48,17,23,347
4318,2026-06-28 16:11:13,16,design,3998,2640,237,19,6,304
4319,2026-08-17 16:17:44,16,business,742,649,12,4,3,156
4320,2026-03-13 08:47:38,8,tech,4380,3241,91,38,41,515
4321,2026-07-29 10:15:43,10,business,95906,66208,1185,354,360,168
4322,2026-05-29 20:38:04,20,design,1405,1130,77,6,4,298
4323,2026-03-11 18:55:56,18,design,1362,988,85,4,3,369
4324,2026-05-01 20:50:28,20,design,1350,1134,58,7,3,305
4325,2026-04-06 11:32:26,11,business,3686,2538,43,14,10,175
4326,2026-06-20 19:39:24,19,business,11794,8504,217,25,75,121
4327,2026-03-14 21:03:34,21,design,4708,4018,277,31,16,220
4328,2026-05-03 09:50:54,9,business,2160,1926,30,8,10,167
4329,2026-05-08 10:32:57,10,design,10519,9572,567,33,52,284
4330,2026-06-18 15:34:01,15,design,6576,4368,298,28,14,308
4331,2026-02-23 15:57:52,15,business,3143,2721,52,18,21,187
4332,2026-04-24 14:22:41,14,design,921,800,41,3,3,273
4333,2026-07-13 17:13:41,17,business,25212,19361,308,156,83,181
4334,2026-03-26 15:00:33,15,tech,10575,9299,278,118,151,253
4335,2026-06-09 06:08:16,6,business,814,679,7,5,6,176
4336,2026-07-02 21:37:04,21,tech,779,612,22,7,5,317
4337,2026-03-25 11:23:06,11,design,3295,2861,153,20,8,263
4338,2026-05-19 12:27:43,12,tech,4659,4421,102,49,69,409
4339,2026-06-15 00:07:02,0,tech,5055,4036,152,48,36,197
4340,2026-06-03 14:59:20,14,tech,8995,6176,220,65,104,362
4341,2026-02-21 10:54:33,10,business,668,557,9,5,4,170
4342,2026-06-25 23:22:30,23,tech,237,196,7,2,2,465
4343,2026-04-11 17:26:13,17,tech,1515,1327,33,10,13,386
4344,2026-05-06 16:06:29,16,tech,2264,2084,74,21,33,435
4345,2026-03-03 11:32:26,11,tech,15745,14064,397,102,205,560
4346,2026-03-08 11:46:33,11,tech,384,288,6,2,3,323
4347,2026-04-23 08:04:30,8,design,4083,2890,199,11,11,328
4348,2026-03-24 12:42:07,12,business,7700,5678,144,42,54,231
4349,2026-05-14 16:32:09,16,design,5829,5348,315,30,28,252
4350,2026-08-06 18:35:31,18,design,8449,6267,358,19,21,372
4351,2026-03-04 06:38:21,6,tech,2637,1759,55,17,21,464
4352,2026-08-12 12:33:18,12,business,533,459,8,2,2,152
4353,2026-04-14 17:54:48,17,design,5662,5253,271,26,22,255
4354,2026-03-19 08:30:46,8,design,632,578,40,3,3,308
4355,2026-06-22 10:10:12,10,tech,2813,2498,50,15,38,373
4356,2026-03-10 09:53:00,9,design,7113,5379,436,10,19,386
4357,2026-07-18 03:58:24,3,tech,347,234,7,2,3,367
4358,2026-07-25 09:09:32,9,tech,61838,48608,1778,592,810,343
4359,2026-07-22 16:12:39,16,business,2234,1649,43,9,9,173
4360,2026-03-05 14:26:12,14,tech,2507,1995,53,19,33,262
4361,2026-07-23 20:05:31,20,design,573,526,39,2,2,237
4362,2026-08-19 11:04:20,11,design,12381,9098,713,28,42,215
4363,2026-04-03 16:06:21,16,design,2219,1740,98,12,5,334
4364,2026-07-15 08:37:36,8,tech,16648,15593,613,192,136,403
4365,2026-07-23 10:11:16,10,design,2178,1536,109,7,4,290
4366,2026-08-15 11:39:17,11,business,3052,2292,36,13,16,136
4367,2026-08-16 10:34:58,10,tech,28979,24841,727,139,436,475
4368,2026-07-01 15:34:21,15,design,1293,1222,75,5,7,301
4369,2026-04-15 15:46:30,15,tech,900,662,16,5,12,498
4370,2026-04-09 11:02:05,11,tech,8042,7583,243,41,118,340
4371,2026-04-02 11:14:58,11,design,26405,20262,1252,142,111,355
4372,2026-03-17 12:51:23,12,tech,2198,1770,53,15,20,382
4373,2026-03-24 02:39:58,2,tech,13791,12762,341,173,232,386
4374,2026-08-08 08:26:23,8,design,434,315,24,2,1,301
4375,2026-04-16 04:21:53,4,tech,3796,3243,125,27,56,449
4376,2026-06-22 19:02:35,19,business,1260,965,27,6,9,162
4377,2026-05-04 17:38:07,17,tech,12194,10484,364,54,185,375
4378,2026-03-29 09:57:28,9,design,2473,1698,136,6,3,296
4379,2026-04-22 09:55:10,9,business,2663,2190,45,21,8,165
4380,2026-03-30 11:01:51,11,design,6267,4648,325,13,25,345
4381,2026-04-04 17:34:37,17,tech,11604,7858,297,57,89,326
4382,2026-03-14 10:49:51,10,business,1900,1473,35,10,9,125
4383,2026-04-10 09:48:30,9,design,8917,7391,427,24,32,208
4384,2026-03-30 18:22:36,18,tech,5173,3414,120,24,32,242
4385,2026-03-13 16:16:34,16,design,7117,5242,407,24,18,290
4386,2026-06-16 16:00:16,16,design,6479,4341,307,21,14,333
4387,2026-05-15 08:51:33,8,design,805,636,50,2,2,285
4388,2026-05-27 07:16:31,7,design,567,468,25,1,2,346
4389,2026-04-28 08:13:09,8,tech,5822,5174,125,61,87,353
4390,2026-03-19 09:32:24,9,tech,3927,3479,73,45,68,624
4391,2026-07-22 11:04:19,11,tech,1176,1018,25,14,11,679
4392,2026-04-29 05:55:58,5,tech,916,664,17,3,7,482
4393,2026-08-04 17:40:56,17,tech,6322,4947,182,52,42,402
4394,2026-08-04 05:50:56,5,tech,2072,1388,42,14,17,134
4395,2026-07-26 18:33:22,18,design,5974,4401,309,12,16,427
4396,2026-05-09 00:05:22,0,tech,868,720,26,4,7,442
4397,2026-08-12 11:16:52,11,business,19869,15155,182,62,87,136
4398,2026-06-14 09:07:24,9,business,3045,2576,40,24,24,140
4399,2026-07-23 11:03:05,11,design,20921,19216,1229,41,73,347
4400,2026-05-03 00:31:59,0,design,3280,2912,175,6,17,241
4401,2026-06-21 08:47:17,8,tech,1745,1289,51,16,24,519
4402,2026-08-16 14:51:53,14,business,368,299,6,1,2,131
4403,2026-07-16 15:38:44,15,tech,12902,8709,214,45,128,545
4404,2026-05-04 14:24:12,14,design,1035,794,47,5,3,272
4405,2026-03-16 07:54:19,7,design,1798,1555,96,3,6,303
4406,2026-05-29 16:07:54,16,tech,582,506,10,6,4,463
4407,2026-08-01 11:03:15,11,business,4069,2688,53,14,26,151
4408,2026-05-30 13:46:42,13,design,10968,7407,464,45,24,264
4409,2026-07-23 12:29:27,12,design,3157,2498,174,8,13,241
4410,2026-05-19 07:17:22,7,tech,12015,7937,278,50,72,428
4411,2026-04-06 15:17:01,15,design,2328,2036,181,13,7,286
4412,2026-04-11 05:26:53,5,tech,741,669,21,6,5,430
4413,2026-04-22 17:12:48,17,tech,4457,3370,126,49,64,518
4414,2026-07-10 15:50:57,15,design,915,745,65,4,1,295
4415,2026-03-08 11:28:21,11,design,997,667,51,2,3,355
4416,2026-05-10 17:34:52,17,design,7206,5298,316,23,12,237
4417,2026-08-15 06:35:11,6,tech,3641,3375,78,19,39,275
4418,2026-03-29 12:28:47,12,tech,13388,10013,297,92,133,381
4419,2026-08-10 11:15:36,11,tech,37558,28470,578,395,460,345
4420,2026-05-22 18:33:41,18,business,49685,39258,407,373,255,166
4421,2026-03-22 15:44:02,15,design,7063,5317,353,32,24,253
4422,2026-04-03 13:33:19,13,tech,2087,1664,39,8,19,299
4423,2026-05-21 10:49:38,10,tech,2842,2536,88,15,26,419
4424,2026-03-04 12:31:13,12,design,1124,1018,79,7,4,305
4425,2026-08-10 06:37:44,6,business,1348,1215,19,8,10,145
4426,2026-08-11 17:23:52,17,design,1001,780,52,4,4,367
4427,2026-04-06 10:49:26,10,business,1008,956,28,5,8,122
4428,2026-02-28 17:27:55,17,tech,3394,3137,100,39,59,518
4429,2026-07-16 20:20:47,20,tech,2327,1529,49,12,24,501
4430,2026-06-16 08:01:42,8,business,2416,2260,38,17,13,157
4431,2026-03-22 07:40:45,7,design,3766,2694,231,6,10,221
4432,2026-07-02 11:06:34,11,tech,5653,4231,129,45,65,504
4433,2026-03-03 13:36:07,13,tech,15139,11454,309,140,122,313
4434,2026-05-23 15:18:07,15,design,8599,7794,519,18,22,304
4435,2026-03-23 20:41:39,20,tech,4467,3592,133,37,33,523
4436,2026-06-27 17:47:02,17,business,631,424,11,2,2,123
4437,2026-03-24 03:46:53,3,tech,1455,1177,41,6,11,292
4438,2026-02-27 09:50:45,9,design,4266,3428,190,19,16,287
4439,2026-06-14 16:56:17,16,business,4171,3481,44,22,24,163
4440,2026-04-04 07:42:41,7,design,787,656,47,1,2,238
4441,2026-06-27 08:13:18,8,tech,1663,1127,32,13,11,514
4442,2026-03-10 16:27:08,16,design,7028,5421,365,27,15,248
4443,2026-06-02 18:03:48,18,design,5053,3387,176,10,13,267
4444,2026-04-23 08:37:56,8,design,16223,15146,1203,100,72,215
4445,2026-05-09 08:52:44,8,business,1151,976,14,4,5,90
4446,2026-07-28 09:01:56,9,business,12924,12048,266,53,119,170
4447,2026-05-22 18:47:02,18,design,2637,2051,117,6,4,232
4448,2026-05-13 10:38:56,10,tech,1123,775,30,4,9,309
4449,2026-07-25 09:13:24,9,tech,1576,1140,37,15,16,190
4450,2026-07-05 13:43:13,13,business,1712,1122,30,6,4,133
4451,2026-02-27 18:54:40,18,tech,3976,2836,82,40,40,385
4452,2026-06-19 10:47:40,10,design,517,346,28,2,1,306
4453,2026-05-08 20:50:39,20,tech,846,658,15,8,9,436
4454,2026-04-02 14:40:44,14,tech,752,677,20,9,10,544
4455,2026-04-26 08:25:05,8,tech,2730,2057,55,24,37,486
4456,2026-03-29 11:46:31,11,design,2921,2339,172,14,5,311
4457,2026-08-11 12:46:18,12,tech,2273,2100,42,17,24,518
4458,2026-04-14 09:56:36,9,design,30259,26241,1943,202,133,277
4459,2026-05-28 09:42:21,9,tech,10030,8460,200,52,160,283
4460,2026-05-18 19:30:34,19,tech,201,131,3,1,1,656
4461,2026-07-20 08:13:38,8,tech,57868,53105,1631,397,1053,507
4462,2026-06-02 07:26:06,7,business,1232,848,16,7,6,133
4463,2026-05-07 16:40:15,16,tech,846,782,23,4,11,381
4464,2026-03-12 16:48:15,16,tech,6619,5918,212,85,76,444
4465,2026-05-21 04:27:46,4,business,3404,2324,48,11,14,161
4466,2026-08-07 16:40:45,16,design,1080,1022,68,7,5,313
4467,2026-03-04 18:15:55,18,tech,15918,14728,344,105,217,288
4468,2026-04-22 14:22:31,14,tech,2198,1954,45,10,35,257
4469,2026-04-23 21:35:21,21,design,900,826,70,2,2,311
4470,2026-07-15 15:30:25,15,design,2069,1386,122,7,5,292
4471,2026-05-11 08:03:33,8,design,5647,5239,337,27,22,341
4472,2026-04-27 10:47:34,10,design,3979,2879,242,13,8,316
4473,2026-07-13 17:40:55,17,tech,2242,1837,51,26,33,354
4474,2026-04-18 17:00:51,17,design,2161,1593,82,6,4,228
4475,2026-06-18 08:30:48,8,business,17149,12726,298,77,110,176
4476,2026-08-10 09:25:19,9,tech,1030,956,29,14,13,485
4477,2026-05-13 14:22:15,14,tech,19140,12932,505,122,233,315
4478,2026-07-26 09:33:26,9,tech,20528,14447,329,164,269,479
4479,2026-08-19 16:13:50,16,tech,1314,899,27,7,16,387
4480,2026-06-04 16:16:40,16,tech,1611,1378,30,15,27,510
4481,2026-06-27 10:09:02,10,tech,22846,17571,373,226,293,480
4482,2026-08-07 12:35:54,12,business,1968,1863,51,13,10,126
4483,2026-07-07 07:43:19,7,tech,4487,3848,150,54,67,329
4484,2026-07-23 18:49:00,18,design,8599,8159,510,47,39,265
4485,2026-03-12 10:13:36,10,tech,3523,2470,97,28,42,331
4486,2026-04-08 20:06:11,20,business,49192,40841,463,322,281,121
4487,2026-08-06 10:43:13,10,tech,17297,11486,334,103,141,446
4488,2026-02-28 19:49:05,19,tech,4346,3260,128,44,41,306
4489,2026-03-16 12:08:17,12,tech,1910,1690,37,18,33,519
4490,2026-03-27 18:03:11,18,tech,4627,3503,107,48,48,545
4491,2026-04-14 04:40:17,4,tech,14771,10586,233,116,178,305
4492,2026-06-30 19:46:11,19,tech,16911,15368,603,90,128,534
4493,2026-04-13 18:50:52,18,tech,7100,6573,182,51,128,240
4494,2026-04-25 11:04:06,11,tech,1813,1403,50,7,11,529
4495,2026-03-31 17:13:48,17,business,10423,7842,180,71,40,183
4496,2026-07-10 16:17:53,16,tech,16493,14098,362,107,194,264
4497,2026-02-23 08:13:00,8,business,7457,6823,125,29,35,145
4498,2026-07-03 16:37:37,16,business,1377,956,22,7,9,116
4499,2026-04-01 09:07:38,9,design,3409,2388,194,15,5,251
4500,2026-04-10 18:42:42,18,tech,4027,2824,77,34,33,562
4501,2026-05-21 19:28:08,19,tech,1202,1002,23,5,10,283
4502,2026-06-19 16:06:16,16,design,1759,1480,118,9,3,325
4503,2026-07-07 11:13:35,11,tech,6571,4674,109,30,37,218
4504,2026-07-16 06:50:28,6,design,2588,1708,121,12,10,349
4505,2026-03-20 19:03:21,19,tech,2270,2137,60,22,33,500
4506,2026-04-03 18:49:13,18,design,13581,11993,618,41,51,327
4507,2026-05-12 18:32:50,18,tech,3290,3066,108,16,27,424
4508,2026-03-16 13:44:29,13,tech,3608,2454,70,31,33,508
4509,2026-08-18 13:46:05,13,tech,1320,1036,35,5,18,441
4510,2026-04-05 17:52:24,17,design,8711,7356,645,29,37,257
4511,2026-06-12 13:02:43,13,tech,14633,10798,263,110,157,264
4512,2026-04-21 07:23:25,7,tech,354,265,6,1,3,536
4513,2026-05-28 15:00:12,15,design,1933,1787,148,12,6,229
4514,2026-07-14 10:10:03,10,design,3118,2806,227,22,9,294
4515,2026-06-09 07:52:09,7,design,2474,2046,173,8,8,289
4516,2026-03-25 20:27:40,20,tech,2030,1577,50,8,24,594
4517,2026-05-06 17:09:03,17,tech,51015,37778,1329,399,358,308
4518,2026-08-04 20:13:05,20,design,3862,3483,296,25,17,308
4519,2026-04-15 16:39:31,16,business,3413,2448,68,12,24,116
4520,2026-07-14 09:45:30,9,design,29692,20035,1330,118,102,349
4521,2026-04-09 14:57:31,14,tech,4474,3763,129,43,61,634
4522,2026-05-27 13:18:42,13,tech,2442,2227,59,28,24,271
4523,2026-07-07 17:03:48,17,business,1444,1139,11,9,4,117
4524,2026-08-17 08:55:08,8,tech,2949,2194,60,17,43,413
4525,2026-03-30 00:35:57,0,design,8455,7631,410,41,44,300
4526,2026-04-03 11:23:33,11,tech,3642,3215,100,24,41,469
4527,2026-05-26 17:41:13,17,design,4098,3041,218,10,10,370
4528,2026-07-27 19:02:01,19,tech,1642,1486,39,20,22,397
4529,2026-07-07 06:44:44,6,business,4275,3879,101,21,17,208
4530,2026-05-27 16:09:28,16,tech,13126,12128,273,88,234,465
4531,2026-04-10 14:11:38,14,business,4201,3048,66,14,26,201
4532,2026-07-21 10:21:15,10,design,21093,17198,1532,105,82,308
4533,2026-04-19 09:43:01,9,tech,9198,7112,250,53,114,438
4534,2026-04-23 13:55:42,13,design,18815,14686,1119,36,52,267
4535,2026-04-26 17:53:17,17,business,1269,1197,33,3,9,189
4536,2026-06-16 17:10:57,17,tech,5875,4431,155,45,57,450
4537,2026-04-18 17:07:52,17,tech,4784,4353,98,62,71,413
4538,2026-03-29 10:54:05,10,tech,7073,6056,150,54,113,363
4539,2026-04-04 11:04:52,11,tech,8511,7464,200,74,120,348
4540,2026-04-06 10:33:50,10,tech,4412,3049,118,15,40,537
4541,2026-05-20 08:01:18,8,tech,16000,12012,383,100,168,439
4542,2026-08-04 06:24:16,6,tech,5411,4688,120,69,45,553
4543,2026-05-12 19:55:08,19,design,6084,5432,272,24,19,299
4544,2026-07-27 08:06:53,8,business,1148,991,19,9,7,139
4545,2026-03-22 16:17:40,16,tech,266,247,8,3,4,227
4546,2026-03-29 11:26:04,11,tech,3057,2707,82,14,35,420
4547,2026-05-05 17:06:24,17,design,6694,4539,265,12,13,367
4548,2026-05-21 17:18:07,17,business,27764,19555,455,160,114,158
4549,2026-05-08 06:16:52,6,tech,8950,6779,193,66,86,435
4550,2026-03-24 14:32:54,14,design,15534,13262,1187,102,66,260
4551,2026-04-04 13:37:50,13,design,719,501,37,1,2,297
4552,2026-07-21 00:54:23,0,tech,4258,3794,91,51,51,251
4553,2026-04-14 13:03:44,13,business,2137,1999,36,12,18,190
4554,2026-07-30 17:52:50,17,business,2203,1572,31,9,14,110
4555,2026-08-17 10:53:42,10,business,2198,2009,50,13,17,182
4556,2026-08-19 17:03:33,17,tech,354,273,7,3,2,331
4557,2026-03-16 10:27:55,10,tech,4024,2840,99,24,26,405
4558,2026-04-17 00:38:38,0,tech,45605,29668,849,259,495,415
4559,2026-08-03 17:39:45,17,tech,4183,2855,79,17,28,415
4560,2026-05-04 17:50:02,17,tech,17221,11897,432,98,107,374
4561,2026-08-12 20:50:21,20,business,7095,4664,95,17,19,142
4562,2026-07-01 13:47:55,13,tech,5161,3834,118,44,38,325
4563,2026-08-06 00:04:23,0,design,3801,2664,199,9,14,237
4564,2026-08-15 18:33:51,18,design,2664,1909,140,14,4,311
4565,2026-07-10 11:10:43,11,design,15591,14542,990,95,49,400
4566,2026-04-12 13:55:59,13,design,1250,1033,80,4,5,309
4567,2026-06-04 10:30:58,10,tech,6356,4721,164,38,81,458
4568,2026-04-23 08:01:44,8,tech,4123,3074,110,19,58,252
4569,2026-03-16 09:04:04,9,design,3402,2314,122,10,8,275
4570,2026-05-01 10:34:11,10,tech,1263,897,22,10,11,489
4571,2026-08-16 16:34:26,16,design,2277,1709,135,5,5,309
4572,2026-02-21 11:59:04,11,tech,3223,2293,64,25,44,478
4573,2026-04-22 06:53:58,6,tech,1824,1295,45,13,15,392
4574,2026-05-30 07:14:45,7,business,2995,2288,58,15,22,101
4575,2026-08-03 19:12:25,19,tech,5755,4798,147,60,48,496
4576,2026-05-31 16:17:23,16,business,5102,4438,50,41,34,106
4577,2026-08-06 20:28:37,20,business,1750,1300,36,9,11,144
4578,2026-05-17 11:20:38,11,tech,10864,8734,249,56,131,235
4579,2026-06-18 15:11:47,15,tech,4416,3029,115,31,26,375
4580,2026-05-10 20:50:12,20,tech,5183,4737,186,61,55,263
4581,2026-07-16 18:43:20,18,design,10627,8687,490,54,35,229
4582,2026-06-26 18:03:07,18,business,9340,8344,234,25,76,124
4583,2026-03-14 08:46:48,8,tech,3421,2540,68,32,39,274
4584,2026-04-30 18:03:36,18,business,1097,742,19,5,6,112
4585,2026-07-09 15:41:05,15,design,551,440,24,1,0,302
4586,2026-04-01 04:59:52,4,tech,480,429,10,4,4,385
4587,2026-02-21 17:12:15,17,tech,62229,44766,1540,456,391,378
4588,2026-07-11 10:42:54,10,tech,22360,17084,373,104,204,505
4589,2026-08-04 08:04:22,8,tech,9748,7081,219,104,122,219
4590,2026-02-21 14:54:12,14,tech,336,251,6,2,4,288
4591,2026-06-14 18:25:53,18,tech,18824,17364,486,200,178,397
4592,2026-05-21 15:25:26,15,design,1142,985,74,7,3,304
4593,2026-06-01 14:33:22,14,business,11992,8505,87,35,74,134
4594,2026-04-22 19:32:44,19,business,6725,5685,156,41,23,179
4595,2026-06-12 08:12:37,8,tech,7114,5075,193,74,79,420
4596,2026-03-03 12:55:03,12,tech,4282,3299,70,48,51,443
4597,2026-04-04 07:25:05,7,design,12221,8731,754,20,29,299
4598,2026-03-27 19:26:56,19,design,7288,4801,360,19,25,285
4599,2026-07-12 15:47:31,15,design,4492,3276,254,9,9,303
4600,2026-03-28 17:09:25,17,design,6496,4737,420,37,25,395
4601,2026-07-18 17:17:10,17,tech,40741,33067,1110,310,418,698
4602,2026-06-15 12:10:06,12,tech,1399,1011,22,12,9,388
4603,2026-07-12 10:25:49,10,design,25795,18309,937,111,75,264
4604,2026-06-18 12:10:34,12,tech,1422,1017,35,12,8,584
4605,2026-05-01 15:51:24,15,business,417,342,10,3,2,126
4606,2026-05-23 14:38:28,14,tech,980,893,26,5,8,435
4607,2026-08-10 14:24:03,14,tech,2690,1894,70,24,19,422
4608,2026-07-13 18:49:28,18,tech,985,718,22,8,5,587
4609,2026-06-30 17:53:08,17,tech,1250,1122,28,8,20,328
4610,2026-04-16 07:44:19,7,tech,27108,18991,688,114,232,239
4611,2026-02-27 13:22:21,13,design,1319,864,60,3,3,264
4612,2026-06-25 09:00:44,9,tech,38522,27043,1007,341,476,273
4613,2026-05-31 12:17:48,12,tech,12573,11617,455,96,208,554
4614,2026-08-05 09:45:19,9,design,7339,6629,592,20,32,281
4615,2026-07-07 14:28:18,14,tech,1473,1220,42,18,23,378
4616,2026-03-19 16:40:15,16,tech,1150,770,17,5,10,243
4617,2026-03-01 10:07:27,10,tech,8082,7370,286,66,63,621
4618,2026-06-28 08:44:45,8,business,1354,1201,13,10,8,172
4619,2026-03-16 06:34:18,6,tech,796,701,18,8,9,258
4620,2026-03-15 10:08:41,10,design,7043,5314,292,12,12,235
4621,2026-05-04 17:45:21,17,design,1528,1277,99,3,6,213
4622,2026-05-19 18:38:38,18,tech,2410,2137,48,19,39,274
4623,2026-03-02 13:38:52,13,design,2886,1914,96,10,4,228
4624,2026-03-10 21:56:05,21,design,1954,1576,93,9,7,251
4625,2026-03-12 09:19:36,9,design,9282,6664,552,42,20,289
4626,2026-07-03 12:45:02,12,business,9639,7489,125,25,42,114
4627,2026-03-29 19:39:41,19,design,727,545,43,2,3,337
4628,2026-05-02 10:19:03,10,tech,3344,2277,47,22,27,385
4629,2026-04-30 19:23:54,19,tech,9655,6382,236,74,69,219
4630,2026-03-31 07:59:42,7,tech,18530,13301,485,164,233,600
4631,2026-04-11 08:25:10,8,tech,1523,1140,27,6,13,367
4632,2026-03-23 15:47:47,15,tech,4690,3370,100,46,47,251
4633,2026-03-05 10:29:37,10,tech,484,444,9,4,7,465
4634,2026-05-30 18:29:07,18,design,9389,7778,619,58,29,223
4635,2026-05-28 15:47:39,15,design,1322,1118,63,2,6,321
4636,2026-03-06 09:42:19,9,tech,2167,1718,47,18,14,321
4637,2026-06-08 13:42:40,13,business,6159,4548,84,36,21,86
4638,2026-03-18 09:22:21,9,business,1989,1880,37,13,18,144
4639,2026-05-18 09:07:51,9,business,7826,6770,135,43,53,135
4640,2026-08-16 11:21:24,11,business,34059,32078,537,230,307,196
4641,2026-06-20 08:31:00,8,tech,15483,11835,427,112,205,360
4642,2026-07-06 14:25:54,14,design,22230,18877,1681,37,70,281
4643,2026-04-11 08:53:23,8,tech,1317,1074,29,15,10,402
4644,2026-03-31 09:10:46,9,tech,4935,3330,117,16,62,377
4645,2026-03-11 11:05:31,11,tech,2972,2078,56,19,30,487
4646,2026-03-07 17:47:25,17,design,730,531,27,3,1,334
4647,2026-07-07 08:33:43,8,tech,879,826,26,5,12,362
4648,2026-03-31 03:29:42,3,design,7831,5379,296,24,11,304
4649,2026-07-07 08:25:38,8,business,1094,1010,13,6,6,168
4650,2026-06-23 13:53:47,13,business,360,325,4,1,2,111
4651,2026-08-08 16:09:50,16,tech,4576,3684,117,37,41,420
4652,2026-07-24 07:45:28,7,design,4860,3384,182,17,15,224
4653,2026-07-19 12:22:57,12,tech,4905,4026,111,40,40,500
4654,2026-03-24 11:03:34,11,tech,7659,5541,180,46,98,496
4655,2026-03-06 21:19:32,21,tech,13049,10053,240,137,175,519
4656,2026-06-19 17:22:19,17,tech,12747,9414,374,89,96,465
4657,2026-08-03 16:13:53,16,tech,10134,7119,226,80,112,397
4658,2026-07-19 18:43:03,18,tech,7035,4783,182,66,80,413
4659,2026-06-30 10:22:07,10,business,1475,1299,35,8,10,125
4660,2026-07-06 15:07:31,15,design,861,733,37,3,3,286
4661,2026-06-11 09:04:56,9,design,2408,1847,130,5,10,421
4662,2026-04-20 16:00:02,16,design,2293,1845,148,4,9,220
4663,2026-06-12 09:59:21,9,tech,3970,3561,118,51,70,394
4664,2026-08-16 11:40:02,11,business,58099,47490,659,279,248,113
4665,2026-03-02 10:14:17,10,design,27500,20477,1681,113,113,308
4666,2026-04-20 11:23:46,11,business,3379,2446,51,14,24,133
4667,2026-06-02 10:57:40,10,design,131590,89558,5837,318,301,341
4668,2026-08-02 18:17:03,18,business,17976,15363,371,106,66,147
4669,2026-05-27 11:39:05,11,tech,1652,1168,37,15,10,217
4670,2026-05-18 01:21:18,1,design,1073,799,47,2,2,365
4671,2026-06-19 09:39:33,9,tech,3721,2543,58,30,25,340
4672,2026-06-03 16:17:29,16,design,7138,6420,336,14,15,282
4673,2026-07-24 09:44:27,9,tech,12890,8856,337,55,131,115
4674,2026-02-25 13:24:39,13,tech,11172,8547,326,96,91,485
4675,2026-07-27 18:56:54,18,tech,5091,4788,119,24,54,431
4676,2026-05-22 17:52:02,17,design,6515,5380,382,10,18,342
4677,2026-07-22 19:22:47,19,tech,3297,2988,108,15,46,446
4678,2026-03-28 13:47:00,13,business,11571,8551,116,45,47,121
4679,2026-05-23 15:39:36,15,tech,1506,1090,29,8,18,524
4680,2026-05-31 17:02:11,17,business,1236,958,14,4,6,150
4681,2026-07-16 16:40:51,16,design,5586,4531,238,18,10,316
4682,2026-03-20 18:39:39,18,business,3151,2734,77,14,14,201
4683,2026-04-11 09:25:18,9,business,3372,2929,59,16,20,220
4684,2026-05-28 16:55:27,16,tech,13768,10494,353,99,180,580
4685,2026-03-03 20:17:10,20,tech,1893,1428,53,9,24,444
4686,2026-04-14 10:18:59,10,business,29523,27266,386,89,161,96
4687,2026-07-17 10:20:49,10,design,4246,2962,237,8,7,359
4688,2026-07-05 19:12:11,19,business,8047,6553,128,30,54,160
4689,2026-05-10 09:23:21,9,design,2597,2157,171,11,10,267
4690,2026-06-07 12:20:24,12,business,2528,2071,43,20,8,183
4691,2026-08-08 15:40:28,15,business,3800,3343,38,24,15,131
4692,2026-08-10 10:44:29,10,design,2706,2162,186,10,9,357
4693,2026-03-18 17:01:55,17,design,8398,7544,481,21,26,306
4694,2026-05-14 18:38:47,18,business,8154,7003,150,38,43,197
4695,2026-03-24 13:39:50,13,tech,3053,2105,76,25,32,435
4696,2026-03-09 18:15:02,18,business,56236,38451,861,329,218,162
4697,2026-08-03 16:21:18,16,tech,6385,4277,98,55,37,365
4698,2026-05-26 07:30:57,7,business,8737,5771,86,56,31,155
4699,2026-04-11 12:22:49,12,tech,11116,9986,373,89,170,278
4700,2026-07-06 10:45:11,10,business,1278,1030,13,5,8,152
4701,2026-04-18 18:21:10,18,design,15245,13147,697,87,41,324
4702,2026-06-28 15:29:00,15,business,921,687,20,4,4,141
4703,2026-02-28 10:43:46,10,tech,3547,2329,85,30,34,441
4704,2026-05-13 07:57:51,7,tech,5362,3741,136,24,41,523
4705,2026-05-03 08:18:10,8,design,5221,3444,232,21,9,314
4706,2026-04-06 15:41:45,15,business,6264,4250,58,17,27,135
4707,2026-04-23 18:00:51,18,tech,23902,19378,473,174,320,354
4708,2026-06-11 08:45:23,8,tech,8246,6706,257,79,110,455
4709,2026-07-07 17:07:30,17,design,1233,975,66,5,5,339
4710,2026-04-28 10:25:57,10,design,5158,4360,355,34,21,315
4711,2026-05-12 09:02:56,9,tech,10828,7044,145,77,70,531
4712,2026-05-25 18:00:41,18,tech,3947,3070,84,38,44,447
4713,2026-06-26 10:23:54,10,tech,1644,1304,29,18,24,145
4714,2026-03-07 05:05:17,5,design,3930,2971,171,14,8,291
4715,2026-05-01 16:00:34,16,tech,2887,2077,78,28,33,412
4716,2026-05-20 12:03:24,12,design,9952,6564,374,26,31,268
4717,2026-07-12 14:15:10,14,tech,2052,1620,39,20,16,342
4718,2026-06-30 11:11:52,11,tech,6252,4277,154,36,68,500
4719,2026-07-14 05:47:52,5,tech,4293,3030,82,25,42,232
4720,2026-08-03 19:59:52,19,design,5170,4121,277,20,16,323
4721,2026-08-04 10:59:43,10,business,433,402,8,2,1,124
4722,2026-07-26 06:52:07,6,tech,4383,3461,113,20,49,366
4723,2026-08-15 16:23:05,16,tech,3552,3346,119,24,54,328
4724,2026-07-28 17:50:41,17,design,6174,4749,333,36,10,286
4725,2026-03-20 15:22:57,15,design,5205,4008,327,12,12,251
4726,2026-04-01 10:22:00,10,tech,1960,1466,35,14,15,474
4727,2026-04-14 15:26:08,15,tech,4097,2800,107,41,45,396
4728,2026-06-18 14:01:29,14,tech,462,316,12,3,2,394
4729,2026-02-26 18:42:12,18,business,26409,18306,515,71,161,161
4730,2026-06-13 19:47:34,19,design,712,558,49,2,3,337
4731,2026-04-24 11:27:54,11,business,5566,5190,86,16,49,145
4732,2026-03-20 08:47:31,8,tech,900,690,23,4,12,403
4733,2026-05-04 13:53:40,13,business,10700,8917,223,37,67,141
4734,2026-05-22 17:08:41,17,design,3065,2551,144,19,13,338
4735,2026-07-11 08:56:36,8,tech,12520,9302,322,64,105,344
4736,2026-05-25 09:08:54,9,design,9195,7163,468,45,26,293
4737,2026-06-05 14:52:23,14,business,9338,8865,173,26,72,156
4738,2026-04-23 10:44:15,10,tech,16618,11532,257,161,155,342
4739,2026-03-21 10:35:38,10,design,4692,3207,222,22,13,272
4740,2026-05-17 16:29:18,16,business,5451,5012,60,41,31,151
4741,2026-04-27 08:00:37,8,business,11371,9972,220,66,89,128
4742,2026-05-19 20:07:43,20,business,667,554,15,4,4,141
4743,2026-05-10 17:40:18,17,tech,2395,1720,49,16,23,326
4744,2026-03-31 20:41:39,20,tech,1906,1643,34,15,30,409
4745,2026-02-26 18:56:51,18,design,744,550,35,4,3,240
4746,2026-06-19 12:50:54,12,design,839,574,48,4,2,309
4747,2026-03-09 05:23:53,5,tech,837,553,11,5,8,330
4748,2026-07-24 09:40:59,9,design,17939,14624,752,114,34,190
4749,2026-03-04 21:19:55,21,business,12469,9146,123,30,60,147
4750,2026-06-14 13:34:31,13,tech,803,565,17,5,6,238
4751,2026-06-11 06:08:28,6,design,788,607,37,4,2,306
4752,2026-03-31 20:22:47,20,design,629,558,32,1,3,290
4753,2026-08-07 10:45:56,10,business,1180,1095,31,9,5,127
4754,2026-03-16 11:48:58,11,tech,44838,39178,1168,496,360,266
4755,2026-07-30 12:14:34,12,tech,80830,66205,1736,724,666,353
4756,2026-08-03 11:11:43,11,tech,5015,3871,113,45,56,389
4757,2026-08-11 06:50:57,6,tech,2375,2088,70,28,28,260
4758,2026-05-21 12:49:23,12,business,1000,931,12,3,4,144
4759,2026-03-16 20:27:52,20,tech,4141,2785,103,19,23,362
4760,2026-03-10 08:39:24,8,design,4768,3734,266,11,20,256
4761,2026-06-27 12:50:24,12,tech,1478,1137,27,8,10,480
4762,2026-07-29 19:31:34,19,design,8940,6280,480,48,19,276
4763,2026-05-25 12:21:57,12,tech,1308,883,30,8,9,111
4764,2026-07-22 05:43:11,5,design,3685,3418,173,11,7,281
4765,2026-03-18 16:46:52,16,tech,6381,5922,219,45,101,351
4766,2026-07-03 14:57:45,14,tech,4086,3676,113,20,47,293
4767,2026-05-26 23:07:19,23,tech,2902,2303,90,19,23,386
4768,2026-03-03 12:00:26,12,tech,10356,8998,223,53,129,407
4769,2026-07-06 16:41:55,16,business,2124,1706,19,12,9,121
4770,2026-06-27 09:53:17,9,design,12080,8068,433,64,45,337
4771,2026-04-24 14:10:52,14,tech,6879,6234,240,86,84,451
4772,2026-05-30 18:24:18,18,tech,1515,1095,43,8,15,139
4773,2026-05-16 19:41:29,19,design,2394,2175,155,14,7,310
4774,2026-07-23 12:35:14,12,tech,3954,3471,122,18,40,550
4775,2026-07-06 15:53:02,15,tech,4496,3565,71,26,71,555
4776,2026-07-03 10:09:55,10,business,3213,2477,58,11,18,162
4777,2026-03-29 14:18:15,14,business,20705,14004,390,124,133,92
4778,2026-08-07 16:27:00,16,business,11889,8473,119,80,49,117
4779,2026-06-30 17:27:58,17,design,9456,6271,498,15,33,393
4780,2026-07-19 13:45:41,13,business,10992,7972,134,30,73,157
4781,2026-04-22 13:09:20,13,business,33572,22797,617,218,211,124
4782,2026-03-01 19:07:47,19,design,888,815,73,5,4,324
4783,2026-06-27 14:20:16,14,tech,1359,1215,44,9,15,612
4784,2026-04-23 17:01:43,17,tech,9556,8422,200,46,138,317
4785,2026-05-26 16:10:20,16,business,1711,1472,20,6,7,89
4786,2026-06-14 17:05:30,17,tech,12193,10894,277,145,200,442
4787,2026-03-21 15:10:30,15,tech,7116,5570,207,64,107,607
4788,2026-08-05 09:19:32,9,design,881,611,39,1,3,302
4789,2026-08-03 18:41:57,18,tech,3222,2276,63,14,37,361
4790,2026-08-02 14:19:50,14,design,1461,1372,97,4,3,383
4791,2026-07-21 19:31:43,19,tech,5478,4961,179,43,92,480
4792,2026-08-02 11:04:09,11,business,4628,4104,109,21,36,102
4793,2026-03-07 13:02:51,13,design,1062,907,62,3,4,353
4794,2026-05-01 13:27:10,13,design,5103,3439,231,22,8,230
4795,2026-08-07 12:20:15,12,tech,5770,4876,136,29,62,417
4796,2026-07-18 13:16:49,13,tech,9388,7813,166,75,143,462
4797,2026-06-20 21:25:42,21,design,11532,10595,877,81,51,324
4798,2026-08-14 08:49:54,8,design,5299,4344,327,22,10,321
4799,2026-06-21 17:59:10,17,tech,15985,12965,395,177,228,396
4800,2026-06-24 07:17:32,7,tech,14385,11929,351,111,168,406
4801,2026-03-18 16:25:48,16,business,6123,4308,58,41,42,103
4802,2026-03-01 10:17:54,10,tech,13404,9245,302,62,138,217
4803,2026-07-17 10:16:05,10,design,3997,3279,291,17,17,347
4804,2026-05-12 10:40:28,10,business,5878,4843,97,27,24,169
4805,2026-05-18 09:02:18,9,tech,3807,2896,76,34,38,426
4806,2026-03-26 07:30:33,7,design,4766,3126,175,18,10,373
4807,2026-04-10 20:12:45,20,tech,1785,1342,52,11,17,567
4808,2026-05-25 22:24:45,22,tech,13945,9092,188,125,160,571
4809,2026-04-21 10:59:16,10,business,6463,5826,173,50,51,187
4810,2026-06-28 11:56:19,11,tech,1259,877,33,5,8,421
4811,2026-07-10 21:50:29,21,design,2227,1685,89,12,9,341
4812,2026-04-03 09:35:30,9,design,3676,2955,218,8,14,357
4813,2026-06-02 15:38:58,15,design,20741,17157,1075,75,87,263
4814,2026-03-21 09:39:35,9,tech,27441,25995,622,227,379,520
4815,2026-03-18 14:52:15,14,business,12100,9529,228,33,48,142
4816,2026-03-31 10:33:26,10,tech,13442,8966,323,90,144,504
4817,2026-04-12 21:07:02,21,tech,4661,3621,74,44,50,396
4818,2026-08-01 18:51:59,18,tech,5958,4702,148,51,69,245
4819,2026-08-19 10:26:12,10,tech,11076,8840,323,55,137,352
4820,2026-04-18 14:48:30,14,design,10292,7102,498,39,31,277
4821,2026-08-19 13:14:27,13,design,3463,2349,130,8,13,255
4822,2026-05-12 10:50:52,10,tech,10289,7066,198,61,130,273
4823,2026-05-11 15:07:16,15,design,4034,3327,219,9,18,326
4824,2026-05-23 09:01:46,9,design,5239,4222,367,21,17,315
4825,2026-07-22 11:06:26,11,tech,2806,2235,59,22,28,390
4826,2026-05-31 09:16:02,9,tech,3479,3048,90,21,46,294
4827,2026-07-11 14:45:19,14,tech,1787,1194,29,9,23,528
4828,2026-02-24 23:25:24,23,design,8247,6626,565,25,35,313
4829,2026-04-27 13:36:04,13,business,4839,4473,84,18,29,174
4830,2026-02-27 12:56:02,12,tech,3022,2604,85,13,26,550
4831,2026-04-24 16:56:47,16,design,2038,1465,118,9,6,313
4832,2026-04-09 15:37:24,15,business,1170,1005,29,8,7,113
4833,2026-07-07 11:31:40,11,business,7825,6125,136,59,60,176
4834,2026-06-28 09:10:33,9,tech,5254,4825,163,39,71,345
4835,2026-04-26 17:33:55,17,tech,4863,3551,131,20,53,482
4836,2026-06-20 12:05:26,12,design,3644,3192,276,21,13,357
4837,2026-03-18 10:51:41,10,tech,1546,1135,35,9,15,381
4838,2026-06-11 21:04:45,21,design,51507,43881,2982,279,118,284
4839,2026-07-21 15:01:45,15,tech,11067,7327,237,41,103,198
4840,2026-02-20 16:23:23,16,tech,2172,1703,53,9,31,509
4841,2026-04-27 09:54:13,9,tech,31547,26718,658,326,473,344
4842,2026-07-05 13:12:53,13,business,709,515,14,2,4,120
4843,2026-04-18 08:39:59,8,design,6525,5332,406,29,29,334
4844,2026-08-16 08:07:10,8,design,1685,1166,98,5,6,227
4845,2026-06-18 11:40:19,11,design,6176,4690,336,34,10,306
4846,2026-05-01 09:28:06,9,design,32015,22104,1458,133,107,336
4847,2026-06-18 19:01:09,19,tech,4298,3947,89,33,77,383
4848,2026-07-29 18:02:19,18,design,431,302,17,2,1,257
4849,2026-08-08 09:15:44,9,tech,8973,8517,261,125,148,456
4850,2026-06-23 18:11:19,18,tech,20367,17405,596,157,280,488
4851,2026-03-06 20:36:29,20,design,2330,1784,100,12,10,326
4852,2026-04-22 12:36:46,12,tech,1612,1083,38,12,18,346
4853,2026-06-24 16:24:24,16,tech,5494,5019,103,28,77,331
4854,2026-03-10 18:13:07,18,tech,15294,12175,419,154,213,338
4855,2026-07-25 17:14:07,17,business,35867,28668,639,111,140,132
4856,2026-03-22 07:36:12,7,business,2225,1885,28,18,12,132
4857,2026-04-19 09:44:41,9,business,1579,1064,28,6,4,186
4858,2026-07-16 09:59:11,9,business,10892,7117,199,56,36,162
4859,2026-07-22 14:41:53,14,business,4485,3000,81,16,22,109
4860,2026-05-31 18:00:32,18,tech,3570,3321,99,32,27,396
4861,2026-03-24 14:30:25,14,tech,679,457,16,5,4,435
4862,2026-03-25 16:18:14,16,tech,21174,14402,412,99,116,413
4863,2026-03-08 08:49:21,8,design,9808,8873,506,37,25,281
4864,2026-05-17 16:40:24,16,design,19607,12843,784,94,70,305
4865,2026-03-13 16:04:20,16,design,3838,3289,170,20,17,273
4866,2026-03-03 23:36:26,23,tech,2597,2302,80,32,23,390
4867,2026-08-13 12:59:16,12,tech,754,600,13,5,7,495
4868,2026-05-06 18:00:22,18,tech,1770,1246,41,15,23,484
4869,2026-04-19 19:32:09,19,tech,4292,3941,137,27,53,250
4870,2026-05-23 18:09:16,18,tech,1114,1011,30,7,17,455
4871,2026-07-06 16:08:29,16,design,2553,1977,137,9,6,325
4872,2026-03-28 14:01:54,14,business,5044,4526,96,38,40,185
4873,2026-07-04 17:57:10,17,tech,6838,5307,199,49,99,348
4874,2026-03-23 13:55:41,13,design,6523,5628,354,18,25,281
4875,2026-03-07 11:14:05,11,design,684,646,52,1,3,235
4876,2026-05-02 07:30:30,7,tech,1587,1396,49,15,15,520
4877,2026-03-17 10:32:10,10,business,865,712,20,3,5,103
4878,2026-04-03 16:16:32,16,business,11975,11118,140,37,53,100
4879,2026-05-24 17:27:37,17,tech,44437,41136,1552,456,415,273
4880,2026-08-14 15:34:26,15,design,2617,1890,105,11,10,281
4881,2026-05-16 10:31:27,10,tech,3551,2930,73,15,31,276
4882,2026-08-01 08:03:24,8,design,11904,10560,906,70,43,260
4883,2026-07-20 12:16:27,12,design,22650,21300,1401,80,120,308
4884,2026-04-24 14:11:00,14,tech,1307,1222,36,10,20,332
4885,2026-03-19 23:31:48,23,design,15923,12308,1034,88,57,392
4886,2026-06-29 13:51:00,13,design,5789,4661,322,29,13,276
4887,2026-02-24 12:53:40,12,tech,6124,4403,156,61,69,377
4888,2026-04-27 14:44:25,14,design,3709,3237,184,6,15,244
4889,2026-04-29 08:05:35,8,tech,1123,737,20,4,6,499
4890,2026-03-10 12:36:17,12,tech,2442,1981,49,26,31,339
4891,2026-03-01 10:24:58,10,tech,11670,9062,275,120,134,489
4892,2026-06-03 18:51:23,18,design,7761,7068,488,55,35,307
4893,2026-07-29 13:13:50,13,tech,4123,2692,68,38,53,377
4894,2026-05-05 16:52:01,16,business,1102,1011,11,3,7,185
4895,2026-05-21 18:21:49,18,design,3391,2733,207,16,11,230
4896,2026-07-30 19:22:50,19,business,9386,7517,105,25,60,168
4897,2026-03-04 19:13:16,19,tech,339,298,10,3,2,426
4898,2026-04-08 19:31:47,19,tech,1933,1472,47,10,25,270
4899,2026-06-02 09:23:39,9,business,437,294,8,1,1,132
4900,2026-02-22 18:30:10,18,design,24137,20253,1484,123,64,199
4901,2026-07-21 11:28:36,11,business,7784,5089,146,17,41,174
4902,2026-08-14 16:09:10,16,design,916,711,37,3,1,232
4903,2026-04-30 17:36:17,17,tech,4331,3881,136,24,48,239
4904,2026-05-23 16:45:03,16,tech,6353,5878,212,40,98,236
4905,2026-05-12 07:48:16,7,business,17726,16448,397,112,111,159
4906,2026-03-04 17:23:04,17,tech,6566,5916,231,64,57,327
4907,2026-03-28 16:36:45,16,tech,22449,17553,490,205,141,412
4908,2026-07-07 00:31:58,0,design,5987,5173,319,32,17,390
4909,2026-04-22 21:55:30,21,tech,1688,1310,39,18,19,240
4910,2026-03-06 19:56:02,19,design,1265,901,49,4,2,304
4911,2026-05-19 15:08:31,15,design,3123,2895,256,15,14,408
4912,2026-03-20 19:56:19,19,design,1377,1101,68,6,3,316
4913,2026-04-30 19:28:01,19,design,4455,3329,251,16,8,304
4914,2026-08-04 12:29:21,12,tech,860,659,20,7,9,362
4915,2026-04-07 10:36:09,10,business,1826,1299,32,7,7,142
4916,2026-04-11 07:48:10,7,tech,9366,6567,246,40,72,425
4917,2026-03-22 12:57:23,12,design,4707,3518,214,19,8,322
4918,2026-06-27 17:58:34,17,business,318,297,7,2,1,100
4919,2026-04-16 12:33:04,12,tech,4355,3843,100,39,71,292
4920,2026-07-09 11:23:03,11,business,2347,2120,49,17,17,206
4921,2026-04-29 14:13:41,14,tech,10640,7914,235,95,100,425
4922,2026-08-19 08:03:57,8,tech,543,354,9,3,5,394
4923,2026-07-02 14:15:53,14,design,862,560,35,3,2,312
4924,2026-04-06 14:02:31,14,tech,3666,3021,76,42,49,294
4925,2026-02-28 13:27:53,13,business,2209,1699,39,14,14,148
4926,2026-05-01 12:00:46,12,tech,436,360,12,4,5,364
4927,2026-04-25 17:56:11,17,design,42864,35954,2801,234,98,302
4928,2026-04-24 14:19:36,14,design,708,587,42,3,1,173
4929,2026-08-13 07:14:37,7,tech,2016,1762,38,17,23,466
4930,2026-03-31 09:46:38,9,tech,3597,2393,95,12,32,400
4931,2026-05-02 13:38:42,13,tech,4354,2960,96,21,29,360
4932,2026-05-21 17:45:34,17,business,6147,5133,137,35,46,114
4933,2026-06-04 23:49:35,23,design,1214,1069,92,7,4,221
4934,2026-07-08 11:36:45,11,tech,29631,21597,541,148,276,451
4935,2026-08-08 11:32:35,11,tech,3430,2363,87,31,25,397
4936,2026-03-13 09:03:20,9,design,599,440,28,2,2,308
4937,2026-08-13 13:40:31,13,business,3424,2840,75,18,18,164
4938,2026-05-02 08:25:15,8,design,1308,852,46,2,4,327
4939,2026-07-18 09:06:29,9,design,1280,968,72,6,3,276
4940,2026-06-04 13:38:23,13,tech,2575,2125,52,28,24,371
4941,2026-04-16 10:12:25,10,business,1427,972,13,5,4,126
4942,2026-08-03 00:32:44,0,design,306,237,18,0,1,218
4943,2026-03-26 13:00:37,13,tech,1769,1546,30,21,17,396
4944,2026-03-25 12:54:34,12,business,5036,4428,71,24,41,134
4945,2026-07-03 15:07:37,15,tech,2611,2342,82,28,19,390
4946,2026-08-14 11:28:08,11,tech,1341,1146,39,8,12,525
4947,2026-03-12 09:42:21,9,business,11178,8603,223,43,68,171
4948,2026-03-20 16:31:36,16,business,10510,7749,148,77,75,121
4949,2026-07-20 14:08:41,14,tech,1949,1833,69,9,29,357
4950,2026-06-11 10:05:39,10,design,10944,9190,671,58,21,294
4951,2026-03-14 08:23:10,8,tech,23703,18346,382,229,152,402
4952,2026-02-22 12:39:49,12,design,11641,8092,538,44,46,300
4953,2026-03-15 17:34:24,17,business,503,372,4,2,1,149
4954,2026-07-05 17:06:02,17,design,4303,3774,250,24,17,289
4955,2026-06-25 10:29:07,10,tech,3003,2072,78,19,21,389
4956,2026-05-30 08:24:43,8,business,2035,1724,28,17,12,202
4957,2026-07-02 18:23:46,18,design,19546,13189,823,105,51,302
4958,2026-03-31 17:50:06,17,design,1681,1200,77,8,5,323
4959,2026-08-15 23:33:22,23,business,1092,913,11,5,8,115
4960,2026-03-16 14:22:01,14,tech,1988,1692,36,22,19,413
4961,2026-04-23 13:43:07,13,tech,9412,6768,169,33,103,270
4962,2026-06-08 06:18:43,6,tech,4492,3294,97,24,36,360
4963,2026-05-13 10:06:20,10,design,34432,27304,1639,159,81,357
4964,2026-02-24 16:00:09,16,tech,19386,15084,401,216,243,404
4965,2026-08-14 17:33:23,17,business,404,330,8,1,2,182
4966,2026-04-12 07:56:09,7,design,4184,3626,203,7,20,274
4967,2026-06-12 10:43:07,10,design,1320,991,66,7,5,319
4968,2026-06-12 12:16:27,12,tech,8699,6324,219,56,123,205
4969,2026-03-07 16:31:00,16,tech,2055,1826,62,25,16,356
4970,2026-02-26 12:20:26,12,tech,8828,5819,219,56,87,438
4971,2026-03-20 21:18:51,21,tech,2800,1891,37,22,37,260
4972,2026-07-19 10:03:12,10,design,1736,1522,90,4,5,201
4973,2026-06-28 17:01:19,17,design,915,595,30,1,3,316
4974,2026-03-19 09:42:10,9,tech,11033,7705,220,76,85,546
4975,2026-07-29 02:07:26,2,business,3038,2658,33,24,26,95
4976,2026-06-13 06:59:57,6,tech,4418,3093,68,37,50,392
4977,2026-05-29 15:23:28,15,tech,6141,5402,199,53,85,315
4978,2026-04-15 16:31:18,16,tech,1328,1176,45,12,9,461
4979,2026-08-03 18:27:19,18,tech,8949,8052,246,94,116,392
4980,2026-04-24 08:50:56,8,business,2327,1616,37,12,13,117
4981,2026-06-01 14:29:27,14,business,2015,1371,38,12,7,149
4982,2026-08-12 15:33:46,15,tech,2566,2211,73,23,22,388
4983,2026-05-09 18:28:06,18,tech,19577,13538,328,158,151,255
4984,2026-05-07 10:33:50,10,tech,1238,983,32,9,9,427
4985,2026-05-28 10:14:12,10,business,11224,10455,266,31,78,144
4986,2026-08-14 12:51:59,12,tech,701,591,13,4,8,514
4987,2026-04-21 10:33:51,10,design,8106,6847,399,33,25,338
4988,2026-07-23 22:10:00,22,design,4474,3125,176,23,9,264
4989,2026-03-17 13:17:00,13,tech,1568,1363,44,10,17,511
4990,2026-07-27 15:00:23,15,tech,4150,3897,84,45,38,344
4991,2026-07-06 15:20:09,15,tech,2842,2627,70,24,36,429
4992,2026-07-18 10:41:00,10,design,2024,1496,120,5,3,297
4993,2026-05-08 09:55:13,9,design,45944,40362,2769,166,98,341
4994,2026-07-18 10:09:09,10,tech,13621,10836,300,155,98,386
4995,2026-04-18 14:00:45,14,tech,253,217,7,2,2,350
4996,2026-04-07 15:21:45,15,design,1537,1320,81,6,5,303
4997,2026-06-26 12:10:34,12,design,8742,6240,508,39,33,371
4998,2026-05-29 13:29:06,13,tech,883,767,15,8,6,498
4999,2026-08-18 15:40:57,15,design,10783,8828,709,47,23,292
5000,2026-03-17 11:15:18,11,tech,2705,1933,77,24,17,282
