,id_post,fecha_publicacion,hora,categoria,impresiones,vistas,likes,comentarios,shares,longitud,mes,engagement,engage_pond,rango_longitud
0,1,2026-07-26 16:54:35,16,tech,480,455,14,6,4,396,7,5.27,15.38,Medio
1,2,2026-06-18 09:13:51,9,tech,2098,1893,47,26,33,338,6,5.6,21.92,Corto
2,3,2026-04-26 15:13:19,15,tech,6930,5520,172,73,59,259,4,5.51,16.96,Corto
3,4,2026-05-08 08:20:41,8,tech,2847,2363,77,31,38,373,5,6.18,21.37,Corto
4,5,2026-06-12 12:05:15,12,business,1437,1109,17,10,6,173,6,2.98,9.47,Muy Corto
5,6,2026-04-12 08:25:05,8,tech,82841,69311,2044,932,1177,518,4,5.99,21.91,Medio
6,7,2026-06-10 12:43:00,12,design,9889,8305,718,17,28,303,6,9.19,12.16,Corto
7,8,2026-02-28 12:10:25,12,tech,4944,4497,172,36,87,302,2,6.56,22.5,Corto
8,9,2026-02-25 11:19:54,11,design,2253,1589,109,7,4,381,2,7.55,10.64,Medio
9,10,2026-06-03 00:18:14,0,design,3943,2686,209,15,13,268,6,8.82,13.89,Corto
10,11,2026-07-02 10:28:45,10,design,1344,894,74,5,5,313,7,9.4,14.99,Corto
11,12,2026-06-09 21:27:02,21,tech,947,656,15,5,6,336,6,3.96,12.65,Corto
12,13,2026-02-22 18:16:32,18,business,14413,13247,370,80,78,175,2,3.99,9.92,Muy Corto
13,14,2026-04-08 07:25:32,7,tech,1560,1427,56,20,16,376,4,6.45,18.5,Medio
14,15,2026-06-30 09:59:42,9,tech,7462,5934,132,60,65,393,6,4.33,15.03,Medio
15,16,2026-05-16 12:10:48,12,business,13404,11776,249,102,66,140,5,3.54,10.06,Muy Corto
16,17,2026-03-11 01:27:13,1,tech,735,562,18,3,9,499,3,5.34,18.15,Medio
17,18,2026-07-01 20:56:35,20,business,12972,9276,270,71,77,188,7,4.51,12.61,Muy Corto
18,19,2026-03-02 16:01:14,16,design,38572,27001,1737,202,133,295,3,7.67,13.37,Corto
19,20,2026-07-16 12:34:57,12,tech,1820,1232,48,12,19,371,7,6.41,20.13,Corto
20,21,2026-06-04 11:42:58,11,tech,1613,1065,25,6,14,331,6,4.23,15.12,Corto
21,22,2026-06-02 02:47:11,2,design,219,163,8,0,0,367,6,4.91,4.91,Corto
22,23,2026-07-21 17:52:06,17,tech,5466,4816,118,41,86,450,7,5.09,20.14,Medio
23,24,2026-04-19 17:22:00,17,tech,2174,1868,71,18,21,374,4,5.89,16.65,Corto
24,25,2026-06-03 19:38:57,19,tech,1318,992,29,12,19,442,6,6.05,23.08,Medio
25,26,2026-04-02 14:47:01,14,tech,3722,3255,125,17,36,285,4,5.47,14.78,Corto
26,27,2026-02-21 18:14:17,18,design,12259,10183,655,31,28,304,2,7.01,9.85,Corto
27,28,2026-04-17 08:07:00,8,business,5946,4216,58,24,38,167,4,2.85,10.86,Muy Corto
28,29,2026-05-22 15:31:31,15,design,4392,3217,222,24,11,265,5,7.99,12.62,Corto
29,30,2026-04-29 12:48:38,12,tech,277,221,6,1,3,405,4,4.52,15.38,Medio
30,31,2026-08-12 09:43:39,9,business,2947,2642,52,13,20,95,8,3.22,9.99,Muy Corto
31,32,2026-07-02 12:15:04,12,design,4901,4133,367,9,17,353,7,9.51,13.04,Corto
32,33,2026-07-25 11:53:05,11,business,3681,3397,72,26,26,163,7,3.65,11.3,Muy Corto
33,34,2026-08-17 09:05:14,9,tech,5586,5084,112,57,78,265,8,4.86,18.96,Corto
34,35,2026-05-26 21:43:37,21,tech,888,793,25,4,7,378,5,4.54,12.23,Medio
35,36,2026-05-01 18:06:30,18,business,34000,22500,364,81,118,184,5,2.5,7.25,Muy Corto
36,37,2026-03-03 10:13:15,10,business,4020,2676,61,14,18,171,3,3.48,9.75,Muy Corto
37,38,2026-06-09 10:13:32,10,design,5703,4779,239,37,17,291,6,6.13,10.94,Corto
38,39,2026-07-11 17:11:36,17,business,36812,32670,893,153,206,170,7,3.83,9.65,Muy Corto
39,40,2026-07-22 17:43:24,17,tech,20000,16662,516,248,207,441,7,5.83,18.99,Medio
40,41,2026-03-11 09:00:28,9,design,7389,4970,322,26,17,286,3,7.34,11.31,Corto
41,42,2026-05-25 14:23:35,14,tech,1760,1343,53,10,11,493,5,5.51,13.48,Medio
42,43,2026-08-11 13:47:43,13,tech,12195,9957,377,129,185,424,8,6.94,23.83,Medio
43,44,2026-04-30 12:45:09,12,design,728,483,33,2,2,287,4,7.66,11.8,Corto
44,45,2026-04-13 10:51:59,10,tech,1032,801,21,8,7,348,4,4.49,13.61,Corto
45,46,2026-05-15 17:57:31,17,tech,3686,2781,95,40,40,461,5,6.29,20.68,Medio
46,47,2026-08-01 03:57:24,3,design,1587,1080,92,4,2,318,8,9.07,11.48,Corto
47,48,2026-04-21 22:33:46,22,business,2788,1843,26,8,11,111,4,2.44,7.92,Muy Corto
48,49,2026-04-29 11:21:03,11,tech,3483,2994,75,33,47,397,4,5.18,19.47,Medio
49,50,2026-07-23 17:44:32,17,tech,14840,13407,327,114,182,179,7,4.65,16.7,Muy Corto
50,51,2026-05-17 18:30:04,18,business,2154,1552,30,6,7,172,5,2.77,7.09,Muy Corto
51,52,2026-07-14 08:22:34,8,design,5017,4675,283,33,25,320,7,7.29,13.16,Corto
52,53,2026-06-09 19:22:28,19,tech,2691,2123,78,27,42,512,6,6.92,24.59,Medio
53,54,2026-06-26 18:46:51,18,business,1826,1689,44,7,15,199,6,3.91,11.37,Muy Corto
54,55,2026-06-07 09:06:36,9,design,1913,1681,118,7,9,258,6,7.97,12.97,Corto
55,56,2026-04-17 12:39:56,12,design,12273,9116,618,54,28,312,4,7.68,11.61,Corto
56,57,2026-03-21 13:26:52,13,tech,6347,5750,158,77,113,506,3,6.05,23.83,Medio
57,58,2026-08-08 15:37:19,15,tech,2639,2086,69,10,25,451,8,4.99,14.81,Medio
58,59,2026-04-03 06:23:08,6,tech,10675,9145,246,109,160,273,4,5.63,21.45,Corto
59,60,2026-03-28 16:38:11,16,design,12453,9106,616,64,37,331,3,7.87,12.83,Corto
60,61,2026-05-29 08:37:15,8,design,9741,9093,609,22,45,351,5,7.43,11.62,Corto
61,62,2026-04-27 14:13:16,14,tech,3173,2738,91,25,38,386,4,5.62,18.08,Medio
62,63,2026-03-20 16:14:57,16,design,7419,5491,316,21,23,410,3,6.56,10.64,Medio
63,64,2026-05-28 08:02:09,8,business,9728,7405,196,53,62,147,5,4.2,12.21,Muy Corto
64,65,2026-05-08 10:14:47,10,tech,94284,81324,2818,713,903,485,5,5.45,15.86,Medio
65,66,2026-07-02 12:59:55,12,business,2144,1606,19,12,14,151,7,2.8,11.15,Muy Corto
66,67,2026-05-08 09:14:24,9,tech,879,635,22,3,12,422,5,5.83,20.47,Medio
67,68,2026-02-23 11:41:56,11,business,3069,2045,50,19,9,159,2,3.81,9.68,Muy Corto
68,69,2026-03-10 19:48:02,19,tech,13562,10465,291,95,156,544,3,5.18,18.34,Medio
69,70,2026-06-12 07:07:39,7,tech,13680,11801,384,74,159,321,6,5.23,16.54,Corto
70,71,2026-04-18 08:55:53,8,design,2545,2159,177,6,9,373,4,8.89,12.64,Corto
71,72,2026-07-24 09:27:04,9,tech,3494,2585,59,17,34,506,7,4.26,15.44,Medio
72,73,2026-03-25 17:28:42,17,design,3859,3470,254,14,7,376,3,7.93,10.55,Medio
73,74,2026-03-07 18:27:48,18,tech,9372,6908,243,93,83,489,3,6.07,18.51,Medio
74,75,2026-05-25 12:07:25,12,business,25883,24334,618,117,242,121,5,4.01,12.42,Muy Corto
75,76,2026-08-09 17:43:53,17,tech,4027,2737,78,39,27,500,8,5.26,16.44,Medio
76,77,2026-08-04 16:00:53,16,design,2439,1642,135,10,5,226,8,9.14,13.09,Corto
77,78,2026-07-18 18:14:10,18,tech,22604,16048,533,208,271,442,7,6.31,22.02,Medio
78,79,2026-07-19 15:15:39,15,tech,2694,1867,64,26,31,301,7,6.48,22.28,Corto
79,80,2026-06-03 17:47:02,17,design,4869,3452,189,8,11,278,6,6.03,8.95,Corto
80,81,2026-05-19 13:17:37,13,tech,9618,8423,309,77,83,493,5,5.57,15.21,Medio
81,82,2026-07-22 19:31:52,19,tech,2863,2354,80,23,44,346,7,6.24,22.26,Corto
82,83,2026-06-16 13:44:07,13,tech,4319,3040,77,32,45,458,6,5.07,18.59,Medio
83,84,2026-07-16 20:16:11,20,business,6836,4926,115,22,29,161,7,3.37,8.83,Muy Corto
84,85,2026-06-28 14:23:11,14,tech,39034,31394,902,439,299,412,6,5.22,16.09,Medio
85,86,2026-05-22 10:42:11,10,design,8019,5594,363,21,30,266,5,7.4,12.28,Corto
86,87,2026-05-11 11:41:17,11,tech,4230,3284,77,38,39,526,5,4.69,16.47,Medio
87,88,2026-05-25 19:55:24,19,tech,3101,2581,60,32,40,388,5,5.11,19.68,Medio
88,89,2026-07-02 11:41:33,11,design,1325,944,65,4,3,262,7,7.63,11.12,Corto
89,90,2026-08-18 21:41:11,21,design,247,163,9,0,0,292,8,5.52,5.52,Corto
90,91,2026-04-06 16:39:34,16,business,4530,3498,49,25,24,155,4,2.8,9.75,Muy Corto
91,92,2026-07-20 05:13:13,5,design,4330,3970,217,14,19,365,7,6.3,10.71,Corto
92,93,2026-05-03 17:40:54,17,design,5921,4146,333,9,16,281,5,8.63,11.99,Corto
93,94,2026-07-18 14:40:08,14,design,4154,3456,307,20,19,336,7,10.01,15.6,Corto
94,95,2026-07-03 17:29:46,17,tech,974,777,16,4,9,402,7,3.73,13.38,Medio
95,96,2026-03-28 12:44:00,12,tech,11884,8949,354,105,90,285,3,6.13,16.69,Corto
96,97,2026-03-27 09:30:02,9,design,6685,6273,418,47,16,210,3,7.67,11.7,Corto
97,98,2026-04-24 08:14:31,8,business,11107,8552,200,37,53,93,4,3.39,9.03,Muy Corto
98,99,2026-05-20 18:40:25,18,tech,9514,8930,196,59,177,530,5,4.84,20.69,Medio
99,100,2026-08-12 19:01:00,19,tech,1479,1088,22,12,21,264,8,5.06,21.88,Corto
100,101,2026-04-09 08:42:50,8,tech,14519,12570,497,178,203,275,4,6.98,22.54,Corto
101,102,2026-04-13 14:59:06,14,tech,4155,3242,104,27,56,315,4,5.77,20.36,Corto
102,103,2026-03-21 18:20:37,18,tech,7327,5220,148,50,73,455,3,5.19,17.85,Medio
103,104,2026-06-01 15:19:55,15,tech,6959,5811,190,78,98,538,6,6.3,22.13,Medio
104,105,2026-06-05 16:34:46,16,tech,12965,10500,390,86,100,481,6,5.49,14.61,Medio
105,106,2026-05-02 05:21:18,5,business,7870,6653,155,44,54,167,5,3.8,11.47,Muy Corto
106,107,2026-06-15 16:49:16,16,tech,25036,20172,724,241,349,392,6,6.51,22.21,Medio
107,108,2026-07-13 08:16:56,8,business,8351,5433,101,18,39,131,7,2.91,8.93,Muy Corto
108,109,2026-04-14 13:19:56,13,design,7675,6958,615,36,29,302,4,9.77,14.24,Corto
109,110,2026-06-18 11:17:02,11,design,58837,49120,4194,98,232,326,6,9.21,13.11,Corto
110,111,2026-05-14 18:24:50,18,tech,32678,30995,767,358,414,416,5,4.97,17.78,Medio
111,112,2026-03-25 15:29:48,15,business,2195,2066,61,17,9,150,3,4.21,9.73,Muy Corto
112,113,2026-05-01 20:49:46,20,tech,758,618,17,7,10,285,5,5.5,20.23,Corto
113,114,2026-08-06 21:58:50,21,design,15181,11222,734,67,31,333,8,7.41,11.14,Corto
114,115,2026-06-14 08:07:40,8,business,14344,10074,291,51,80,165,6,4.19,11.27,Muy Corto
115,116,2026-06-02 18:00:39,18,tech,6910,4797,139,57,40,360,6,4.92,14.32,Corto
116,117,2026-06-14 07:23:29,7,tech,4494,3084,70,26,36,513,6,4.28,14.98,Medio
117,118,2026-03-22 16:27:07,16,tech,2125,1469,48,17,25,410,3,6.13,21.51,Medio
118,119,2026-07-30 23:43:31,23,tech,3712,2545,75,13,24,496,7,4.4,12.53,Medio
119,120,2026-05-08 08:47:02,8,business,6876,6317,150,32,53,172,5,3.72,11.11,Muy Corto
120,121,2026-08-01 11:20:57,11,business,6004,5127,53,40,50,172,8,2.79,11.96,Muy Corto
121,122,2026-07-16 12:13:22,12,tech,19083,13867,491,89,252,442,7,6.0,20.65,Medio
122,123,2026-04-05 17:19:13,17,design,9609,8532,595,65,50,213,4,8.32,14.71,Corto
123,124,2026-05-26 09:02:51,9,design,2057,1545,128,10,4,333,5,9.19,12.94,Corto
124,125,2026-06-28 03:09:02,3,design,650,422,21,2,2,338,6,5.92,10.66,Corto
125,126,2026-03-21 09:01:05,9,tech,16923,12509,298,117,234,418,3,5.19,21.09,Medio
126,127,2026-06-10 09:14:21,9,business,3012,2071,43,16,10,172,6,3.33,9.03,Muy Corto
127,128,2026-04-19 14:59:42,14,business,2529,2107,54,20,9,103,4,3.94,9.78,Muy Corto
128,129,2026-04-04 10:30:20,10,design,2708,2455,220,14,6,300,4,9.78,13.2,Corto
129,130,2026-03-21 08:34:10,8,tech,4744,3143,75,29,41,285,3,4.61,16.51,Corto
130,131,2026-03-03 16:53:01,16,design,1934,1619,105,11,3,352,3,7.35,10.69,Corto
131,132,2026-08-15 07:05:11,7,business,11360,9957,168,47,55,178,8,2.71,7.99,Muy Corto
132,133,2026-03-21 18:09:10,18,design,3519,2893,223,10,15,293,3,8.57,13.24,Corto
133,134,2026-06-14 13:03:21,13,design,6507,4253,346,24,14,400,6,9.03,13.03,Medio
134,135,2026-04-14 17:05:36,17,tech,3160,2889,70,38,36,352,4,4.98,17.65,Corto
135,136,2026-05-17 12:07:14,12,design,1619,1524,108,3,3,369,5,7.48,9.45,Corto
136,137,2026-03-18 07:47:21,7,design,10042,9267,553,33,38,274,3,6.73,10.67,Corto
137,138,2026-03-02 15:29:47,15,tech,17189,14108,563,177,156,306,3,6.35,17.86,Corto
138,139,2026-03-17 18:31:02,18,tech,1418,1205,26,6,9,503,3,3.4,10.12,Medio
139,140,2026-06-14 09:34:31,9,tech,616,415,10,4,7,401,6,5.06,19.76,Medio
140,141,2026-05-03 12:57:58,12,tech,12530,10583,370,151,176,553,5,6.59,22.51,Largo
141,142,2026-02-28 10:13:23,10,design,768,673,51,2,1,251,2,8.02,9.96,Corto
142,143,2026-05-09 15:39:08,15,tech,2577,1845,67,23,34,337,5,6.72,23.36,Corto
143,144,2026-05-31 06:02:49,6,business,9181,7229,81,29,68,127,5,2.46,10.25,Muy Corto
144,145,2026-03-04 17:50:45,17,business,31293,23460,696,176,211,162,3,4.62,13.16,Muy Corto
145,146,2026-06-06 11:52:00,11,design,1699,1334,67,8,5,268,6,6.0,10.42,Corto
146,147,2026-07-20 00:58:16,0,tech,6686,4897,155,68,94,431,7,6.47,24.08,Medio
147,148,2026-08-10 15:45:18,15,tech,8292,7419,203,52,100,524,8,4.79,16.32,Medio
148,149,2026-07-29 17:27:44,17,tech,8940,6483,168,76,58,418,7,4.66,14.44,Medio
149,150,2026-07-11 15:45:37,15,business,6242,5621,69,30,24,123,7,2.19,6.78,Muy Corto
150,151,2026-06-12 09:56:50,9,design,3008,2203,134,10,10,283,6,6.99,11.53,Corto
151,152,2026-04-20 21:48:48,21,design,1146,992,80,7,3,308,4,9.07,13.31,Corto
152,153,2026-06-09 08:52:13,8,business,31394,27951,720,123,162,137,6,3.6,8.97,Muy Corto
153,154,2026-07-16 14:10:27,14,business,9968,9093,195,39,74,119,7,3.39,10.37,Muy Corto
154,155,2026-02-23 11:58:59,11,tech,459,336,8,2,3,511,2,3.87,11.9,Medio
155,156,2026-03-23 10:13:57,10,design,29365,27760,1569,181,117,254,3,6.73,11.63,Corto
156,157,2026-06-10 10:29:43,10,tech,2139,1677,64,15,29,399,6,6.44,21.23,Medio
157,158,2026-02-28 20:15:25,20,design,3984,2993,209,19,12,254,2,8.02,12.73,Corto
158,159,2026-04-26 09:10:33,9,design,2725,1987,173,13,4,310,4,9.56,12.93,Corto
159,160,2026-03-14 08:04:38,8,tech,12053,11085,264,57,145,473,3,4.2,14.9,Medio
160,161,2026-05-07 09:46:05,9,design,16198,13672,727,92,69,280,5,6.5,12.05,Corto
161,162,2026-07-02 02:30:01,2,tech,153,128,3,0,1,361,7,3.12,8.59,Corto
162,163,2026-02-23 11:57:37,11,design,70735,53847,3918,213,169,222,2,7.99,11.37,Corto
163,164,2026-02-21 18:20:31,18,tech,2358,1786,38,23,15,359,2,4.26,14.0,Corto
164,165,2026-03-31 14:14:24,14,design,3319,2694,219,14,15,341,3,9.21,14.66,Corto
165,166,2026-05-09 17:09:57,17,design,18055,16054,1049,126,41,276,5,7.57,11.72,Corto
166,167,2026-08-11 15:19:57,15,business,196,131,2,0,0,203,8,1.53,1.53,Corto
167,168,2026-05-27 07:46:22,7,business,4897,3405,93,31,20,136,5,4.23,11.07,Muy Corto
168,169,2026-05-19 10:09:14,10,design,17587,12174,1027,32,53,344,5,9.13,12.97,Corto
169,170,2026-07-15 08:51:51,8,design,9926,9398,601,29,39,280,7,7.12,10.95,Corto
170,171,2026-03-31 09:22:11,9,design,9602,8019,415,55,23,302,3,6.15,10.21,Corto
171,172,2026-07-10 01:38:05,1,tech,3197,3008,100,24,27,454,7,5.02,13.7,Medio
172,173,2026-03-18 08:00:49,8,design,4526,3886,316,12,23,278,3,9.03,14.1,Corto
173,174,2026-04-25 12:20:03,12,business,3265,2430,66,17,13,140,4,3.95,9.79,Muy Corto
174,175,2026-07-27 08:37:42,8,business,9679,9057,239,31,87,115,7,3.94,11.69,Muy Corto
175,176,2026-05-31 14:00:56,14,tech,4330,3872,154,30,51,378,5,6.07,17.61,Medio
176,177,2026-04-14 20:03:52,20,business,1251,1064,20,9,4,112,4,3.1,8.27,Muy Corto
177,178,2026-07-08 14:50:45,14,design,14694,9785,728,26,30,302,7,8.01,10.96,Corto
178,179,2026-06-28 13:02:36,13,tech,2207,2030,72,27,39,466,6,6.8,24.24,Medio
179,180,2026-04-20 11:46:39,11,design,10923,9267,473,28,40,280,4,5.84,9.77,Corto
180,181,2026-03-10 12:20:53,12,design,5229,4112,222,25,21,367,3,6.52,11.92,Corto
181,182,2026-03-08 17:33:16,17,business,1716,1355,24,6,12,132,3,3.1,10.63,Muy Corto
182,183,2026-07-28 18:36:43,18,tech,1706,1161,39,9,14,473,7,5.34,16.11,Medio
183,184,2026-08-01 17:23:58,17,tech,631,489,12,2,4,400,8,3.68,10.63,Medio
184,185,2026-07-15 17:47:05,17,tech,5331,4065,92,50,58,560,7,4.92,18.6,Largo
185,186,2026-08-05 09:05:49,9,business,13218,8781,154,65,62,98,8,3.2,10.36,Muy Corto
186,187,2026-04-14 13:39:02,13,tech,40028,26666,845,354,389,272,4,5.96,20.15,Corto
187,188,2026-04-16 16:28:45,16,tech,569,377,14,3,4,346,4,5.57,15.38,Corto
188,189,2026-07-13 18:05:20,18,tech,19393,12617,489,188,120,504,7,6.32,17.44,Medio
189,190,2026-05-20 18:07:47,18,tech,3390,2785,97,17,32,416,5,5.24,15.12,Medio
190,191,2026-03-11 19:40:01,19,design,17011,14513,1238,35,41,309,3,9.05,11.75,Corto
191,192,2026-04-10 10:11:10,10,tech,563,510,12,5,7,470,4,4.71,17.25,Medio
192,193,2026-08-02 23:44:09,23,business,947,690,17,3,3,175,8,3.33,7.68,Muy Corto
193,194,2026-06-22 16:16:34,16,design,520,463,29,1,1,361,6,6.7,8.86,Corto
194,195,2026-02-23 11:09:17,11,tech,3069,2411,90,29,44,334,2,6.76,23.14,Corto
195,196,2026-03-24 09:20:54,9,design,4273,4015,344,29,20,281,3,9.79,15.44,Corto
196,197,2026-07-07 18:36:42,18,tech,5202,3940,125,28,65,462,7,5.53,19.21,Medio
197,198,2026-08-16 02:10:40,2,tech,560,411,12,2,5,295,8,4.62,14.6,Corto
198,199,2026-05-13 09:46:24,9,design,575,434,32,1,2,270,5,8.06,11.98,Corto
199,200,2026-03-15 11:45:18,11,business,18443,13616,381,130,81,155,3,4.35,11.38,Muy Corto
200,201,2026-08-05 14:59:23,14,tech,8893,7035,277,102,73,395,8,6.43,18.04,Medio
201,202,2026-04-21 05:46:09,5,design,3346,2435,156,8,10,325,4,7.15,11.01,Corto
202,203,2026-07-02 13:19:10,13,business,4879,3230,36,13,25,150,7,2.29,8.92,Muy Corto
203,204,2026-05-13 05:39:52,5,tech,1485,1353,36,11,13,339,5,4.43,13.6,Corto
204,205,2026-02-22 14:56:15,14,tech,14395,12000,296,125,215,516,2,5.3,20.97,Medio
205,206,2026-04-11 17:58:37,17,tech,1519,1018,35,7,16,538,4,5.7,18.76,Medio
206,207,2026-08-10 09:50:05,9,tech,11699,8458,259,66,113,355,8,5.18,16.87,Corto
207,208,2026-06-18 12:16:10,12,design,19523,16471,1013,101,77,339,6,7.23,12.34,Corto
208,209,2026-07-02 11:49:30,11,tech,4697,3910,155,48,35,213,7,6.09,16.04,Corto
209,210,2026-08-06 08:04:10,8,business,5974,5337,111,43,50,97,8,3.82,12.8,Muy Corto
210,211,2026-08-12 08:47:50,8,design,2028,1686,150,3,4,221,8,9.31,11.51,Corto
211,212,2026-04-16 17:04:06,17,design,12688,9076,757,44,38,379,4,9.24,13.63,Medio
212,213,2026-04-14 21:12:43,21,tech,20871,14606,405,149,145,384,4,4.79,14.8,Medio
213,214,2026-03-31 08:49:10,8,design,1063,754,50,3,2,284,3,7.29,10.34,Corto
214,215,2026-08-18 00:06:49,0,business,5619,4403,79,40,20,171,8,3.16,9.06,Muy Corto
215,216,2026-05-10 19:04:29,19,business,886,609,10,2,5,137,5,2.79,9.52,Muy Corto
216,217,2026-04-17 10:03:34,10,design,8229,7023,623,30,18,349,4,9.55,12.63,Corto
217,218,2026-03-27 17:24:58,17,business,6706,5779,107,52,51,171,3,3.63,12.51,Muy Corto
218,219,2026-03-03 17:49:20,17,business,13650,11254,280,89,52,187,3,3.74,9.35,Muy Corto
219,220,2026-05-17 08:38:28,8,design,1586,1304,68,4,4,262,5,5.83,8.9,Corto
220,221,2026-02-25 05:37:36,5,tech,351,270,5,3,4,442,2,4.44,18.15,Medio
221,222,2026-03-04 17:30:47,17,tech,5632,4186,135,58,72,376,3,6.33,22.53,Medio
222,223,2026-04-28 20:26:51,20,tech,2575,1899,68,14,31,354,4,5.95,19.59,Corto
223,224,2026-03-13 09:07:33,9,tech,8971,6038,189,41,97,432,3,5.42,18.7,Medio
224,225,2026-08-15 15:31:12,15,design,5371,4235,316,33,8,292,8,8.43,12.09,Corto
225,226,2026-07-01 10:22:32,10,tech,1573,1037,23,8,15,270,7,4.44,16.88,Corto
226,227,2026-03-17 13:06:19,13,design,3959,3597,319,18,19,374,3,9.9,15.1,Corto
227,228,2026-07-25 12:17:53,12,design,1795,1193,98,2,5,237,7,8.8,12.24,Corto
228,229,2026-06-11 11:51:56,11,business,34437,28682,371,114,140,104,6,2.18,6.79,Muy Corto
229,230,2026-08-15 17:24:34,17,business,548,404,5,3,2,178,8,2.48,8.17,Muy Corto
230,231,2026-03-04 22:01:00,22,tech,3599,2943,82,42,33,245,3,5.33,17.47,Corto
231,232,2026-02-28 17:15:29,17,tech,4841,3373,96,41,44,542,2,5.37,18.14,Medio
232,233,2026-08-03 12:49:01,12,business,1429,983,24,3,7,149,8,3.46,9.36,Muy Corto
233,234,2026-07-16 11:10:57,11,design,6968,6507,390,41,16,274,7,6.87,10.48,Corto
234,235,2026-02-21 09:52:49,9,tech,5095,4731,162,48,69,556,2,5.9,19.15,Largo
235,236,2026-06-26 18:06:55,18,design,2845,2220,121,5,7,323,6,5.99,8.87,Corto
236,237,2026-05-21 09:45:22,9,design,2378,2159,189,11,5,306,5,9.5,12.64,Corto
237,238,2026-04-24 08:29:10,8,tech,5563,4850,191,26,69,593,4,5.9,17.46,Largo
238,239,2026-06-13 11:54:20,11,business,31880,26834,743,154,223,94,6,4.17,11.71,Muy Corto
239,240,2026-02-22 17:01:50,17,tech,30788,25436,738,183,299,257,2,4.8,15.18,Corto
240,241,2026-04-08 14:05:02,14,business,2934,2675,54,24,10,118,4,3.29,8.6,Muy Corto
241,242,2026-07-12 05:46:15,5,tech,276,228,7,2,2,328,7,4.82,13.6,Corto
242,243,2026-05-02 11:09:21,11,tech,686,649,20,7,5,361,5,4.93,13.56,Corto
243,244,2026-04-09 08:09:30,8,tech,14797,9656,364,64,132,357,4,5.8,17.36,Corto
244,245,2026-08-13 12:19:18,12,design,8038,6716,491,29,18,326,8,8.01,11.18,Corto
245,246,2026-04-28 08:05:27,8,business,9668,6340,80,60,32,148,4,2.71,9.09,Muy Corto
246,247,2026-08-14 16:54:36,16,tech,14522,10996,270,107,103,388,8,4.37,13.84,Medio
247,248,2026-04-23 15:57:46,15,business,2235,1534,34,10,13,149,4,3.72,11.6,Muy Corto
248,249,2026-05-11 18:47:03,18,business,14373,11721,174,95,112,129,5,3.25,12.37,Muy Corto
249,250,2026-04-02 10:26:02,10,design,843,634,34,1,3,357,4,5.99,9.78,Corto
250,251,2026-05-27 15:02:41,15,tech,1500,1011,34,7,9,421,5,4.95,13.25,Medio
251,252,2026-06-07 08:16:11,8,tech,10917,7341,243,108,123,292,6,6.46,22.6,Corto
252,253,2026-02-21 14:55:54,14,business,5801,4702,47,31,30,135,2,2.3,8.74,Muy Corto
253,254,2026-06-14 18:34:17,18,business,20800,16703,338,151,152,146,6,3.84,12.92,Muy Corto
254,255,2026-03-28 09:53:12,9,tech,8645,6798,240,57,134,580,3,6.34,22.65,Largo
255,256,2026-05-20 10:37:06,10,design,4434,3197,264,12,17,411,5,9.16,14.01,Medio
256,257,2026-08-10 18:41:24,18,business,11659,10143,141,30,64,75,8,2.32,7.62,Muy Corto
257,258,2026-05-07 12:28:57,12,design,1425,1001,65,5,3,351,5,7.29,10.89,Corto
258,259,2026-06-03 08:25:40,8,tech,11199,10627,260,112,102,346,6,4.46,14.34,Corto
259,260,2026-03-25 19:37:17,19,design,3362,3178,204,13,11,383,3,7.17,10.82,Medio
260,261,2026-07-09 15:13:38,15,tech,1318,1120,29,6,14,550,7,4.38,14.73,Largo
261,262,2026-06-18 09:13:18,9,tech,9332,8451,327,55,113,392,6,5.86,17.17,Medio
262,263,2026-08-09 10:33:43,10,tech,12710,8458,191,103,108,513,8,4.75,17.34,Medio
263,264,2026-04-08 13:17:11,13,design,269,236,13,0,1,223,4,5.93,8.9,Corto
264,265,2026-03-23 23:09:21,23,tech,30931,25611,825,360,291,481,3,5.76,17.93,Medio
265,266,2026-07-10 21:03:48,21,design,2589,1702,119,5,10,253,7,7.87,12.87,Corto
266,267,2026-02-22 19:29:24,19,business,2124,1990,27,10,10,165,2,2.36,7.39,Muy Corto
267,268,2026-07-18 17:43:02,17,business,6103,4114,48,40,21,148,7,2.65,9.14,Muy Corto
268,269,2026-08-02 18:56:10,18,design,1381,1177,103,8,3,331,8,9.69,13.51,Corto
269,270,2026-03-14 04:08:25,4,design,11387,8400,713,38,26,259,3,9.25,12.77,Corto
270,271,2026-04-05 15:06:53,15,tech,826,552,21,6,6,482,4,5.98,16.85,Medio
271,272,2026-06-20 14:01:21,14,design,681,598,43,4,1,276,6,8.03,11.2,Corto
272,273,2026-04-30 07:05:40,7,tech,1534,1189,29,7,15,354,4,4.29,14.89,Corto
273,274,2026-02-27 10:31:01,10,business,5816,4883,119,23,34,165,2,3.6,9.89,Muy Corto
274,275,2026-05-16 13:16:39,13,tech,7439,5740,222,35,70,402,5,5.7,16.06,Medio
275,276,2026-07-19 17:38:05,17,design,7358,4921,272,30,16,361,7,6.46,10.57,Corto
276,277,2026-05-05 09:50:29,9,design,406,317,23,1,1,291,5,7.89,11.04,Corto
277,278,2026-07-11 18:12:37,18,tech,15203,13964,443,122,229,544,7,5.69,19.79,Medio
278,279,2026-08-13 10:14:31,10,tech,11374,9643,212,48,93,561,8,3.66,11.91,Largo
279,280,2026-04-12 16:06:51,16,design,24928,17876,1495,48,72,396,4,9.03,12.66,Medio
280,281,2026-05-20 14:39:35,14,design,2687,2203,159,11,8,352,5,8.08,12.12,Corto
281,282,2026-04-21 17:33:36,17,tech,18766,13402,344,199,267,453,4,6.04,24.44,Medio
282,283,2026-03-28 15:12:24,15,tech,9825,6670,211,58,100,532,3,5.53,18.64,Medio
283,284,2026-05-20 13:08:50,13,business,1676,1425,31,8,13,109,5,3.65,11.72,Muy Corto
284,285,2026-07-22 09:03:47,9,design,8070,7462,542,28,21,299,7,7.92,11.02,Corto
285,286,2026-03-15 09:43:24,9,tech,22522,19653,504,111,275,467,3,4.53,16.02,Medio
286,287,2026-04-25 17:01:20,17,tech,3426,3197,116,40,28,600,4,5.76,15.64,Largo
287,288,2026-08-04 17:38:37,17,tech,6493,5873,136,46,90,338,8,4.63,17.71,Corto
288,289,2026-07-26 09:03:37,9,business,1408,1308,33,11,5,139,7,3.75,8.94,Muy Corto
289,290,2026-06-30 16:13:39,16,design,10672,7180,410,51,28,228,6,6.81,11.67,Corto
290,291,2026-06-10 12:33:48,12,tech,5683,4716,167,24,91,501,6,5.98,21.01,Medio
291,292,2026-08-18 18:35:08,18,tech,11058,9605,310,73,112,392,8,5.15,15.6,Medio
292,293,2026-04-08 11:49:42,11,design,1264,922,50,3,4,268,4,6.18,10.2,Corto
293,294,2026-05-11 16:48:13,16,tech,5702,3977,100,22,45,410,5,4.2,13.78,Medio
294,295,2026-03-21 06:51:48,6,business,24333,21301,324,125,98,79,3,2.57,7.55,Muy Corto
295,296,2026-05-18 10:32:37,10,tech,3634,2916,64,17,36,314,5,4.01,14.4,Corto
296,297,2026-03-22 12:16:13,12,tech,2799,1847,64,15,33,367,3,6.06,21.01,Corto
297,298,2026-06-29 11:43:32,11,tech,5289,4220,152,43,42,362,6,5.62,15.64,Corto
298,299,2026-04-06 19:49:17,19,business,3215,2692,71,12,16,103,4,3.68,9.18,Muy Corto
299,300,2026-07-26 10:28:17,10,business,883,587,5,3,5,103,7,2.21,9.71,Muy Corto
300,301,2026-05-05 08:26:18,8,tech,2476,2157,63,31,34,304,5,5.93,21.28,Corto
301,302,2026-02-27 12:02:25,12,tech,4773,4461,176,59,44,387,2,6.25,17.13,Medio
302,303,2026-03-07 15:32:13,15,tech,3537,2886,64,30,39,450,3,4.61,17.19,Medio
303,304,2026-04-25 11:43:09,11,business,2341,2132,37,12,20,148,4,3.24,11.49,Muy Corto
304,305,2026-07-23 15:39:25,15,business,4404,2944,73,9,25,176,7,3.63,10.5,Muy Corto
305,306,2026-07-04 16:49:42,16,tech,756,633,19,4,6,516,7,4.58,13.11,Medio
306,307,2026-02-22 16:54:15,16,tech,3343,2970,107,37,49,400,2,6.5,21.78,Medio
307,308,2026-05-03 18:55:01,18,tech,15685,10811,253,154,144,282,5,5.1,18.69,Corto
308,309,2026-06-13 12:27:37,12,design,3512,2483,169,15,8,321,6,7.73,11.8,Corto
309,310,2026-05-20 11:46:34,11,design,1085,888,51,2,4,312,5,6.42,10.25,Corto
310,311,2026-03-26 08:47:34,8,tech,10084,8902,315,78,160,288,3,6.21,21.42,Corto
311,312,2026-07-01 10:16:56,10,tech,1426,1109,24,14,18,369,7,5.05,20.2,Corto
312,313,2026-02-25 09:54:05,9,tech,2181,1641,49,9,25,312,2,5.06,17.37,Corto
313,314,2026-05-15 16:04:38,16,business,5548,3874,48,17,30,138,5,2.45,9.19,Muy Corto
314,315,2026-07-19 17:27:51,17,business,29915,26347,481,137,258,178,7,3.32,11.74,Muy Corto
315,316,2026-08-04 16:02:10,16,tech,4071,3673,144,26,71,640,8,6.56,22.22,Largo
316,317,2026-04-17 19:21:01,19,design,2618,1789,142,5,8,190,4,8.66,12.63,Muy Corto
317,318,2026-06-28 10:01:31,10,tech,18180,12250,453,119,192,312,6,6.24,20.12,Corto
318,319,2026-07-14 13:08:38,13,tech,20036,15217,400,91,284,393,7,5.09,19.95,Medio
319,320,2026-02-24 11:29:35,11,design,3648,2575,224,17,15,349,2,9.94,16.0,Corto
320,321,2026-07-15 11:36:48,11,tech,10594,8999,292,68,96,493,7,5.07,14.8,Medio
321,322,2026-03-03 06:46:23,6,tech,5142,4496,159,41,58,405,3,5.74,17.5,Medio
322,323,2026-04-30 18:30:17,18,tech,67369,45131,1405,313,676,490,4,5.3,17.87,Medio
323,324,2026-06-15 17:23:03,17,tech,3361,2731,84,33,54,432,6,6.26,23.73,Medio
324,325,2026-03-19 08:08:39,8,design,25256,21769,1637,132,48,351,3,8.35,11.71,Corto
325,326,2026-08-16 23:37:43,23,tech,18400,12491,340,118,146,417,8,4.84,15.85,Medio
326,327,2026-03-05 16:17:28,16,business,4439,3690,86,28,26,123,3,3.79,11.0,Muy Corto
327,328,2026-04-09 11:45:36,11,tech,4704,4353,148,62,45,388,4,5.86,17.37,Medio
328,329,2026-03-21 08:59:10,8,tech,1648,1151,36,16,22,306,3,6.43,23.98,Corto
329,330,2026-03-11 14:39:37,14,tech,1433,949,31,7,10,395,3,5.06,14.65,Medio
330,331,2026-04-02 15:22:36,15,tech,1237,935,33,9,15,369,4,6.1,20.21,Corto
331,332,2026-05-17 08:48:10,8,tech,15016,12143,462,94,157,460,5,5.87,17.24,Medio
332,333,2026-07-13 17:09:07,17,business,2090,1700,26,7,16,142,7,2.88,10.71,Muy Corto
333,334,2026-08-16 10:06:30,10,tech,1872,1680,41,22,21,496,8,5.0,17.68,Medio
334,335,2026-07-25 09:45:42,9,tech,77324,65537,2361,524,1151,496,7,6.16,20.85,Medio
335,336,2026-07-25 07:08:42,7,tech,2072,1870,37,27,33,477,7,5.19,21.87,Medio
336,337,2026-06-10 12:32:19,12,design,3715,3397,182,25,7,292,6,6.3,9.95,Corto
337,338,2026-08-09 11:27:32,11,tech,7477,5304,131,32,57,293,8,4.15,13.48,Corto
338,339,2026-05-23 10:57:14,10,tech,39006,32242,892,297,317,238,5,4.67,14.32,Corto
339,340,2026-04-20 18:39:50,18,tech,3593,3317,114,29,37,393,4,5.43,15.86,Medio
340,341,2026-03-07 19:43:08,19,design,2139,2013,118,8,9,283,3,6.71,11.03,Corto
341,342,2026-03-12 09:56:28,9,business,8163,6380,162,62,30,113,3,3.98,10.19,Muy Corto
342,343,2026-03-11 20:53:20,20,design,1728,1455,84,8,4,331,3,6.6,10.17,Corto
343,344,2026-07-13 17:59:43,17,design,19242,14169,1102,79,41,299,7,8.62,12.32,Corto
344,345,2026-06-07 00:19:21,0,tech,1793,1465,41,21,19,455,6,5.53,18.91,Medio
345,346,2026-03-05 09:38:55,9,tech,18838,17879,459,230,175,466,3,4.83,15.54,Medio
346,347,2026-07-10 15:05:51,15,design,26995,21160,1216,131,84,320,7,6.76,11.4,Corto
347,348,2026-05-31 19:16:08,19,tech,2965,2329,70,26,33,335,5,5.54,18.81,Corto
348,349,2026-05-31 06:19:46,6,design,3770,2699,185,9,15,314,5,7.74,12.63,Corto
349,350,2026-03-09 10:35:30,10,business,11951,9742,183,92,42,174,3,3.25,9.1,Muy Corto
350,351,2026-08-13 23:27:04,23,design,2215,1495,96,8,7,326,8,7.42,12.31,Corto
351,352,2026-02-23 17:14:35,17,business,9349,8024,135,48,39,188,2,2.77,7.96,Muy Corto
352,353,2026-06-10 10:29:10,10,design,1127,928,49,3,2,295,6,5.82,8.3,Corto
353,354,2026-03-29 11:53:44,11,tech,1522,1081,21,11,20,359,3,4.81,20.81,Corto
354,355,2026-06-18 17:52:08,17,tech,3508,2930,116,25,43,281,6,6.28,19.11,Corto
355,356,2026-08-07 11:48:44,11,business,2139,1530,37,13,14,126,8,4.18,13.14,Muy Corto
356,357,2026-07-23 09:27:17,9,design,4094,2715,147,17,9,383,7,6.37,10.57,Medio
357,358,2026-08-05 17:36:23,17,design,9163,6820,543,48,14,291,8,8.87,12.42,Corto
358,359,2026-03-24 14:30:06,14,business,13257,11227,129,90,69,142,3,2.57,9.27,Muy Corto
359,360,2026-06-09 22:18:47,22,design,3907,2897,216,10,5,310,6,7.97,10.22,Corto
360,361,2026-03-11 14:10:44,14,design,9297,6205,345,31,15,296,3,6.3,9.49,Corto
361,362,2026-07-10 17:43:19,17,business,3173,2598,47,17,23,115,7,3.35,11.51,Muy Corto
362,363,2026-04-12 06:50:38,6,tech,1347,1034,32,7,19,548,4,5.61,20.5,Largo
363,364,2026-08-09 17:11:47,17,design,36577,34305,1734,227,86,342,8,5.97,9.71,Corto
364,365,2026-05-12 15:41:33,15,tech,67359,44609,1093,432,800,448,5,5.21,20.67,Medio
365,366,2026-04-20 13:58:05,13,design,347,284,16,1,1,317,4,6.34,9.86,Corto
366,367,2026-04-01 09:46:31,9,tech,545,514,13,4,4,323,4,4.09,11.87,Corto
367,368,2026-05-27 13:47:42,13,tech,720,517,19,2,7,391,5,5.42,16.05,Medio
368,369,2026-05-24 17:01:46,17,tech,2736,1885,44,13,36,399,5,4.93,20.37,Medio
369,370,2026-06-04 08:59:30,8,design,3427,2883,193,15,12,326,6,7.63,12.11,Corto
370,371,2026-07-08 07:06:34,7,business,1464,1257,20,5,11,166,7,2.86,10.18,Muy Corto
371,372,2026-08-13 15:08:57,15,tech,4286,3603,137,21,67,304,8,6.24,21.01,Corto
372,373,2026-08-13 13:32:52,13,business,703,561,11,5,2,144,8,3.21,8.38,Muy Corto
373,374,2026-08-12 12:55:08,12,design,4369,3040,249,10,16,315,8,9.05,13.72,Corto
374,375,2026-06-18 18:06:07,18,design,1706,1423,98,9,4,414,6,7.8,11.67,Medio
375,376,2026-08-19 08:33:36,8,design,4947,3986,301,10,19,275,8,8.28,12.37,Corto
376,377,2026-08-05 10:48:11,10,tech,6005,5554,147,42,67,405,8,4.61,15.32,Medio
377,378,2026-04-03 17:24:21,17,design,798,597,53,2,3,239,4,9.72,14.24,Corto
378,379,2026-07-24 16:44:14,16,design,1131,894,63,5,4,330,7,8.05,12.86,Corto
379,380,2026-04-15 16:29:54,16,tech,17143,16087,497,131,137,357,4,4.76,13.16,Corto
380,381,2026-04-10 17:40:37,17,design,3213,2458,162,7,11,347,4,7.32,11.31,Corto
381,382,2026-06-03 10:35:26,10,design,18872,12812,1038,74,25,181,6,8.87,11.97,Muy Corto
382,383,2026-07-28 08:17:55,8,design,4871,3555,180,11,18,385,7,5.88,10.35,Medio
383,384,2026-06-16 16:56:48,16,business,345,283,6,1,1,137,6,2.83,6.36,Muy Corto
384,385,2026-05-30 13:34:03,13,design,4972,4156,280,12,16,259,5,7.41,10.97,Corto
385,386,2026-05-10 07:26:48,7,tech,328,298,9,3,4,232,5,5.37,17.79,Corto
386,387,2026-05-03 18:58:22,18,design,3287,2797,162,16,10,335,5,6.72,10.94,Corto
387,388,2026-04-22 15:10:22,15,business,1915,1784,50,10,17,130,4,4.32,12.67,Muy Corto
388,389,2026-08-16 21:35:24,21,business,3997,2854,55,16,24,134,8,3.33,10.9,Muy Corto
389,390,2026-05-23 18:08:10,18,tech,92602,60943,1782,494,1139,468,5,5.6,21.12,Medio
390,391,2026-07-29 11:05:41,11,design,5243,3799,251,9,22,296,7,7.42,12.19,Corto
391,392,2026-08-14 17:26:10,17,tech,1452,1120,42,8,17,422,8,5.98,18.75,Medio
392,393,2026-04-21 12:45:16,12,tech,17857,16128,481,117,161,364,4,4.71,13.87,Corto
393,394,2026-03-29 17:29:40,17,design,6662,5905,415,45,17,238,3,8.08,12.38,Corto
394,395,2026-07-19 18:08:22,18,tech,7374,6200,158,64,112,599,7,5.39,21.13,Largo
395,396,2026-08-10 18:20:44,18,tech,2719,2338,50,20,43,373,8,4.83,20.27,Corto
396,397,2026-06-29 09:52:52,9,tech,3472,2803,80,21,43,257,6,5.14,18.12,Corto
397,398,2026-03-27 12:29:37,12,tech,2780,2083,62,29,25,261,3,5.57,18.15,Corto
398,399,2026-06-09 17:20:42,17,tech,6331,4357,138,54,48,473,6,5.51,16.94,Medio
399,400,2026-08-09 17:09:18,17,tech,5193,4713,151,28,46,561,8,4.77,13.39,Largo
400,401,2026-05-06 08:25:08,8,tech,17976,13873,373,92,245,464,5,5.12,19.47,Medio
401,402,2026-05-12 18:02:12,18,design,3780,2787,148,20,9,291,5,6.35,10.76,Corto
402,403,2026-08-13 08:33:01,8,tech,1761,1471,44,20,19,308,8,5.64,18.76,Corto
403,404,2026-03-22 15:10:35,15,design,4331,3412,223,10,12,294,3,7.18,10.52,Corto
404,405,2026-05-11 08:56:38,8,tech,708,508,18,4,4,403,5,5.12,12.99,Medio
405,406,2026-07-20 09:07:34,9,design,973,861,45,2,3,257,7,5.81,8.94,Corto
406,407,2026-04-29 15:00:24,15,tech,6920,6398,195,37,69,284,4,4.7,13.99,Corto
407,408,2026-06-28 10:09:19,10,tech,3685,3029,91,30,45,529,6,5.48,18.85,Medio
408,409,2026-05-14 13:13:10,13,tech,5318,4622,171,64,56,528,5,6.3,18.93,Medio
409,410,2026-03-31 08:38:15,8,tech,10810,9060,298,115,180,422,3,6.55,24.26,Medio
410,411,2026-08-08 18:33:21,18,design,1846,1667,120,3,6,288,8,7.74,10.8,Corto
411,412,2026-04-28 09:56:31,9,design,588,489,26,1,1,266,4,5.73,7.77,Corto
412,413,2026-08-07 07:53:24,7,business,910,708,18,3,3,125,8,3.39,7.63,Muy Corto
413,414,2026-05-20 07:46:47,7,tech,6513,5298,210,40,69,401,5,6.02,17.4,Medio
414,415,2026-07-24 13:38:17,13,tech,855,600,13,4,7,401,7,4.0,14.17,Medio
415,416,2026-04-13 16:52:07,16,design,1977,1423,72,4,4,272,4,5.62,8.43,Corto
416,417,2026-07-21 10:23:27,10,business,18149,11911,251,104,70,99,7,3.57,10.3,Muy Corto
417,418,2026-07-05 17:46:28,17,tech,5355,4460,124,37,44,449,7,4.6,13.99,Medio
418,419,2026-07-18 09:04:43,9,business,17530,14781,406,142,121,124,7,4.53,13.14,Muy Corto
419,420,2026-04-16 17:58:08,17,design,8814,7044,507,32,24,305,4,7.99,11.74,Corto
420,421,2026-04-23 09:02:19,9,design,15243,12236,1079,91,34,385,4,9.84,14.02,Medio
421,422,2026-07-01 10:21:44,10,tech,7096,4917,133,25,54,398,7,4.31,13.52,Medio
422,423,2026-05-22 13:28:59,13,tech,5403,3843,133,27,63,265,5,5.8,19.39,Corto
423,424,2026-03-16 16:50:01,16,business,12717,11077,183,61,69,191,3,2.83,8.84,Muy Corto
424,425,2026-03-21 11:30:54,11,design,7241,5357,364,36,14,243,3,7.73,11.57,Corto
425,426,2026-04-22 08:04:47,8,tech,5033,4111,119,45,78,375,4,5.89,22.45,Medio
426,427,2026-06-28 10:52:34,10,tech,4366,4037,116,44,50,586,6,5.2,17.14,Largo
427,428,2026-03-07 08:18:16,8,tech,769,640,18,5,8,578,3,4.84,15.94,Largo
428,429,2026-05-08 14:20:42,14,tech,3346,2646,58,23,21,327,5,3.85,12.02,Corto
429,430,2026-07-31 15:46:38,15,design,357,300,19,1,0,342,7,6.67,7.67,Corto
430,431,2026-07-27 07:33:14,7,tech,1853,1747,55,19,19,441,7,5.32,16.2,Medio
431,432,2026-08-01 09:34:25,9,design,5388,4075,355,16,14,245,8,9.45,13.03,Corto
432,433,2026-06-27 08:01:25,8,tech,3246,2166,78,19,23,474,6,5.54,15.6,Medio
433,434,2026-04-01 08:20:23,8,tech,10091,7491,154,59,72,468,4,3.8,12.9,Medio
434,435,2026-04-23 16:07:03,16,tech,942,787,28,7,8,386,4,5.46,15.25,Medio
435,436,2026-03-24 13:09:13,13,tech,354,287,8,2,5,323,3,5.23,19.51,Corto
436,437,2026-04-04 10:36:33,10,business,926,717,14,5,3,115,4,3.07,8.09,Muy Corto
437,438,2026-03-05 12:43:19,12,business,6176,5227,118,34,50,144,3,3.86,12.51,Muy Corto
438,439,2026-04-21 08:56:53,8,tech,4997,4551,99,60,42,379,4,4.42,14.83,Medio
439,440,2026-07-07 10:59:44,10,design,2709,1907,159,6,9,306,7,9.12,13.37,Corto
440,441,2026-05-17 18:46:12,18,tech,3743,2708,64,22,30,251,5,4.28,14.48,Corto
441,442,2026-04-17 16:59:59,16,business,2504,1719,44,14,9,155,4,3.9,10.01,Muy Corto
442,443,2026-05-21 08:48:17,8,tech,4784,3584,116,22,52,559,5,5.3,17.3,Largo
443,444,2026-07-01 17:54:25,17,business,8107,7598,81,74,45,104,7,2.63,9.7,Muy Corto
444,445,2026-02-27 01:34:56,1,tech,5718,4298,91,29,39,572,2,3.7,12.08,Largo
445,446,2026-06-06 18:05:51,18,tech,3841,3303,119,33,42,457,6,5.87,17.77,Medio
446,447,2026-08-05 16:34:27,16,tech,588,546,13,7,10,376,8,5.49,22.16,Medio
447,448,2026-06-03 16:36:59,16,tech,5412,3534,88,30,66,349,6,5.21,20.83,Corto
448,449,2026-06-12 08:36:10,8,tech,5319,4387,93,46,57,485,6,4.47,16.71,Medio
449,450,2026-03-26 09:23:22,9,tech,5798,4210,112,55,79,594,3,5.84,22.9,Largo
450,451,2026-07-20 06:48:04,6,tech,353,236,7,1,1,202,7,3.81,8.05,Muy Corto
451,452,2026-05-26 13:24:13,13,tech,9343,6378,215,88,79,420,5,5.99,18.8,Medio
452,453,2026-07-05 16:15:09,16,design,2776,2590,138,19,12,348,7,6.53,11.97,Corto
453,454,2026-06-09 14:58:04,14,tech,19646,13285,266,163,156,376,6,4.4,16.3,Medio
454,455,2026-07-28 13:27:36,13,tech,4189,3594,110,47,49,492,7,5.73,19.2,Medio
455,456,2026-03-30 12:56:20,12,design,3426,2443,126,13,5,342,3,5.89,8.92,Corto
456,457,2026-05-20 04:44:14,4,design,525,455,40,3,1,291,5,9.67,13.19,Corto
457,458,2026-03-30 10:34:10,10,tech,17298,15332,322,83,154,474,3,3.65,12.3,Medio
458,459,2026-07-07 12:58:57,12,design,2128,1391,124,8,7,377,7,9.99,15.24,Medio
459,460,2026-05-05 07:49:49,7,tech,4939,4267,110,39,50,370,5,4.66,15.61,Corto
460,461,2026-07-06 10:44:18,10,design,19063,15176,1319,34,48,181,7,9.23,12.12,Muy Corto
461,462,2026-06-06 18:46:24,18,business,1911,1503,20,10,14,169,6,2.93,11.44,Muy Corto
462,463,2026-08-09 06:55:22,6,business,752,546,12,3,2,126,8,3.11,7.33,Muy Corto
463,464,2026-06-05 15:19:17,15,tech,353,271,9,1,3,216,6,4.8,13.65,Corto
464,465,2026-03-16 10:02:12,10,design,40423,36084,2043,199,81,307,3,6.44,9.66,Corto
465,466,2026-04-30 07:20:08,7,design,794,581,38,2,3,262,4,7.4,12.05,Corto
466,467,2026-06-15 23:08:32,23,business,8259,6289,183,34,36,140,6,4.02,9.65,Muy Corto
467,468,2026-04-11 20:03:43,20,tech,556,451,9,4,7,490,4,4.43,17.96,Medio
468,469,2026-03-22 14:25:21,14,tech,434,345,9,4,6,253,3,5.51,21.16,Corto
469,470,2026-04-16 18:18:06,18,tech,1291,986,24,11,8,563,4,4.36,13.39,Largo
470,471,2026-05-29 09:30:54,9,design,5994,4883,294,10,25,361,5,6.74,10.94,Corto
471,472,2026-07-11 20:26:57,20,business,690,525,6,4,3,140,7,2.48,8.76,Muy Corto
472,473,2026-02-28 08:11:05,8,tech,2584,1787,59,20,31,395,2,6.16,21.66,Medio
473,474,2026-05-16 11:47:53,11,tech,9211,7581,198,107,89,114,5,5.2,17.65,Muy Corto
474,475,2026-03-27 08:26:07,8,business,2856,2071,30,14,8,121,3,2.51,7.24,Muy Corto
475,476,2026-07-08 17:02:14,17,tech,42903,32146,764,345,342,457,7,4.51,15.18,Medio
476,477,2026-06-11 22:18:58,22,business,9162,6086,97,52,55,134,6,3.35,12.24,Muy Corto
477,478,2026-08-09 09:45:44,9,tech,549,451,17,6,4,358,8,5.99,16.19,Corto
478,479,2026-08-17 08:44:58,8,tech,2861,2306,55,19,34,410,8,4.68,17.48,Medio
479,480,2026-07-10 14:55:11,14,design,2188,2016,171,10,10,314,7,9.47,14.43,Corto
480,481,2026-04-06 14:18:07,14,tech,5740,3895,126,35,52,470,4,5.47,17.51,Medio
481,482,2026-03-08 17:06:59,17,business,38624,34984,415,134,265,134,3,2.33,8.78,Muy Corto
482,483,2026-08-05 13:35:18,13,tech,5056,3608,83,49,29,279,8,4.46,14.16,Corto
483,484,2026-04-17 18:54:59,18,tech,2979,2728,63,14,38,325,4,4.22,15.51,Corto
484,485,2026-07-22 12:59:29,12,tech,2142,1935,76,14,25,398,7,5.94,17.16,Medio
485,486,2026-04-06 10:23:14,10,business,4053,3139,64,23,30,167,4,3.73,12.62,Muy Corto
486,487,2026-06-19 10:57:25,10,tech,1746,1204,38,10,11,647,6,4.9,13.79,Largo
487,488,2026-06-24 10:21:55,10,design,37175,33972,2842,145,103,281,6,9.1,12.5,Corto
488,489,2026-05-04 11:35:47,11,design,7471,5395,338,30,25,311,5,7.28,12.2,Corto
489,490,2026-06-18 12:06:54,12,tech,1891,1773,67,21,28,430,6,6.54,21.15,Medio
490,491,2026-06-28 06:51:50,6,tech,6463,5080,140,56,75,223,6,5.33,18.98,Corto
491,492,2026-07-08 07:59:28,7,tech,3612,2626,95,13,26,410,7,5.1,13.52,Medio
492,493,2026-05-15 12:18:59,12,business,5625,3996,68,19,39,130,5,3.15,11.41,Muy Corto
493,494,2026-07-03 16:30:50,16,tech,1411,1030,23,5,19,244,7,4.56,18.93,Corto
494,495,2026-04-18 02:26:54,2,tech,9150,7552,181,68,107,124,4,4.71,17.33,Muy Corto
495,496,2026-06-23 09:25:32,9,design,12381,8815,574,36,27,252,6,7.23,10.6,Corto
496,497,2026-04-17 11:07:51,11,tech,11896,9053,322,113,132,281,4,6.26,20.21,Corto
497,498,2026-03-22 07:51:57,7,tech,10472,8467,317,85,120,413,3,6.17,19.1,Medio
498,499,2026-05-16 18:23:04,18,tech,100431,69277,1558,1007,862,438,5,4.95,18.02,Medio
499,500,2026-05-07 12:40:40,12,tech,8688,7507,195,72,95,491,5,4.82,16.56,Medio
500,501,2026-07-27 13:43:02,13,tech,14480,13592,349,184,251,440,7,5.77,22.76,Medio
501,502,2026-02-22 08:38:31,8,tech,771,584,19,7,10,248,2,6.16,21.75,Corto
502,503,2026-03-01 15:10:01,15,tech,1687,1443,40,16,25,621,3,5.61,21.07,Largo
503,504,2026-03-29 12:43:23,12,tech,6197,5127,196,41,77,316,3,6.12,19.04,Corto
504,505,2026-07-06 10:30:52,10,tech,8906,6418,216,91,77,440,7,5.98,18.64,Medio
505,506,2026-03-21 13:20:03,13,business,8299,7851,217,73,74,160,3,4.64,14.02,Muy Corto
506,507,2026-05-17 11:28:14,11,tech,1562,1196,46,8,18,667,5,6.02,18.56,Largo
507,508,2026-05-14 15:31:47,15,design,781,513,42,1,3,214,5,8.97,13.65,Corto
508,509,2026-07-10 18:22:26,18,tech,2501,1911,75,25,37,320,7,7.17,24.65,Corto
509,510,2026-06-06 17:12:39,17,tech,1995,1494,52,20,20,446,6,6.16,19.54,Medio
510,511,2026-03-26 00:12:40,0,design,4984,4276,330,31,9,224,3,8.65,12.3,Corto
511,512,2026-05-20 19:04:16,19,tech,343,310,6,2,4,168,5,3.87,14.84,Muy Corto
512,513,2026-06-28 09:41:50,9,tech,21340,17044,407,141,236,548,6,4.6,16.77,Largo
513,514,2026-08-13 17:30:46,17,tech,727,598,19,8,10,420,8,6.19,21.91,Medio
514,515,2026-05-03 16:52:13,16,design,4565,3646,256,7,11,410,5,7.52,10.2,Medio
515,516,2026-08-12 14:05:03,14,tech,34757,23702,907,153,285,407,8,5.67,16.03,Medio
516,517,2026-02-27 10:06:52,10,tech,1679,1527,46,17,13,514,2,4.98,14.28,Medio
517,518,2026-03-07 08:56:44,8,tech,2377,1593,36,18,16,481,3,4.39,14.81,Medio
518,519,2026-07-25 13:17:51,13,tech,8958,7695,175,42,134,375,7,4.56,18.39,Medio
519,520,2026-03-02 13:30:20,13,tech,7162,6620,233,54,57,381,3,5.2,13.67,Medio
520,521,2026-02-25 11:12:21,11,design,2261,1623,98,11,8,303,2,7.21,12.69,Corto
521,522,2026-06-28 18:22:35,18,tech,926,608,12,5,10,354,6,4.44,18.42,Corto
522,523,2026-05-27 14:29:40,14,tech,4659,4132,138,34,47,442,5,5.3,15.73,Medio
523,524,2026-06-16 10:34:48,10,tech,28753,19891,553,217,181,325,6,4.78,14.42,Corto
524,525,2026-03-31 10:52:25,10,design,5287,3901,331,19,21,360,3,9.51,14.74,Corto
525,526,2026-06-19 17:51:23,17,tech,1110,979,25,11,14,425,6,5.11,18.49,Medio
526,527,2026-06-18 17:37:40,17,business,15786,11857,289,46,80,113,6,3.5,9.39,Muy Corto
527,528,2026-06-15 18:27:17,18,design,3411,3235,189,22,11,270,6,6.86,11.28,Corto
528,529,2026-03-11 13:14:34,13,business,5160,4414,56,19,30,121,3,2.38,8.43,Muy Corto
529,530,2026-07-15 16:05:17,16,tech,6164,4057,147,57,60,283,7,6.51,21.07,Corto
530,531,2026-07-15 09:48:08,9,tech,30068,20082,592,220,247,304,7,5.27,17.17,Corto
531,532,2026-04-15 16:02:39,16,tech,2297,1775,69,19,24,450,4,6.31,18.99,Medio
532,533,2026-02-25 16:19:39,16,design,3120,2131,125,16,11,274,2,7.13,13.0,Corto
533,534,2026-05-21 11:56:07,11,business,11205,7989,135,24,52,116,5,2.64,8.1,Muy Corto
534,535,2026-06-16 10:07:54,10,tech,5241,3908,83,42,48,431,6,4.43,16.25,Medio
535,536,2026-05-12 14:05:04,14,tech,6674,4436,176,60,65,270,5,6.79,21.1,Corto
536,537,2026-07-18 08:07:45,8,business,101972,93010,948,482,564,147,7,2.14,7.94,Muy Corto
537,538,2026-04-14 10:03:15,10,design,33982,22932,1362,152,93,317,4,7.01,11.83,Corto
538,539,2026-05-10 15:22:56,15,tech,11857,8254,255,85,83,415,5,5.12,15.25,Medio
539,540,2026-04-09 08:22:59,8,tech,12069,9754,226,118,124,350,4,4.8,17.33,Corto
540,541,2026-05-21 00:27:07,0,business,2085,1483,19,11,13,93,5,2.9,11.26,Muy Corto
541,542,2026-08-04 18:33:45,18,tech,4914,4667,104,62,42,263,8,4.46,14.74,Corto
542,543,2026-07-08 15:18:24,15,tech,28640,21806,460,156,271,463,7,4.07,14.91,Medio
543,544,2026-08-01 15:29:07,15,design,5173,4289,362,14,16,274,8,9.14,12.73,Corto
544,545,2026-07-08 18:40:43,18,design,2337,1997,125,14,8,348,7,7.36,12.27,Corto
545,546,2026-02-23 17:41:08,17,tech,2254,1942,63,19,21,538,2,5.3,15.81,Medio
546,547,2026-08-14 21:32:36,21,business,6081,3957,82,11,32,153,8,3.16,9.65,Muy Corto
547,548,2026-03-31 09:39:43,9,business,2880,2154,57,21,18,128,3,4.46,13.23,Muy Corto
548,549,2026-06-02 09:59:38,9,business,7059,4950,75,41,40,128,6,3.15,11.29,Muy Corto
549,550,2026-03-02 23:52:39,23,design,4433,3690,302,19,17,308,3,9.16,13.93,Corto
550,551,2026-03-11 12:50:46,12,tech,7515,5664,125,79,99,308,3,5.35,21.77,Corto
551,552,2026-03-15 10:19:05,10,design,614,548,28,3,2,325,3,6.02,10.22,Corto
552,553,2026-06-13 10:46:03,10,design,536,430,29,2,1,306,6,7.44,10.47,Corto
553,554,2026-03-01 11:10:23,11,design,4193,3052,241,10,7,268,3,8.45,11.04,Corto
554,555,2026-03-26 17:31:22,17,design,3372,2946,167,17,12,248,3,6.65,11.24,Corto
555,556,2026-07-14 11:18:08,11,business,33320,25821,635,204,257,176,7,4.24,13.58,Muy Corto
556,557,2026-05-07 10:38:29,10,design,8808,7431,394,21,34,313,5,6.04,10.09,Corto
557,558,2026-02-23 08:41:46,8,business,1628,1215,25,5,10,144,2,3.29,10.29,Muy Corto
558,559,2026-05-03 19:56:50,19,design,3673,2637,139,18,6,340,5,6.18,9.82,Corto
559,560,2026-05-15 21:31:17,21,design,3843,2507,210,19,6,295,5,9.37,13.32,Corto
560,561,2026-04-16 10:26:04,10,design,7648,7187,609,55,25,266,4,9.59,14.32,Corto
561,562,2026-06-15 15:57:49,15,design,809,561,38,1,3,320,6,7.49,11.76,Corto
562,563,2026-06-05 20:40:12,20,design,3921,3034,242,12,18,292,6,8.97,14.3,Corto
563,564,2026-08-18 18:00:47,18,design,948,651,55,1,1,304,8,8.76,10.29,Corto
564,565,2026-07-15 11:11:16,11,business,2439,2168,63,10,21,146,7,4.34,12.5,Muy Corto
565,566,2026-05-27 09:50:37,9,design,23685,20936,1863,54,88,301,5,9.58,13.29,Corto
566,567,2026-06-11 11:59:02,11,tech,5408,3548,131,24,61,373,6,6.09,20.15,Corto
567,568,2026-04-08 16:27:11,16,business,1947,1288,21,10,7,150,4,2.95,9.08,Muy Corto
568,569,2026-06-15 12:45:24,12,design,3199,2944,226,14,7,358,6,8.39,11.48,Corto
569,570,2026-02-22 01:27:24,1,business,605,466,5,4,2,147,2,2.36,7.94,Muy Corto
570,571,2026-04-12 13:24:49,13,design,894,635,55,1,1,243,4,8.98,10.55,Corto
571,572,2026-07-20 10:20:01,10,business,7859,6356,91,29,52,161,7,2.71,9.8,Muy Corto
572,573,2026-04-27 09:14:24,9,tech,39793,29942,1023,253,294,342,4,5.24,14.65,Corto
573,574,2026-04-13 15:47:22,15,tech,1346,930,22,12,11,364,4,4.84,16.99,Corto
574,575,2026-03-15 17:44:53,17,tech,2057,1544,56,12,16,368,3,5.44,15.03,Corto
575,576,2026-07-27 19:44:21,19,tech,2711,2082,69,16,28,471,7,5.43,17.15,Medio
576,577,2026-05-05 16:39:32,16,tech,6198,5514,216,81,56,272,5,6.4,17.92,Corto
577,578,2026-04-25 11:54:55,11,tech,3210,2157,63,31,31,324,4,5.8,20.17,Corto
578,579,2026-07-21 10:48:53,10,design,6511,6069,451,29,22,284,7,8.27,12.24,Corto
579,580,2026-04-24 10:23:43,10,business,348,285,6,2,1,123,4,3.16,7.72,Muy Corto
580,581,2026-05-04 23:13:38,23,business,2564,1715,25,11,15,138,5,2.97,11.02,Muy Corto
581,582,2026-08-04 22:07:49,22,business,3173,2796,75,17,13,133,8,3.76,8.83,Muy Corto
582,583,2026-06-17 09:10:05,9,tech,17157,14124,538,202,250,302,6,7.01,23.69,Corto
583,584,2026-07-24 13:20:49,13,design,6592,5564,359,19,28,303,7,7.3,11.84,Corto
584,585,2026-07-06 09:41:28,9,tech,6448,4467,127,27,66,389,7,4.93,17.08,Medio
585,586,2026-05-21 11:39:21,11,design,2396,1690,111,9,9,287,5,7.63,12.96,Corto
586,587,2026-07-28 17:31:20,17,business,1973,1737,45,5,11,168,7,3.51,8.81,Muy Corto
587,588,2026-04-09 07:12:58,7,tech,1222,1123,34,9,11,414,4,4.81,14.07,Medio
588,589,2026-07-15 15:44:14,15,tech,3704,2439,86,31,22,484,7,5.7,15.83,Medio
589,590,2026-03-15 17:24:36,17,design,4241,3919,245,24,20,292,3,7.37,12.78,Corto
590,591,2026-07-23 07:07:51,7,tech,2441,1697,57,17,28,530,7,6.01,20.57,Medio
591,592,2026-04-20 00:09:26,0,design,3432,2714,175,5,9,366,4,6.96,9.84,Corto
592,593,2026-07-02 16:44:36,16,tech,8740,6354,171,64,119,386,7,5.57,21.7,Medio
593,594,2026-06-12 16:54:54,16,tech,3136,2149,75,27,42,307,6,6.7,24.15,Corto
594,595,2026-04-24 10:34:05,10,business,3863,3555,58,14,20,196,4,2.59,7.71,Muy Corto
595,596,2026-07-05 06:40:22,6,tech,1382,1002,23,10,14,235,7,4.69,17.47,Corto
596,597,2026-02-27 11:01:40,11,design,3628,3154,185,7,6,280,2,6.28,8.28,Corto
597,598,2026-02-28 07:55:55,7,tech,721,579,19,3,8,525,2,5.18,16.41,Medio
598,599,2026-04-03 12:23:34,12,tech,884,702,20,9,11,497,4,5.7,20.51,Medio
599,600,2026-04-30 09:07:49,9,business,5758,4706,84,29,22,167,4,2.87,7.99,Muy Corto
600,601,2026-03-26 16:27:04,16,tech,1420,1277,33,18,12,279,3,4.93,15.74,Corto
601,602,2026-05-23 17:56:05,17,tech,1914,1441,33,16,24,429,5,5.07,20.06,Medio
602,603,2026-05-30 17:39:19,17,tech,4670,4153,135,34,58,545,5,5.47,17.7,Medio
603,604,2026-05-31 10:53:37,10,tech,5884,3850,100,36,68,422,5,5.3,20.47,Medio
604,605,2026-06-03 11:15:01,11,design,487,452,23,3,1,271,6,5.97,9.51,Corto
605,606,2026-05-29 08:26:10,8,tech,9362,7192,193,54,120,285,5,5.1,19.04,Corto
606,607,2026-07-24 09:33:07,9,design,8022,6168,410,24,17,284,7,7.31,10.41,Corto
607,608,2026-08-17 10:02:25,10,tech,872,799,28,10,10,478,8,6.01,18.52,Medio
608,609,2026-05-26 17:06:46,17,design,5548,4133,340,19,14,329,5,9.02,12.78,Corto
609,610,2026-05-10 18:30:57,18,tech,3688,2464,66,17,25,403,5,4.38,13.56,Medio
610,611,2026-03-05 17:08:15,17,design,12287,11626,634,91,28,279,3,6.48,10.51,Corto
611,612,2026-05-31 22:21:00,22,business,2541,2255,33,12,18,123,5,2.79,9.98,Muy Corto
612,613,2026-02-22 12:47:13,12,tech,4954,4659,166,58,60,291,2,6.1,18.85,Corto
613,614,2026-07-22 03:02:51,3,business,785,726,13,6,6,118,7,3.44,11.71,Muy Corto
614,615,2026-07-12 18:07:10,18,design,911,630,44,1,1,458,7,7.3,8.89,Medio
615,616,2026-05-29 17:43:35,17,design,6410,5906,316,27,26,288,5,6.25,10.7,Corto
616,617,2026-04-03 09:06:05,9,design,1794,1602,97,9,8,326,4,7.12,12.3,Corto
617,618,2026-03-25 07:02:03,7,tech,1658,1527,44,17,26,341,3,5.7,20.96,Corto
618,619,2026-04-12 10:04:50,10,business,12942,10951,179,108,46,156,4,3.04,8.94,Muy Corto
619,620,2026-04-25 03:37:26,3,design,9066,7246,447,24,41,311,4,7.07,12.02,Corto
620,621,2026-06-29 20:35:18,20,tech,3149,2919,106,18,52,396,6,6.03,20.35,Medio
621,622,2026-04-28 10:19:56,10,tech,941,678,26,8,10,251,4,6.49,20.35,Corto
622,623,2026-06-18 09:25:40,9,design,6451,4514,300,22,26,292,6,7.71,13.2,Corto
623,624,2026-03-19 12:57:48,12,design,1397,1051,59,7,2,274,3,6.47,9.8,Corto
624,625,2026-03-28 16:27:18,16,business,4631,3636,61,26,30,107,3,3.22,11.14,Muy Corto
625,626,2026-06-16 09:32:36,9,tech,28577,26633,648,353,437,348,6,5.4,20.86,Corto
626,627,2026-07-22 06:03:12,6,tech,2243,1799,70,15,19,396,7,5.78,15.68,Medio
627,628,2026-08-03 10:35:40,10,business,2492,2289,37,7,20,177,8,2.8,9.83,Muy Corto
628,629,2026-02-26 08:07:25,8,tech,7999,7077,247,39,69,437,2,5.02,13.49,Medio
629,630,2026-04-10 12:02:03,12,tech,1478,981,28,5,13,449,4,4.69,15.49,Medio
630,631,2026-04-04 15:57:46,15,design,9374,6409,390,46,22,244,4,7.15,11.7,Corto
631,632,2026-02-23 13:57:04,13,business,20327,15018,426,93,89,194,2,4.05,10.05,Muy Corto
632,633,2026-05-29 10:15:56,10,design,10467,8813,523,53,47,297,5,7.07,12.61,Corto
633,634,2026-07-01 11:13:45,11,tech,1480,1351,48,19,16,564,7,6.14,18.65,Largo
634,635,2026-07-08 09:37:06,9,tech,3680,2776,110,22,33,487,7,5.94,16.64,Medio
635,636,2026-07-08 07:18:59,7,design,14078,13046,804,66,51,263,7,7.06,11.31,Corto
636,637,2026-04-21 10:58:58,10,tech,20525,18462,723,130,148,426,4,5.42,13.15,Medio
637,638,2026-05-18 06:12:24,6,business,24746,21109,294,160,191,181,5,3.06,11.66,Muy Corto
638,639,2026-07-17 19:52:19,19,business,9656,9057,117,63,58,168,7,2.63,9.2,Muy Corto
639,640,2026-07-24 15:18:39,15,tech,757,613,13,5,10,433,7,4.57,18.43,Medio
640,641,2026-06-10 17:42:05,17,business,409,366,4,2,3,168,6,2.46,9.84,Muy Corto
641,642,2026-08-07 20:26:01,20,business,417,313,6,3,1,125,8,3.19,8.31,Muy Corto
642,643,2026-06-14 10:37:47,10,business,4734,3307,45,27,27,112,6,2.99,11.16,Muy Corto
643,644,2026-07-04 09:51:45,9,tech,3721,3164,75,20,60,597,7,4.9,20.07,Largo
644,645,2026-07-28 08:52:17,8,tech,6922,5635,206,41,109,468,7,6.32,22.04,Medio
645,646,2026-05-02 17:41:41,17,design,30585,20332,1234,50,54,307,5,6.58,9.18,Corto
646,647,2026-06-28 17:21:10,17,design,7987,6147,419,45,32,332,6,8.07,13.91,Corto
647,648,2026-07-23 16:57:52,16,design,7655,6185,493,15,31,260,7,8.71,12.95,Corto
648,649,2026-06-18 15:41:53,15,tech,1892,1306,32,8,19,367,6,4.52,16.54,Corto
649,650,2026-03-03 08:36:54,8,tech,15273,11737,321,147,195,190,3,5.65,21.04,Muy Corto
650,651,2026-06-27 05:54:43,5,design,6461,5987,470,34,20,272,6,8.75,12.79,Corto
651,652,2026-06-24 15:36:55,15,tech,608,539,17,2,9,421,6,5.19,18.0,Medio
652,653,2026-07-23 09:13:00,9,tech,14068,11841,435,148,211,531,7,6.71,22.93,Medio
653,654,2026-06-15 19:10:59,19,design,5334,3835,231,17,22,306,6,7.04,12.39,Corto
654,655,2026-05-12 18:16:58,18,tech,3174,2734,55,19,29,388,5,3.77,13.28,Medio
655,656,2026-03-18 18:05:33,18,tech,18488,15804,489,136,132,543,3,4.79,13.22,Medio
656,657,2026-05-02 08:17:02,8,tech,1384,1291,48,12,13,366,5,5.65,15.49,Corto
657,658,2026-04-30 17:57:44,17,tech,1523,1209,45,12,12,460,4,5.71,15.63,Medio
658,659,2026-02-23 10:01:30,10,tech,3756,2483,80,23,49,472,2,6.12,22.71,Medio
659,660,2026-04-30 17:46:02,17,tech,983,762,15,4,7,191,4,3.41,11.42,Muy Corto
660,661,2026-07-30 10:29:13,10,business,1831,1411,23,5,6,109,7,2.41,6.45,Muy Corto
661,662,2026-06-19 14:09:57,14,design,6046,4717,344,33,27,213,6,8.56,14.67,Corto
662,663,2026-02-24 11:48:20,11,design,3128,2211,156,13,8,262,2,8.01,12.3,Corto
663,664,2026-05-17 17:52:34,17,tech,25593,20582,530,228,286,406,5,5.07,18.12,Medio
664,665,2026-06-07 09:13:39,9,business,969,766,7,3,7,70,6,2.22,9.79,Muy Corto
665,666,2026-08-16 08:50:03,8,tech,3249,2117,60,29,32,464,8,5.72,20.41,Medio
666,667,2026-06-21 10:21:16,10,tech,10700,9266,188,71,175,318,6,4.68,20.2,Corto
667,668,2026-04-07 04:39:39,4,design,788,655,48,1,1,321,4,7.63,9.16,Corto
668,669,2026-03-14 17:28:50,17,design,11780,8016,519,35,47,273,3,7.5,12.91,Corto
669,670,2026-05-24 18:00:41,18,tech,9489,8188,280,53,87,337,5,5.13,14.51,Corto
670,671,2026-05-19 11:42:15,11,tech,4074,2991,107,34,51,613,5,6.42,21.77,Largo
671,672,2026-03-24 13:16:40,13,tech,537,455,17,4,6,450,3,5.93,17.8,Medio
672,673,2026-05-23 10:35:06,10,tech,1716,1321,42,8,17,472,5,5.07,15.9,Medio
673,674,2026-04-01 22:00:36,22,tech,6866,5035,108,26,56,242,4,3.77,13.11,Corto
674,675,2026-04-11 15:28:40,15,tech,1968,1772,55,19,29,129,4,5.81,20.49,Muy Corto
675,676,2026-03-14 13:14:16,13,tech,3083,2042,52,20,37,329,3,5.34,20.96,Corto
676,677,2026-07-26 11:53:20,11,business,1639,1257,30,9,11,159,7,3.98,12.25,Muy Corto
677,678,2026-07-24 09:13:43,9,tech,8527,7393,202,46,84,415,7,4.49,14.31,Medio
678,679,2026-07-11 11:08:24,11,business,1536,1122,21,9,5,157,7,3.12,8.65,Muy Corto
679,680,2026-04-11 22:53:55,22,tech,3110,2861,75,17,53,230,4,5.07,19.82,Corto
680,681,2026-04-21 11:07:27,11,tech,908,807,25,4,8,381,4,4.58,13.01,Medio
681,682,2026-06-17 11:51:56,11,design,874,768,41,3,3,277,6,6.12,10.03,Corto
682,683,2026-08-09 18:33:47,18,tech,10052,7452,188,65,122,316,8,5.03,19.11,Corto
683,684,2026-05-28 09:00:22,9,design,8998,5999,538,12,16,178,5,9.43,11.9,Muy Corto
684,685,2026-06-21 19:38:31,19,tech,6451,5514,138,57,70,344,6,4.81,16.79,Corto
685,686,2026-02-26 18:26:03,18,design,870,600,53,4,1,284,2,9.67,12.83,Corto
686,687,2026-07-17 09:37:23,9,tech,18057,12414,276,153,132,338,7,4.52,15.66,Corto
687,688,2026-05-17 15:34:17,15,tech,1663,1327,45,15,20,344,5,6.03,19.97,Corto
688,689,2026-08-12 10:14:12,10,design,6810,5537,348,39,16,161,8,7.28,11.41,Muy Corto
689,690,2026-03-13 13:04:25,13,tech,12793,10743,365,150,145,530,3,6.14,19.78,Medio
690,691,2026-04-26 17:10:38,17,tech,3775,3314,85,47,58,407,4,5.73,22.24,Medio
691,692,2026-05-29 17:34:45,17,design,1599,1316,74,7,7,262,5,6.69,12.01,Corto
692,693,2026-03-30 11:09:15,11,tech,13726,9710,282,136,110,483,3,5.44,17.57,Medio
693,694,2026-06-29 18:40:11,18,business,1833,1221,26,9,8,135,6,3.52,10.32,Muy Corto
694,695,2026-05-02 09:40:17,9,tech,2959,2580,88,13,32,450,5,5.16,15.35,Medio
695,696,2026-05-27 20:10:13,20,tech,3001,1998,67,22,27,339,5,5.81,18.57,Corto
696,697,2026-02-27 19:17:14,19,tech,1643,1500,50,7,19,350,2,5.07,15.33,Corto
697,698,2026-06-07 10:06:27,10,tech,11550,9521,355,135,114,490,6,6.34,18.98,Medio
698,699,2026-02-27 16:05:36,16,business,5825,4140,64,26,30,165,2,2.9,9.86,Muy Corto
699,700,2026-08-02 10:42:41,10,design,2273,1874,94,5,7,278,8,5.66,9.07,Corto
700,701,2026-08-05 22:31:47,22,tech,435,316,12,3,3,305,8,5.7,15.19,Corto
701,702,2026-04-18 10:48:36,10,business,3895,3019,86,23,16,132,4,4.14,10.14,Muy Corto
702,703,2026-03-26 16:40:49,16,business,10355,9440,125,69,76,163,3,2.86,10.69,Muy Corto
703,704,2026-03-24 06:13:33,6,business,1661,1555,28,11,9,93,3,3.09,9.26,Muy Corto
704,705,2026-07-25 11:20:51,11,business,1720,1243,15,10,5,175,7,2.41,7.64,Muy Corto
705,706,2026-07-12 14:51:13,14,tech,4059,3389,76,46,30,369,7,4.49,14.75,Corto
706,707,2026-05-06 17:13:38,17,design,2301,1685,84,8,3,270,5,5.64,8.31,Corto
707,708,2026-04-08 12:25:27,12,design,2505,2216,116,6,10,299,4,5.96,9.93,Corto
708,709,2026-04-02 15:35:22,15,tech,1232,1068,38,5,8,272,4,4.78,11.42,Corto
709,710,2026-06-10 09:24:00,9,tech,2049,1821,41,15,14,223,6,3.84,11.7,Corto
710,711,2026-04-12 18:12:53,18,tech,1024,960,20,8,12,292,4,4.17,15.42,Corto
711,712,2026-04-27 20:15:33,20,tech,1293,885,27,11,12,465,4,5.65,18.87,Medio
712,713,2026-02-22 16:08:15,16,tech,9174,6209,150,66,117,544,2,5.36,21.74,Medio
713,714,2026-07-07 11:46:50,11,design,411,369,24,1,1,318,7,7.05,9.76,Corto
714,715,2026-07-13 04:15:04,4,business,2248,1991,35,13,9,107,7,2.86,7.99,Muy Corto
715,716,2026-02-21 08:43:03,8,tech,1932,1688,53,12,24,349,2,5.27,17.36,Corto
716,717,2026-06-07 11:12:10,11,tech,4786,3187,84,22,53,338,6,4.99,18.7,Corto
717,718,2026-04-06 11:52:08,11,tech,3091,2115,62,23,25,383,4,5.2,16.74,Medio
718,719,2026-03-04 09:43:23,9,tech,6179,4532,180,36,77,310,3,6.47,20.74,Corto
719,720,2026-04-24 16:54:16,16,tech,2961,2665,61,13,28,537,4,3.83,12.65,Medio
720,721,2026-03-29 16:14:47,16,tech,2245,1910,70,16,20,448,3,5.55,15.39,Medio
721,722,2026-03-08 19:33:22,19,tech,1378,911,21,4,11,254,3,3.95,13.72,Corto
722,723,2026-08-11 07:03:20,7,tech,342,230,7,2,1,453,8,4.35,10.0,Medio
723,724,2026-04-07 12:10:48,12,tech,3244,2776,57,28,34,341,4,4.29,15.89,Corto
724,725,2026-08-18 10:39:14,10,design,348,258,13,1,1,334,8,5.81,9.69,Corto
725,726,2026-03-19 08:01:49,8,business,9659,8645,144,46,37,195,3,2.63,7.22,Muy Corto
726,727,2026-05-27 15:14:07,15,tech,1219,1021,20,15,15,360,5,4.9,19.59,Corto
727,728,2026-06-07 09:21:19,9,tech,5531,4096,122,40,52,403,6,5.22,17.04,Medio
728,729,2026-03-09 10:29:22,10,tech,6380,5634,216,63,71,388,3,6.21,18.39,Medio
729,730,2026-04-24 05:37:21,5,design,212,168,10,0,0,257,4,5.95,5.95,Corto
730,731,2026-07-28 09:37:08,9,tech,26754,19874,617,188,164,516,7,4.88,13.49,Medio
731,732,2026-03-02 08:42:28,8,tech,31713,23127,898,168,439,305,3,6.51,21.97,Corto
732,733,2026-03-20 11:33:03,11,design,1862,1543,79,11,7,342,3,6.29,11.6,Corto
733,734,2026-08-13 13:59:14,13,tech,12409,11676,463,97,129,357,8,5.9,16.13,Corto
734,735,2026-02-28 07:42:03,7,business,1219,1055,10,10,5,185,2,2.37,8.53,Muy Corto
735,736,2026-04-13 21:09:53,21,design,525,446,24,1,1,311,4,5.83,8.07,Corto
736,737,2026-06-18 10:39:32,10,tech,8626,6293,170,43,51,570,6,4.2,11.92,Largo
737,738,2026-06-13 16:17:00,16,design,16688,12463,849,67,31,311,6,7.6,10.95,Corto
738,739,2026-08-17 11:22:41,11,tech,8193,5849,152,48,64,330,8,4.51,14.63,Corto
739,740,2026-04-05 19:43:17,19,design,3516,2592,152,8,10,293,4,6.56,10.19,Corto
740,741,2026-08-06 02:01:13,2,business,221,153,1,0,1,132,8,1.31,5.88,Muy Corto
741,742,2026-04-27 08:34:42,8,business,20627,17703,339,71,146,142,4,3.14,10.12,Muy Corto
742,743,2026-03-26 05:36:11,5,tech,3701,3387,109,25,32,351,3,4.9,13.73,Corto
743,744,2026-06-28 17:04:40,17,business,12280,8698,126,32,66,153,6,2.58,8.99,Muy Corto
744,745,2026-07-21 20:19:09,20,tech,1399,1301,32,10,11,274,7,4.07,12.3,Corto
745,746,2026-05-02 14:20:50,14,design,1840,1258,89,6,6,235,5,8.03,12.8,Corto
746,747,2026-08-19 12:15:22,12,business,6443,4538,60,13,36,168,8,2.4,8.81,Muy Corto
747,748,2026-04-13 12:51:08,12,business,1924,1798,51,13,17,177,4,4.51,13.29,Muy Corto
748,749,2026-05-23 17:02:48,17,tech,2972,2754,92,29,29,546,5,5.45,15.98,Medio
749,750,2026-06-16 12:39:13,12,tech,737,490,17,5,7,324,6,5.92,18.98,Corto
750,751,2026-06-22 16:37:17,16,business,3125,2689,43,11,24,214,6,2.9,10.38,Corto
751,752,2026-04-11 18:05:34,18,design,2470,1697,102,5,6,410,4,6.66,10.02,Medio
752,753,2026-05-31 16:41:11,16,tech,32787,21345,660,300,373,383,5,6.25,22.69,Medio
753,754,2026-08-15 19:16:37,19,business,3333,2195,23,14,11,185,8,2.19,7.61,Muy Corto
754,755,2026-05-25 19:00:59,19,design,3054,2044,148,13,5,215,5,8.12,11.74,Corto
755,756,2026-02-25 19:16:31,19,business,1948,1675,37,13,10,137,2,3.58,10.09,Muy Corto
756,757,2026-06-06 13:48:05,13,tech,1742,1557,49,14,30,295,6,5.97,22.16,Corto
757,758,2026-05-04 18:39:24,18,design,10688,8698,716,20,26,328,5,8.76,11.54,Corto
758,759,2026-05-23 13:04:02,13,design,6054,4542,397,35,22,219,5,10.0,15.7,Corto
759,760,2026-03-04 08:29:36,8,design,12387,10018,689,68,47,336,3,8.03,13.35,Corto
760,761,2026-06-29 13:48:25,13,tech,4468,3444,103,35,57,343,6,5.66,20.3,Corto
761,762,2026-08-09 12:40:36,12,tech,3642,3245,104,46,46,229,8,6.04,20.22,Corto
762,763,2026-05-02 15:55:59,15,tech,21012,19524,691,282,183,196,5,5.92,16.82,Muy Corto
763,764,2026-07-03 17:59:28,17,design,7310,5697,343,42,17,261,7,7.06,11.36,Corto
764,765,2026-04-19 15:43:08,15,tech,494,324,10,4,2,481,4,4.94,12.96,Medio
765,766,2026-03-27 10:08:36,10,business,4805,3807,77,16,28,110,3,3.18,9.59,Muy Corto
766,767,2026-03-15 09:53:07,9,design,813,720,52,2,3,298,3,7.92,11.67,Corto
767,768,2026-05-21 14:34:01,14,tech,6555,5938,120,35,94,422,5,4.19,17.04,Medio
768,769,2026-08-05 18:39:28,18,tech,3415,3186,105,38,43,465,8,5.84,18.86,Medio
769,770,2026-04-19 10:41:39,10,design,5102,3484,238,9,12,354,4,7.43,10.62,Corto
770,771,2026-03-26 09:48:05,9,business,7451,6996,185,35,40,175,3,3.72,9.22,Muy Corto
771,772,2026-04-27 15:44:23,15,tech,1439,1186,24,10,22,606,4,4.72,20.24,Largo
772,773,2026-03-28 17:11:53,17,tech,1764,1330,36,15,23,491,3,5.56,21.05,Medio
773,774,2026-02-28 17:45:37,17,design,9691,9202,547,43,33,314,2,6.77,10.68,Corto
774,775,2026-04-12 17:19:35,17,design,4942,4268,263,31,10,335,4,7.12,10.94,Corto
775,776,2026-06-22 09:03:17,9,tech,16217,12208,486,149,133,238,6,6.29,17.58,Corto
776,777,2026-06-23 08:36:59,8,design,5787,4330,243,25,24,290,6,6.74,12.36,Corto
777,778,2026-04-06 20:36:41,20,tech,975,867,18,4,9,490,4,3.58,12.23,Medio
778,779,2026-07-11 20:36:29,20,tech,898,696,18,3,7,659,7,4.02,12.36,Largo
779,780,2026-05-01 12:30:34,12,tech,12494,8597,240,115,151,389,5,5.89,22.19,Medio
780,781,2026-02-28 12:32:08,12,business,16445,14632,231,82,116,120,2,2.93,10.16,Muy Corto
781,782,2026-07-13 17:49:37,17,tech,5276,4719,116,63,48,404,7,4.81,15.94,Medio
782,783,2026-05-13 15:37:17,15,design,2087,1644,104,7,4,251,5,7.0,9.98,Corto
783,784,2026-05-15 12:16:26,12,tech,1891,1561,50,23,28,492,5,6.47,23.45,Medio
784,785,2026-07-28 10:48:28,10,tech,139793,124155,4098,1426,2211,246,7,6.23,22.14,Corto
785,786,2026-06-17 18:07:01,18,tech,479,385,11,5,7,435,6,5.97,22.6,Medio
786,787,2026-05-08 11:51:58,11,design,91772,75761,4013,383,185,276,5,6.05,9.27,Corto
787,788,2026-02-23 10:18:13,10,design,4198,3678,202,15,18,334,2,6.39,11.04,Corto
788,789,2026-04-24 10:00:05,10,tech,1637,1094,24,13,12,434,4,4.48,15.72,Medio
789,790,2026-06-10 09:21:09,9,business,43620,36517,881,217,346,187,6,3.95,12.37,Muy Corto
790,791,2026-02-28 08:35:15,8,business,4878,4518,111,39,36,183,2,4.12,12.28,Muy Corto
791,792,2026-06-29 13:21:49,13,business,1383,1242,36,9,10,144,6,4.43,12.24,Muy Corto
792,793,2026-03-17 14:46:56,14,tech,4250,2928,87,28,39,347,3,5.26,17.45,Corto
793,794,2026-03-02 08:23:53,8,design,781,707,39,4,4,285,3,6.65,12.31,Corto
794,795,2026-08-08 10:11:19,10,tech,45882,38807,1415,506,320,172,8,5.77,15.46,Muy Corto
795,796,2026-03-08 20:31:25,20,business,12315,10285,143,71,46,137,3,2.53,7.73,Muy Corto
796,797,2026-08-04 14:59:09,14,tech,1583,1054,39,12,19,418,8,6.64,22.68,Medio
797,798,2026-07-30 08:58:51,8,business,49758,46253,624,423,410,147,7,3.15,12.1,Muy Corto
798,799,2026-08-19 08:54:23,8,tech,2780,2415,51,18,34,295,8,4.27,16.36,Corto
799,800,2026-02-21 10:12:07,10,design,3520,2460,160,16,14,346,2,7.72,13.66,Corto
800,801,2026-08-15 09:18:24,9,tech,2924,2631,70,21,52,318,8,5.44,21.66,Corto
801,802,2026-02-28 09:59:36,9,tech,1241,1135,24,8,15,252,2,4.14,15.51,Corto
802,803,2026-03-17 10:11:54,10,tech,26906,21062,597,287,361,525,3,5.91,22.0,Medio
803,804,2026-05-11 06:14:25,6,design,1154,1066,55,6,6,414,5,6.29,11.91,Medio
804,805,2026-03-22 07:12:19,7,tech,917,649,20,8,6,379,3,5.24,15.41,Medio
805,806,2026-03-09 17:35:54,17,tech,681,469,17,5,8,478,3,6.4,21.54,Medio
806,807,2026-05-23 21:50:33,21,design,16208,14926,969,112,36,336,5,7.48,11.42,Corto
807,808,2026-08-01 12:10:36,12,business,20941,14725,356,61,94,152,8,3.47,9.18,Muy Corto
808,809,2026-04-28 13:45:00,13,tech,11165,10380,208,63,203,244,4,4.57,20.08,Corto
809,810,2026-08-11 18:50:30,18,tech,4289,3960,88,44,41,465,8,4.37,14.95,Medio
810,811,2026-07-17 08:45:34,8,design,14244,11403,691,68,57,325,7,7.16,12.44,Corto
811,812,2026-03-31 18:22:36,18,tech,1062,934,35,11,15,376,3,6.53,21.31,Medio
812,813,2026-06-02 08:49:11,8,tech,90980,74841,2053,407,1322,295,6,5.05,19.05,Corto
813,814,2026-08-15 10:48:28,10,business,21284,14070,273,46,86,145,8,2.88,8.14,Muy Corto
814,815,2026-05-16 12:49:39,12,business,648,560,16,2,2,187,5,3.57,7.14,Muy Corto
815,816,2026-07-04 17:38:19,17,business,728,666,19,3,2,125,7,3.6,7.06,Muy Corto
816,817,2026-04-10 23:33:56,23,tech,997,730,25,4,8,517,4,5.07,14.38,Medio
817,818,2026-03-17 10:59:45,10,tech,1522,1336,40,17,18,403,3,5.61,18.86,Medio
818,819,2026-02-22 13:52:29,13,business,4978,4485,115,19,35,170,2,3.77,10.5,Muy Corto
819,820,2026-06-30 17:41:25,17,tech,1121,781,30,8,15,447,6,6.79,23.3,Medio
820,821,2026-08-06 20:26:17,20,design,147,125,11,0,0,363,8,8.8,8.8,Corto
821,822,2026-08-02 07:29:45,7,design,2764,2414,140,14,5,291,8,6.59,9.78,Corto
822,823,2026-07-14 17:05:54,17,design,27420,24300,2027,176,110,326,7,9.52,14.86,Corto
823,824,2026-03-31 10:16:31,10,business,9533,8864,108,26,64,129,3,2.23,8.17,Muy Corto
824,825,2026-03-30 13:33:21,13,tech,894,668,25,4,12,430,3,6.14,20.51,Medio
825,826,2026-04-22 12:58:40,12,design,2262,1867,105,12,7,358,4,6.64,11.19,Corto
826,827,2026-07-08 16:14:14,16,design,2063,1747,92,11,5,317,7,6.18,10.07,Corto
827,828,2026-07-26 07:42:36,7,design,495,468,39,3,2,338,7,9.4,14.32,Corto
828,829,2026-04-14 07:52:21,7,design,2386,1962,144,5,5,251,4,7.85,10.4,Corto
829,830,2026-02-24 10:41:37,10,design,1869,1746,119,12,4,299,2,7.73,11.4,Corto
830,831,2026-03-28 18:55:09,18,design,2524,2105,122,9,10,312,3,6.7,11.31,Corto
831,832,2026-04-02 19:32:21,19,tech,204,176,4,1,1,450,4,3.41,9.09,Medio
832,833,2026-06-01 05:19:03,5,tech,931,787,21,6,14,220,6,5.21,19.95,Corto
833,834,2026-07-05 17:01:36,17,tech,8406,6012,224,86,48,419,7,5.95,15.83,Medio
834,835,2026-03-07 07:16:08,7,business,334,241,3,1,2,163,3,2.49,9.54,Muy Corto
835,836,2026-08-07 09:59:38,9,business,4702,3190,56,11,24,159,8,2.85,9.15,Muy Corto
836,837,2026-06-28 11:29:01,11,tech,916,724,16,3,10,543,6,4.01,14.92,Medio
837,838,2026-06-20 10:31:53,10,tech,5922,3986,122,20,65,347,6,5.19,18.11,Corto
838,839,2026-03-08 10:59:41,10,design,1823,1525,86,11,7,336,3,6.82,12.2,Corto
839,840,2026-05-28 09:28:02,9,design,7550,7046,532,55,31,325,5,8.77,14.19,Corto
840,841,2026-03-11 07:27:22,7,business,770,506,14,2,4,106,3,3.95,10.67,Muy Corto
841,842,2026-07-13 09:17:17,9,business,3524,2832,60,20,20,145,7,3.53,10.59,Muy Corto
842,843,2026-03-22 16:31:34,16,tech,7054,5013,177,29,46,312,3,5.03,13.19,Corto
843,844,2026-04-18 09:15:14,9,tech,5238,4668,175,59,78,222,4,6.68,22.17,Corto
844,845,2026-07-09 13:28:53,13,design,6387,5789,421,33,19,388,7,8.17,12.18,Medio
845,846,2026-04-03 09:40:38,9,design,2535,2016,115,9,12,245,4,6.75,12.25,Corto
846,847,2026-04-05 00:06:24,0,design,4750,4335,359,24,20,228,4,9.3,14.19,Corto
847,848,2026-05-01 05:05:27,5,design,1658,1542,122,8,4,256,5,8.69,12.06,Corto
848,849,2026-05-18 17:33:59,17,tech,18145,13429,278,188,182,388,5,4.83,18.51,Medio
849,850,2026-04-02 10:06:34,10,business,7939,5287,134,42,30,173,4,3.9,10.25,Muy Corto
850,851,2026-05-01 09:50:34,9,design,2145,1925,166,4,5,281,5,9.09,11.53,Corto
851,852,2026-03-30 17:20:15,17,design,1240,1024,71,6,4,332,3,7.91,12.4,Corto
852,853,2026-04-06 15:27:09,15,tech,35390,32912,1303,398,552,389,4,6.85,22.21,Medio
853,854,2026-06-30 12:16:29,12,tech,1049,920,25,8,7,438,6,4.35,12.28,Medio
854,855,2026-08-15 10:52:49,10,tech,24966,17042,349,163,266,472,8,4.57,18.36,Medio
855,856,2026-08-14 11:36:53,11,business,2388,2037,22,11,8,140,8,2.01,6.38,Muy Corto
856,857,2026-07-12 07:16:38,7,design,7582,6321,381,41,15,361,7,6.91,10.52,Corto
857,858,2026-06-04 09:44:10,9,tech,13276,9231,328,63,82,358,6,5.12,13.39,Corto
858,859,2026-05-07 16:24:10,16,tech,1983,1502,51,15,14,337,5,5.33,14.85,Corto
859,860,2026-03-24 10:14:58,10,design,1740,1535,111,10,6,406,3,8.27,12.96,Medio
860,861,2026-04-27 21:29:01,21,tech,1139,1076,27,12,19,546,4,5.39,21.1,Medio
861,862,2026-05-03 16:36:40,16,tech,130,94,3,1,1,291,5,5.32,15.96,Corto
862,863,2026-04-03 14:41:13,14,design,2561,2129,179,10,10,316,4,9.35,14.04,Corto
863,864,2026-04-15 08:10:29,8,design,8268,6907,600,53,25,382,4,9.82,14.65,Medio
864,865,2026-04-15 08:14:23,8,tech,2786,2621,61,26,38,400,4,4.77,17.89,Medio
865,866,2026-08-09 10:45:03,10,business,8741,7325,103,62,41,108,8,2.81,9.27,Muy Corto
866,867,2026-08-11 14:52:31,14,design,2448,1643,113,5,6,278,8,7.55,11.02,Corto
867,868,2026-04-03 12:13:46,12,tech,689,569,13,3,4,451,4,3.51,10.02,Medio
868,869,2026-03-30 09:02:33,9,tech,1608,1474,33,12,13,403,3,3.93,12.55,Medio
869,870,2026-08-11 10:37:34,10,design,1256,1088,76,8,3,263,8,8.0,12.13,Corto
870,871,2026-04-08 00:36:40,0,tech,580,484,19,4,9,381,4,6.61,22.11,Medio
871,872,2026-08-14 19:43:39,19,design,6725,5391,380,33,27,385,8,8.16,13.5,Medio
872,873,2026-06-15 12:15:33,12,design,26713,21116,1676,133,44,264,6,8.78,12.12,Corto
873,874,2026-05-06 08:24:19,8,tech,2981,2354,71,23,32,497,5,5.35,17.8,Medio
874,875,2026-04-28 21:26:24,21,design,3548,3042,172,20,6,325,4,6.51,9.86,Corto
875,876,2026-04-16 13:00:08,13,tech,6034,3971,147,20,67,266,4,5.89,19.21,Corto
876,877,2026-03-02 07:46:18,7,design,1926,1621,113,7,7,260,3,7.83,12.15,Corto
877,878,2026-06-18 16:48:21,16,tech,2654,2363,80,18,38,376,6,5.76,19.3,Medio
878,879,2026-02-27 10:53:07,10,tech,6247,4940,189,73,76,378,2,6.84,22.04,Medio
879,880,2026-02-21 07:02:41,7,tech,2364,2227,74,24,18,270,2,5.21,14.1,Corto
880,881,2026-04-24 14:35:32,14,tech,1793,1195,34,11,13,508,4,4.85,15.23,Medio
881,882,2026-04-26 13:28:52,13,design,3358,2431,174,6,12,300,4,7.9,12.09,Corto
882,883,2026-05-17 14:55:43,14,tech,2249,1671,40,18,28,344,5,5.15,20.11,Corto
883,884,2026-04-14 03:48:16,3,tech,22361,16185,523,84,166,372,4,4.78,13.51,Corto
884,885,2026-03-04 17:18:19,17,business,10695,7893,230,55,57,108,3,4.33,11.48,Muy Corto
885,886,2026-05-24 07:48:55,7,tech,2706,2019,62,28,27,370,5,5.79,19.32,Corto
886,887,2026-02-24 05:33:10,5,tech,20185,15526,493,208,133,396,2,5.37,15.39,Medio
887,888,2026-06-11 18:52:15,18,business,4723,4191,106,33,18,170,6,3.75,9.11,Muy Corto
888,889,2026-08-06 08:20:37,8,tech,17080,12956,419,75,247,426,8,5.72,20.8,Medio
889,890,2026-06-10 20:41:24,20,tech,16867,15953,416,152,160,397,6,4.56,14.44,Medio
890,891,2026-03-30 11:40:07,11,business,4988,3923,104,37,24,159,3,4.21,11.32,Muy Corto
891,892,2026-07-07 19:24:31,19,tech,2271,1952,58,26,36,393,7,6.15,23.05,Medio
892,893,2026-07-17 08:01:22,8,design,2746,1894,116,14,10,245,7,7.39,13.31,Corto
893,894,2026-06-20 20:01:38,20,tech,12321,10849,363,61,182,411,6,5.59,19.02,Medio
894,895,2026-05-12 08:32:47,8,tech,847,794,26,7,6,338,5,4.91,12.85,Corto
895,896,2026-05-26 16:02:46,16,design,1758,1309,80,7,7,249,5,7.18,12.53,Corto
896,897,2026-06-17 14:08:38,14,design,566,522,32,2,2,260,6,6.9,10.73,Corto
897,898,2026-07-26 18:51:35,18,tech,5310,4296,94,44,59,487,7,4.59,17.27,Medio
898,899,2026-03-05 11:00:07,11,tech,1242,978,37,10,12,357,3,6.03,17.69,Corto
899,900,2026-06-27 18:15:13,18,tech,61508,42960,1258,560,558,474,6,5.53,18.53,Medio
900,901,2026-06-05 13:29:00,13,business,621,437,5,2,3,191,6,2.29,8.47,Muy Corto
901,902,2026-08-17 18:25:06,18,tech,3115,2078,58,30,37,395,8,6.02,22.81,Medio
902,903,2026-07-07 16:18:59,16,tech,420,349,12,4,4,508,7,5.73,17.19,Medio
903,904,2026-06-26 10:20:24,10,business,810,568,9,3,3,212,6,2.64,7.92,Corto
904,905,2026-08-15 08:08:40,8,tech,5076,3317,112,26,30,461,8,5.06,13.75,Medio
905,906,2026-04-01 11:24:45,11,design,10166,9231,561,50,30,257,4,6.94,10.84,Corto
906,907,2026-04-11 17:52:04,17,tech,7092,4868,142,67,89,331,4,6.12,23.05,Corto
907,908,2026-04-01 18:02:23,18,tech,6049,5740,154,37,101,437,4,5.09,19.34,Medio
908,909,2026-07-28 18:55:12,18,design,25494,19973,1441,56,44,256,7,7.72,10.1,Corto
909,910,2026-05-25 08:17:05,8,design,2981,2285,148,5,13,336,5,7.26,11.9,Corto
910,911,2026-07-04 20:35:36,20,tech,802,558,20,4,6,554,7,5.38,15.05,Largo
911,912,2026-05-26 07:27:12,7,business,13437,9217,160,78,72,150,5,3.36,11.37,Muy Corto
912,913,2026-05-13 15:42:58,15,business,203,162,3,1,1,102,5,3.09,9.26,Muy Corto
913,914,2026-04-14 08:54:28,8,tech,6246,4093,151,20,39,521,4,5.13,13.27,Medio
914,915,2026-05-26 15:55:18,15,tech,2468,2040,73,12,38,477,5,6.03,20.83,Medio
915,916,2026-07-30 13:49:27,13,tech,542,372,8,2,4,617,7,3.76,12.9,Largo
916,917,2026-04-13 18:50:31,18,tech,13856,12245,267,182,225,254,4,5.5,22.83,Corto
917,918,2026-06-01 17:30:44,17,tech,1548,1170,41,16,16,328,6,6.24,19.91,Corto
918,919,2026-07-01 05:24:45,5,tech,202,134,5,0,2,349,7,5.22,15.67,Corto
919,920,2026-07-03 17:37:04,17,tech,671,544,12,5,9,532,7,4.78,19.12,Medio
920,921,2026-05-23 19:14:58,19,business,671,487,11,1,3,113,5,3.08,8.01,Muy Corto
921,922,2026-04-14 09:22:13,9,tech,24164,17484,588,230,247,454,4,6.09,19.93,Medio
922,923,2026-06-16 14:49:41,14,tech,3132,2163,61,16,38,553,6,5.32,19.83,Largo
923,924,2026-05-11 22:41:04,22,tech,1425,975,22,12,12,471,5,4.72,17.03,Medio
924,925,2026-04-28 07:19:03,7,business,4148,3845,60,23,17,109,4,2.6,7.49,Muy Corto
925,926,2026-07-12 10:41:02,10,tech,9048,7042,199,46,107,360,7,5.0,17.59,Corto
926,927,2026-07-18 06:11:21,6,business,1369,1103,31,8,6,209,7,4.08,10.06,Corto
927,928,2026-07-29 11:50:24,11,design,8917,6391,352,43,25,222,7,6.57,11.33,Corto
928,929,2026-07-07 10:35:01,10,design,2545,2257,128,14,6,288,7,6.56,10.28,Corto
929,930,2026-06-12 10:05:14,10,tech,1901,1544,59,13,21,277,6,6.02,18.07,Corto
930,931,2026-03-21 10:48:11,10,design,898,700,54,2,3,283,3,8.43,12.29,Corto
931,932,2026-02-26 12:45:49,12,tech,1877,1337,32,17,13,564,2,4.64,15.26,Largo
932,933,2026-05-22 08:52:31,8,tech,7910,7412,180,65,90,482,5,4.52,15.65,Medio
933,934,2026-05-08 17:11:47,17,design,269,209,13,1,1,358,5,7.18,11.96,Corto
934,935,2026-06-28 09:34:37,9,tech,11882,8427,249,70,125,542,6,5.27,18.14,Medio
935,936,2026-07-27 11:00:35,11,business,65951,44367,1231,134,313,100,7,3.78,9.63,Muy Corto
936,937,2026-04-22 22:04:29,22,tech,1877,1449,36,18,15,303,4,4.76,15.73,Corto
937,938,2026-04-11 07:29:05,7,business,1477,1391,34,10,10,165,4,3.88,11.07,Muy Corto
938,939,2026-08-11 19:38:25,19,design,16284,12740,1090,101,68,249,8,9.88,16.0,Corto
939,940,2026-06-25 17:37:33,17,tech,937,768,16,7,10,184,6,4.3,16.15,Muy Corto
940,941,2026-03-11 18:49:01,18,design,3953,3620,255,7,15,401,3,7.65,11.13,Medio
941,942,2026-08-15 01:20:25,1,tech,1279,1083,32,9,21,488,8,5.72,21.79,Medio
942,943,2026-06-01 09:13:35,9,tech,15728,11392,432,105,192,455,6,6.4,20.96,Medio
943,944,2026-08-01 14:38:11,14,design,345,313,16,2,1,258,8,6.07,10.22,Corto
944,945,2026-06-23 10:12:29,10,business,3361,2793,57,10,24,113,6,3.26,10.35,Muy Corto
945,946,2026-04-05 06:51:22,6,business,10392,7540,101,52,66,110,4,2.9,11.1,Muy Corto
946,947,2026-03-02 15:14:31,15,tech,12859,9526,366,141,177,422,3,7.18,24.63,Medio
947,948,2026-03-25 12:25:28,12,business,3642,2775,35,23,26,161,3,3.03,12.07,Muy Corto
948,949,2026-04-28 18:35:24,18,tech,5712,4292,127,55,38,228,4,5.13,15.17,Corto
949,950,2026-06-30 08:40:50,8,design,1955,1552,126,11,5,246,6,9.15,13.53,Corto
950,951,2026-05-05 22:48:26,22,tech,4386,3681,141,23,58,370,5,6.03,18.94,Corto
951,952,2026-07-04 17:19:03,17,tech,702,538,16,2,8,361,7,4.83,16.36,Corto
952,953,2026-04-13 15:16:06,15,tech,2156,2006,64,14,17,511,4,4.74,12.76,Medio
953,954,2026-03-13 10:46:47,10,business,43363,31718,630,292,141,189,3,3.35,9.23,Muy Corto
954,955,2026-02-25 20:03:04,20,design,3765,2742,183,14,9,300,2,7.51,11.34,Corto
955,956,2026-06-07 17:02:27,17,business,4286,3716,77,29,30,112,6,3.66,11.65,Muy Corto
956,957,2026-07-22 16:15:29,16,business,1099,797,10,6,7,149,7,2.89,11.29,Muy Corto
957,958,2026-07-05 06:07:03,6,tech,748,567,22,5,5,349,7,5.64,14.46,Corto
958,959,2026-07-02 20:07:39,20,design,5142,4618,324,16,10,269,7,7.58,10.13,Corto
959,960,2026-08-13 09:43:32,9,tech,10749,8408,265,51,78,289,8,4.69,13.0,Corto
960,961,2026-07-31 10:18:27,10,tech,9564,8288,321,63,158,496,7,6.54,22.16,Medio
961,962,2026-08-01 17:31:37,17,tech,2221,2052,48,16,37,390,8,4.92,19.88,Medio
962,963,2026-06-27 11:24:15,11,business,10938,7888,181,74,35,136,6,3.68,9.6,Muy Corto
963,964,2026-06-19 07:58:27,7,design,1506,1066,54,7,2,411,6,5.91,9.19,Medio
964,965,2026-04-07 14:48:14,14,tech,5658,4878,144,40,60,147,4,5.0,16.07,Muy Corto
965,966,2026-04-26 14:12:49,14,design,1574,1481,110,7,6,235,4,8.31,12.56,Corto
966,967,2026-04-13 11:37:25,11,design,642,488,41,2,1,258,4,9.02,11.68,Corto
967,968,2026-03-10 07:15:21,7,tech,742,660,19,3,5,468,3,4.09,10.76,Medio
968,969,2026-05-26 15:21:18,15,tech,3557,2535,77,18,29,349,5,4.89,15.03,Corto
969,970,2026-06-15 16:51:27,16,design,5028,3585,285,12,17,275,6,8.76,13.08,Corto
970,971,2026-04-12 09:35:35,9,design,5492,5097,273,11,18,352,4,5.93,9.04,Corto
971,972,2026-04-02 17:24:14,17,business,4766,3407,43,18,33,122,4,2.76,11.12,Muy Corto
972,973,2026-07-26 10:14:41,10,tech,4749,3964,146,39,71,510,7,6.46,21.95,Medio
973,974,2026-05-05 17:38:57,17,business,1076,880,21,3,5,116,5,3.3,8.3,Muy Corto
974,975,2026-07-18 19:01:28,19,business,1084,791,16,3,4,101,7,2.91,7.59,Muy Corto
975,976,2026-03-18 06:41:56,6,design,5957,5588,306,37,16,278,3,6.42,10.42,Corto
976,977,2026-05-26 08:03:12,8,tech,3482,2873,109,40,43,265,5,6.68,21.34,Corto
977,978,2026-05-08 19:06:27,19,tech,2152,1768,52,22,23,456,5,5.49,18.33,Medio
978,979,2026-03-08 15:33:29,15,tech,578,443,10,3,4,424,3,3.84,12.19,Medio
979,980,2026-06-10 22:09:35,22,tech,3891,3445,80,24,54,254,6,4.59,17.65,Corto
980,981,2026-07-13 16:19:46,16,tech,4135,3491,138,43,43,299,7,6.42,18.73,Corto
981,982,2026-03-28 09:50:11,9,business,885,768,17,5,7,153,3,3.78,12.11,Muy Corto
982,983,2026-07-24 09:08:19,9,design,3269,3034,260,7,9,313,7,9.1,11.87,Corto
983,984,2026-03-17 17:13:50,17,design,8611,5606,434,38,23,278,3,8.83,13.74,Corto
984,985,2026-07-29 08:42:07,8,tech,32475,28620,574,230,489,370,7,4.52,18.89,Corto
985,986,2026-03-05 10:52:30,10,design,45611,37422,1911,133,165,246,3,5.9,10.06,Corto
986,987,2026-04-02 21:03:17,21,design,9572,7512,556,44,42,311,4,8.55,14.22,Corto
987,988,2026-07-03 18:56:18,18,business,8226,7497,135,43,51,162,7,3.05,9.54,Muy Corto
988,989,2026-07-19 10:24:48,10,design,5309,4428,280,11,16,268,7,6.93,10.21,Corto
989,990,2026-07-27 16:56:58,16,business,289,202,3,1,1,143,7,2.48,7.43,Muy Corto
990,991,2026-06-17 13:53:23,13,tech,615,410,10,3,3,313,6,3.9,11.22,Corto
991,992,2026-06-28 13:26:17,13,tech,7042,5652,140,52,82,441,6,4.85,17.76,Medio
992,993,2026-06-30 13:01:24,13,business,6445,5395,83,24,42,130,6,2.76,9.55,Muy Corto
993,994,2026-05-08 10:33:34,10,business,2440,1931,50,8,7,104,5,3.37,7.15,Muy Corto
994,995,2026-03-11 09:48:46,9,tech,24552,16110,507,154,219,413,3,5.46,17.85,Medio
995,996,2026-06-14 07:33:08,7,tech,1101,890,31,4,14,466,6,5.51,17.87,Medio
996,997,2026-03-04 21:15:23,21,tech,2410,1906,38,13,20,446,3,3.73,13.12,Medio
997,998,2026-08-18 17:01:34,17,design,27826,20430,1632,70,111,327,8,8.87,13.71,Corto
998,999,2026-06-22 16:59:28,16,design,941,690,50,4,3,254,6,8.26,13.04,Corto
999,1000,2026-06-02 06:04:20,6,tech,3464,2313,79,16,25,564,6,5.19,14.83,Largo
1000,1001,2026-08-07 17:41:16,17,business,5465,4407,118,23,39,216,8,4.08,11.84,Corto
1001,1002,2026-06-23 08:00:14,8,tech,2458,2158,51,31,41,505,6,5.7,23.31,Medio
1002,1003,2026-07-10 09:38:44,9,business,3518,2481,66,12,15,204,7,3.75,9.43,Corto
1003,1004,2026-05-08 16:42:25,16,design,45388,35926,3019,282,148,313,5,9.6,14.84,Corto
1004,1005,2026-06-06 17:38:55,17,design,2094,1425,96,11,5,303,6,7.86,12.63,Corto
1005,1006,2026-05-31 11:54:20,11,design,620,575,46,2,1,301,5,8.52,10.78,Corto
1006,1007,2026-02-21 08:24:58,8,design,1553,1101,65,8,4,270,2,6.99,11.72,Corto
1007,1008,2026-08-13 18:00:10,18,tech,13326,9275,261,88,88,538,8,4.71,14.2,Medio
1008,1009,2026-07-13 10:33:40,10,tech,6680,6119,186,41,122,329,7,5.7,21.67,Corto
1009,1010,2026-04-20 10:04:50,10,tech,15477,11050,440,91,166,338,4,6.31,19.29,Corto
1010,1011,2026-03-17 18:59:27,18,business,325,264,4,2,1,157,3,2.65,7.58,Muy Corto
1011,1012,2026-06-18 11:19:48,11,tech,11941,9749,197,121,156,323,6,4.86,19.79,Corto
1012,1013,2026-02-25 16:45:28,16,design,5624,4530,304,24,21,362,2,7.7,12.54,Corto
1013,1014,2026-08-12 03:02:18,3,business,1371,1208,32,4,10,94,8,3.81,10.6,Muy Corto
1014,1015,2026-07-27 09:12:18,9,business,7272,6558,174,41,32,173,7,3.77,9.06,Muy Corto
1015,1016,2026-07-13 18:53:31,18,design,21524,14973,1015,83,85,242,7,7.9,13.54,Corto
1016,1017,2026-04-24 20:11:36,20,tech,4270,4034,122,36,66,479,4,5.55,19.68,Medio
1017,1018,2026-04-20 22:26:00,22,tech,6718,5292,155,55,103,330,4,5.91,22.66,Corto
1018,1019,2026-06-09 13:01:36,13,tech,1718,1243,25,8,11,406,6,3.54,11.67,Medio
1019,1020,2026-04-30 08:58:54,8,business,37025,29054,868,131,248,123,4,4.29,11.62,Muy Corto
1020,1021,2026-04-15 17:36:55,17,business,13012,8749,96,60,73,171,4,2.62,10.52,Muy Corto
1021,1022,2026-03-09 11:33:41,11,business,12327,9488,215,61,45,128,3,3.38,8.63,Muy Corto
1022,1023,2026-02-20 16:58:01,16,tech,1120,1043,27,11,20,658,2,5.56,22.15,Largo
1023,1024,2026-07-24 12:17:34,12,design,4257,3590,239,11,9,260,7,7.21,9.89,Corto
1024,1025,2026-03-24 13:23:40,13,business,5716,4291,48,15,18,125,3,1.89,5.87,Muy Corto
1025,1026,2026-05-09 18:49:30,18,design,2672,1892,118,4,6,277,5,6.77,9.62,Corto
1026,1027,2026-06-02 11:50:22,11,tech,347,240,5,2,4,436,6,4.58,18.75,Medio
1027,1028,2026-08-18 04:30:58,4,tech,484,378,13,3,4,472,8,5.29,15.08,Medio
1028,1029,2026-06-20 23:41:22,23,tech,5252,3840,104,37,51,514,6,5.0,17.19,Medio
1029,1030,2026-03-08 06:41:46,6,tech,861,700,24,7,12,480,3,6.14,21.14,Medio
1030,1031,2026-04-02 14:38:02,14,tech,2841,2265,48,31,24,471,4,4.55,16.07,Medio
1031,1032,2026-07-23 13:06:42,13,tech,4756,3433,130,21,54,392,7,5.97,18.82,Medio
1032,1033,2026-07-16 10:40:25,10,tech,3171,2747,96,24,29,481,7,5.42,15.44,Medio
1033,1034,2026-08-11 17:35:11,17,business,5289,4257,107,18,22,146,8,3.45,8.34,Muy Corto
1034,1035,2026-02-23 01:33:23,1,design,1825,1581,111,6,6,369,2,7.78,11.57,Corto
1035,1036,2026-03-24 09:26:16,9,business,1106,734,20,7,5,184,3,4.36,11.99,Muy Corto
1036,1037,2026-03-22 09:00:54,9,design,6744,5556,411,40,20,328,3,8.48,13.16,Corto
1037,1038,2026-06-26 01:03:21,1,business,1338,1236,31,8,8,175,6,3.8,10.28,Muy Corto
1038,1039,2026-06-18 17:09:53,17,tech,1914,1568,61,10,24,388,6,6.06,18.69,Medio
1039,1040,2026-06-18 17:33:19,17,tech,438,355,7,3,5,427,6,4.23,16.62,Medio
1040,1041,2026-08-15 11:39:30,11,design,13199,11594,833,89,38,314,8,8.28,12.88,Corto
1041,1042,2026-04-14 16:03:26,16,business,3367,2245,61,21,19,165,4,4.5,13.23,Muy Corto
1042,1043,2026-02-27 10:35:31,10,design,22674,21410,1658,93,94,403,2,8.62,12.99,Medio
1043,1044,2026-04-23 09:05:11,9,business,58571,42461,1068,139,278,120,4,3.5,9.06,Muy Corto
1044,1045,2026-07-26 07:09:58,7,business,245,187,4,1,1,130,7,3.21,8.56,Muy Corto
1045,1046,2026-05-13 01:53:11,1,tech,8978,7607,231,112,73,342,5,5.47,16.6,Corto
1046,1047,2026-05-09 16:03:50,16,design,15419,11885,944,70,28,379,5,8.77,12.18,Medio
1047,1048,2026-04-06 15:14:52,15,tech,512,395,15,4,7,354,4,6.58,22.03,Corto
1048,1049,2026-05-21 12:53:27,12,tech,5998,4733,106,59,46,298,5,4.46,15.0,Corto
1049,1050,2026-05-13 10:38:31,10,tech,3408,2295,48,34,24,499,5,4.62,16.38,Medio
1050,1051,2026-03-10 13:38:28,13,tech,5889,5503,146,76,94,396,3,5.74,21.84,Medio
1051,1052,2026-07-04 08:53:41,8,tech,24809,18655,465,211,344,291,7,5.47,21.77,Corto
1052,1053,2026-03-11 09:55:07,9,design,27576,24847,2016,186,70,331,3,9.14,13.36,Corto
1053,1054,2026-08-18 11:34:04,11,tech,9890,7509,162,104,80,420,8,4.61,16.22,Medio
1054,1055,2026-06-09 12:28:53,12,design,3694,3431,231,27,14,352,6,7.93,13.14,Corto
1055,1056,2026-06-17 09:56:36,9,design,1537,1157,83,7,4,185,6,8.12,12.36,Muy Corto
1056,1057,2026-08-11 08:49:53,8,design,9224,6580,571,22,22,383,8,9.35,12.69,Medio
1057,1058,2026-06-01 17:43:35,17,tech,9689,8385,332,92,105,191,6,6.31,18.37,Muy Corto
1058,1059,2026-06-02 22:48:32,22,tech,723,603,17,3,7,349,6,4.48,14.1,Corto
1059,1060,2026-05-22 11:04:42,11,tech,2447,1732,42,24,24,393,5,5.2,19.05,Medio
1060,1061,2026-03-19 18:10:58,18,tech,2093,1871,45,27,21,498,3,4.97,17.16,Medio
1061,1062,2026-06-22 09:25:07,9,business,2887,2512,50,22,11,137,6,3.3,9.0,Muy Corto
1062,1063,2026-03-11 11:05:40,11,tech,2260,1881,52,21,23,380,3,5.1,17.01,Medio
1063,1064,2026-05-09 15:03:21,15,tech,7840,7179,248,47,118,407,5,5.75,19.22,Medio
1064,1065,2026-04-29 19:10:08,19,tech,1119,835,23,10,9,581,4,5.03,16.17,Largo
1065,1066,2026-03-22 11:00:10,11,design,1510,1165,86,9,5,290,3,8.58,13.91,Corto
1066,1067,2026-06-07 18:35:23,18,design,25063,16954,1159,91,44,359,6,7.63,11.06,Corto
1067,1068,2026-06-22 16:23:37,16,tech,13228,9633,214,128,125,547,6,4.85,17.92,Largo
1068,1069,2026-07-23 20:54:34,20,tech,1620,1306,44,17,16,310,7,5.9,18.38,Corto
1069,1070,2026-04-15 13:32:39,13,tech,694,474,12,3,5,474,4,4.22,13.5,Medio
1070,1071,2026-05-17 13:51:27,13,tech,2808,2233,78,14,29,267,5,5.42,16.39,Corto
1071,1072,2026-05-26 11:45:29,11,tech,61148,44187,884,433,789,434,5,4.77,20.21,Medio
1072,1073,2026-08-05 14:05:10,14,design,2285,1827,147,12,8,328,8,9.14,14.18,Corto
1073,1074,2026-06-15 09:45:26,9,tech,472,446,13,2,6,265,6,4.71,15.47,Corto
1074,1075,2026-06-13 19:43:34,19,design,4059,3369,211,14,8,277,6,6.92,9.82,Corto
1075,1076,2026-05-10 06:40:16,6,business,1600,1425,37,7,5,132,5,3.44,7.37,Muy Corto
1076,1077,2026-07-23 20:41:37,20,business,5879,3882,63,13,29,144,7,2.7,8.94,Muy Corto
1077,1078,2026-08-14 08:18:51,8,tech,1130,1009,35,14,12,368,8,6.05,18.53,Corto
1078,1079,2026-08-01 14:28:44,14,tech,1850,1220,46,13,18,316,8,6.31,19.84,Corto
1079,1080,2026-06-08 16:15:02,16,design,2650,2146,151,10,7,376,6,7.83,11.51,Medio
1080,1081,2026-06-18 16:18:12,16,design,21710,18011,1038,49,71,358,6,6.43,10.0,Corto
1081,1082,2026-05-02 15:32:45,15,tech,7988,6001,177,79,87,449,5,5.72,19.81,Medio
1082,1083,2026-06-21 18:40:01,18,tech,30754,26519,760,304,507,394,6,5.92,22.75,Medio
1083,1084,2026-05-16 14:06:57,14,tech,498,360,12,2,3,254,5,4.72,12.22,Corto
1084,1085,2026-04-11 18:08:06,18,design,17677,15219,763,78,88,238,4,6.1,11.69,Corto
1085,1086,2026-04-15 13:46:48,13,tech,2095,1573,44,20,24,578,4,5.59,20.09,Largo
1086,1087,2026-05-14 18:59:32,18,tech,4565,3338,109,23,27,539,5,4.76,12.49,Medio
1087,1088,2026-03-02 14:27:33,14,tech,735,576,20,4,9,552,3,5.73,18.75,Largo
1088,1089,2026-08-11 18:56:35,18,tech,3290,2917,80,20,42,385,8,4.87,17.0,Medio
1089,1090,2026-07-23 09:12:26,9,business,3010,2805,74,23,17,143,7,4.06,10.77,Muy Corto
1090,1091,2026-07-06 09:13:43,9,design,1727,1232,100,8,3,380,7,9.01,12.66,Medio
1091,1092,2026-03-02 18:41:26,18,design,103628,89071,7897,679,189,289,3,9.84,13.61,Corto
1092,1093,2026-03-02 14:57:11,14,business,2072,1902,36,12,18,181,3,3.47,11.99,Muy Corto
1093,1094,2026-06-09 11:19:57,11,tech,25481,24004,633,308,226,373,6,4.86,15.3,Corto
1094,1095,2026-08-14 20:14:31,20,tech,453,348,13,2,3,374,8,5.17,12.93,Corto
1095,1096,2026-03-13 16:50:37,16,design,825,617,34,4,2,249,3,6.48,10.7,Corto
1096,1097,2026-03-11 09:30:13,9,tech,20984,18649,705,122,240,617,3,5.72,16.69,Largo
1097,1098,2026-07-11 08:19:07,8,design,719,526,34,2,3,315,7,7.41,12.55,Corto
1098,1099,2026-07-21 09:03:30,9,business,2200,1742,31,16,16,179,7,3.62,12.8,Muy Corto
1099,1100,2026-07-24 15:31:51,15,business,6635,4683,115,32,41,121,7,4.01,12.19,Muy Corto
1100,1101,2026-08-02 08:14:48,8,tech,5078,4369,148,22,68,489,8,5.45,17.85,Medio
1101,1102,2026-05-28 20:05:51,20,business,5066,4432,53,18,22,112,5,2.1,6.79,Muy Corto
1102,1103,2026-05-03 08:06:43,8,design,2909,2509,177,12,11,276,5,7.97,12.48,Corto
1103,1104,2026-07-09 08:40:38,8,business,9225,6239,127,43,35,157,7,3.29,9.28,Muy Corto
1104,1105,2026-03-25 09:10:04,9,tech,19809,16707,600,204,263,379,3,6.39,21.07,Medio
1105,1106,2026-06-01 07:09:12,7,business,16646,13073,227,84,102,180,6,3.16,10.55,Muy Corto
1106,1107,2026-04-03 18:02:58,18,business,25169,21975,302,144,128,159,4,2.61,8.66,Muy Corto
1107,1108,2026-06-27 09:28:49,9,design,5188,4615,342,17,25,327,6,8.32,13.22,Corto
1108,1109,2026-08-18 16:12:17,16,design,1775,1644,138,12,5,309,8,9.43,13.75,Corto
1109,1110,2026-03-15 12:54:06,12,design,3161,2142,176,14,9,340,3,9.29,14.19,Corto
1110,1111,2026-03-28 18:50:55,18,design,5436,3677,277,28,21,248,3,8.87,15.15,Corto
1111,1112,2026-04-29 08:27:31,8,tech,6511,4664,133,29,80,370,4,5.19,19.06,Corto
1112,1113,2026-02-24 16:25:21,16,design,9290,6793,345,16,31,301,2,5.77,9.67,Corto
1113,1114,2026-05-24 08:06:39,8,tech,9295,6996,173,102,103,186,5,5.4,20.08,Muy Corto
1114,1115,2026-04-04 15:07:38,15,tech,8585,6059,157,62,56,416,4,4.54,14.08,Medio
1115,1116,2026-02-25 12:35:00,12,business,2748,2165,64,7,17,120,2,4.06,10.53,Muy Corto
1116,1117,2026-06-11 11:36:12,11,design,3350,2893,221,15,6,253,6,8.37,11.37,Corto
1117,1118,2026-04-07 09:54:30,9,design,13152,11219,909,81,33,316,4,9.12,13.34,Corto
1118,1119,2026-03-30 10:51:42,10,design,4607,3175,237,24,12,274,3,8.6,13.51,Corto
1119,1120,2026-03-02 12:46:13,12,business,3925,2849,41,26,22,142,3,3.12,11.27,Muy Corto
1120,1121,2026-05-22 09:18:17,9,design,1952,1785,132,3,6,336,5,7.9,10.76,Corto
1121,1122,2026-06-21 17:18:36,17,design,970,705,40,2,1,313,6,6.1,7.94,Corto
1122,1123,2026-05-14 10:53:03,10,tech,9480,7418,286,64,122,225,5,6.36,20.46,Corto
1123,1124,2026-07-07 08:11:31,8,design,5220,4605,282,16,14,352,7,6.78,9.95,Corto
1124,1125,2026-08-15 16:16:43,16,business,2332,2133,44,8,13,145,8,3.05,8.44,Muy Corto
1125,1126,2026-04-02 13:16:25,13,business,4778,3276,61,24,19,187,4,3.17,9.43,Muy Corto
1126,1127,2026-05-27 10:24:22,10,tech,60427,53157,1215,519,685,491,5,4.55,16.5,Medio
1127,1128,2026-06-09 15:42:47,15,tech,2183,1852,62,13,32,539,6,5.78,19.98,Medio
1128,1129,2026-06-11 11:30:02,11,tech,43893,32747,961,327,639,437,6,5.88,22.54,Medio
1129,1130,2026-05-19 13:11:48,13,tech,1860,1375,33,17,18,345,5,4.95,17.82,Corto
1130,1131,2026-07-07 15:29:41,15,design,909,658,59,4,3,337,7,10.03,15.05,Corto
1131,1132,2026-03-31 16:23:19,16,business,2579,2016,22,18,17,197,3,2.83,11.41,Muy Corto
1132,1133,2026-04-21 16:56:43,16,business,1751,1211,12,3,8,110,4,1.9,7.27,Muy Corto
1133,1134,2026-03-22 17:50:43,17,design,6831,5274,318,23,23,247,3,6.9,11.26,Corto
1134,1135,2026-06-16 12:26:19,12,tech,2140,2030,63,24,36,161,6,6.06,22.02,Muy Corto
1135,1136,2026-03-11 01:38:10,1,business,425,390,9,2,3,131,3,3.59,10.51,Muy Corto
1136,1137,2026-08-14 10:30:13,10,tech,2074,1373,36,12,25,383,8,5.32,20.68,Medio
1137,1138,2026-02-22 09:42:48,9,design,1819,1253,75,8,6,369,2,7.1,12.37,Corto
1138,1139,2026-04-19 09:25:49,9,tech,20859,14317,356,129,266,577,4,5.25,20.95,Largo
1139,1140,2026-04-18 17:41:32,17,tech,17257,14911,440,165,198,428,4,5.39,18.0,Medio
1140,1141,2026-07-04 11:28:34,11,tech,8077,6014,223,76,89,572,7,6.45,20.6,Largo
1141,1142,2026-03-27 15:27:27,15,tech,691,555,17,4,7,379,3,5.05,16.04,Medio
1142,1143,2026-08-14 09:36:34,9,tech,12485,10704,330,54,185,214,8,5.32,18.93,Corto
1143,1144,2026-03-10 08:06:14,8,design,11051,8508,678,51,29,257,3,8.91,13.09,Corto
1144,1145,2026-02-28 10:04:32,10,tech,1528,1236,47,6,14,333,2,5.42,14.81,Corto
1145,1146,2026-06-28 19:03:31,19,design,1339,1145,67,5,5,350,6,6.72,11.09,Corto
1146,1147,2026-08-18 10:01:24,10,tech,3529,2614,101,16,27,410,8,5.51,14.58,Medio
1147,1148,2026-04-16 13:39:08,13,design,1343,1230,80,6,6,210,4,7.48,12.36,Corto
1148,1149,2026-08-01 09:23:42,9,tech,3667,3005,111,16,56,372,8,6.09,20.73,Corto
1149,1150,2026-07-16 16:41:10,16,design,2510,1774,116,13,5,282,7,7.55,11.72,Corto
1150,1151,2026-07-10 10:13:13,10,design,1805,1691,98,6,9,340,7,6.68,11.47,Corto
1151,1152,2026-03-11 10:55:40,10,tech,3655,3274,108,39,62,478,3,6.38,23.21,Medio
1152,1153,2026-07-01 10:39:35,10,tech,6315,5600,181,75,81,361,7,6.02,20.16,Corto
1153,1154,2026-06-14 11:36:21,11,design,29220,23529,1445,52,113,274,6,6.84,10.87,Corto
1154,1155,2026-05-04 15:56:58,15,tech,10187,6919,206,63,124,512,5,5.68,20.96,Medio
1155,1156,2026-07-27 11:42:23,11,tech,6255,5574,140,32,93,222,7,4.75,18.16,Corto
1156,1157,2026-05-07 16:41:57,16,tech,9819,7489,170,83,106,492,5,4.79,18.03,Medio
1157,1158,2026-04-15 10:07:10,10,business,2656,2090,37,14,16,136,4,3.21,10.57,Muy Corto
1158,1159,2026-04-08 09:58:16,9,tech,1079,1020,20,8,17,285,4,4.41,18.43,Corto
1159,1160,2026-04-17 19:00:34,19,tech,18811,16568,633,141,171,488,4,5.7,15.48,Medio
1160,1161,2026-04-27 09:15:24,9,design,13107,9669,849,28,47,306,4,9.56,13.83,Corto
1161,1162,2026-06-28 11:42:36,11,tech,7208,5740,156,38,72,670,6,4.63,15.4,Largo
1162,1163,2026-07-05 15:27:00,15,design,29038,19679,1515,152,60,324,7,8.78,13.23,Corto
1163,1164,2026-06-23 22:43:51,22,design,1209,940,76,5,4,186,6,9.04,13.62,Muy Corto
1164,1165,2026-02-21 15:17:25,15,design,232,215,12,1,0,294,2,6.05,7.44,Corto
1165,1166,2026-03-16 09:27:26,9,tech,973,815,18,8,15,339,3,5.03,20.86,Corto
1166,1167,2026-02-24 09:42:55,9,tech,6284,4554,97,45,68,384,2,4.61,18.03,Medio
1167,1168,2026-06-14 18:29:39,18,tech,13278,9263,236,91,160,451,6,5.26,20.3,Medio
1168,1169,2026-04-05 12:43:59,12,business,10127,8124,208,31,62,134,4,3.71,10.19,Muy Corto
1169,1170,2026-05-26 07:07:41,7,tech,3732,3041,113,40,36,400,5,6.22,18.45,Medio
1170,1171,2026-08-05 14:50:04,14,design,1273,993,85,3,4,315,8,9.26,12.99,Corto
1171,1172,2026-06-10 09:25:44,9,tech,2640,2088,48,13,23,445,6,4.02,13.6,Medio
1172,1173,2026-05-21 08:09:52,8,business,5277,3684,83,33,31,172,5,3.99,12.57,Muy Corto
1173,1174,2026-04-20 12:50:22,12,tech,6343,4455,98,60,45,406,4,4.56,15.67,Medio
1174,1175,2026-07-10 16:46:14,16,tech,28921,20078,438,277,336,461,7,5.23,21.09,Medio
1175,1176,2026-05-18 18:24:52,18,tech,9363,7421,270,94,119,540,5,6.51,21.53,Medio
1176,1177,2026-03-13 08:32:00,8,tech,1590,1475,37,19,19,485,3,5.08,17.97,Medio
1177,1178,2026-08-12 12:33:15,12,design,1075,909,47,4,5,324,8,6.16,11.33,Corto
1178,1179,2026-07-14 11:47:16,11,business,2945,2518,70,9,18,203,7,3.85,9.93,Corto
1179,1180,2026-03-09 15:33:12,15,tech,12581,11239,355,64,150,353,3,5.06,16.11,Corto
1180,1181,2026-06-16 08:49:53,8,design,1557,1179,63,5,5,291,6,6.19,10.43,Corto
1181,1182,2026-06-02 11:14:33,11,design,683,641,47,2,2,283,6,7.96,11.08,Corto
1182,1183,2026-02-26 16:41:38,16,business,84646,73058,1381,441,443,154,2,3.1,9.16,Muy Corto
1183,1184,2026-05-04 08:52:08,8,business,17799,11982,182,73,56,121,5,2.6,7.69,Muy Corto
1184,1185,2026-04-15 11:44:58,11,design,5842,4067,335,26,21,348,4,9.39,14.93,Corto
1185,1186,2026-07-26 23:05:11,23,tech,3355,2611,66,16,44,341,7,4.83,18.46,Corto
1186,1187,2026-06-06 10:59:35,10,tech,636,457,16,6,6,272,6,6.13,19.26,Corto
1187,1188,2026-08-10 10:56:04,10,design,3101,2435,158,9,11,306,8,7.31,11.58,Corto
1188,1189,2026-07-26 10:54:22,10,tech,715,610,16,6,9,387,7,5.08,18.36,Medio
1189,1190,2026-07-22 14:26:30,14,tech,17300,15084,466,185,293,270,7,6.26,23.53,Corto
1190,1191,2026-07-23 14:16:04,14,tech,3525,2896,94,21,53,415,7,5.8,20.79,Medio
1191,1192,2026-06-24 07:19:22,7,business,4008,3178,69,21,17,148,6,3.37,9.09,Muy Corto
1192,1193,2026-04-26 04:44:37,4,tech,224,183,5,2,3,347,4,5.46,20.22,Corto
1193,1194,2026-06-01 10:57:05,10,tech,3727,2732,79,24,35,297,6,5.05,16.65,Corto
1194,1195,2026-04-23 19:23:41,19,tech,1007,813,29,5,8,372,4,5.17,13.9,Corto
1195,1196,2026-04-07 13:28:16,13,tech,1417,1338,46,16,22,390,4,6.28,21.38,Medio
1196,1197,2026-03-15 04:05:45,4,tech,1252,1115,32,12,19,309,3,5.65,20.81,Corto
1197,1198,2026-07-21 18:22:22,18,tech,3954,2904,110,22,47,404,7,6.16,19.77,Medio
1198,1199,2026-08-09 17:22:45,17,design,3981,3025,269,18,7,334,8,9.72,13.12,Corto
1199,1200,2026-04-19 13:09:44,13,business,969,794,8,2,5,183,4,1.89,7.05,Muy Corto
1200,1201,2026-03-17 11:24:55,11,tech,1819,1497,42,15,12,303,3,4.61,13.23,Corto
1201,1202,2026-07-18 12:12:05,12,design,1228,981,54,5,3,297,7,6.32,9.99,Corto
1202,1203,2026-06-18 11:45:50,11,tech,7021,4659,121,62,55,324,6,5.11,17.36,Corto
1203,1204,2026-06-28 15:12:09,15,tech,464,371,11,3,2,493,6,4.31,10.51,Medio
1204,1205,2026-05-30 00:01:33,0,tech,3639,2457,74,27,25,376,5,5.13,15.55,Medio
1205,1206,2026-07-25 07:19:54,7,business,2888,2067,25,15,10,96,7,2.42,7.98,Muy Corto
1206,1207,2026-06-27 13:41:28,13,tech,607,565,16,6,8,438,6,5.31,18.41,Medio
1207,1208,2026-08-02 18:24:09,18,design,53724,35715,2903,130,97,340,8,8.76,11.76,Corto
1208,1209,2026-04-27 15:33:07,15,tech,3883,2923,78,36,43,525,4,5.37,19.36,Medio
1209,1210,2026-04-28 13:04:28,13,business,3675,2853,40,20,17,123,4,2.7,8.97,Muy Corto
1210,1211,2026-04-27 08:03:42,8,business,2259,1677,32,10,15,176,4,3.4,11.45,Muy Corto
1211,1212,2026-06-21 08:06:40,8,business,4335,3113,79,18,23,209,6,3.85,10.76,Corto
1212,1213,2026-05-13 19:00:04,19,tech,1429,1192,26,9,15,316,5,4.19,15.27,Corto
1213,1214,2026-06-10 18:57:16,18,tech,819,633,19,5,5,554,6,4.58,12.48,Largo
1214,1215,2026-03-23 07:16:20,7,tech,8990,7526,250,52,88,352,3,5.18,15.44,Corto
1215,1216,2026-06-16 18:59:21,18,design,2844,2513,138,19,7,287,6,6.53,10.74,Corto
1216,1217,2026-05-24 16:21:17,16,tech,5669,4124,124,30,43,556,5,4.78,14.26,Largo
1217,1218,2026-04-13 01:29:46,1,tech,2068,1608,62,16,18,382,4,5.97,16.79,Medio
1218,1219,2026-04-07 10:41:01,10,design,18056,12117,962,41,69,209,4,8.85,13.85,Corto
1219,1220,2026-03-23 23:49:37,23,tech,1580,1395,53,13,20,401,3,6.16,19.0,Medio
1220,1221,2026-06-24 09:06:50,9,design,5728,4402,253,23,9,309,6,6.47,9.47,Corto
1221,1222,2026-06-04 10:03:49,10,tech,3770,3044,82,17,59,443,6,5.19,20.43,Medio
1222,1223,2026-08-11 23:14:29,23,tech,646,558,13,3,8,622,8,4.3,15.95,Largo
1223,1224,2026-07-22 18:24:00,18,tech,4742,3974,153,30,52,314,7,5.91,17.34,Corto
1224,1225,2026-07-21 14:48:39,14,design,1296,860,75,5,4,250,7,9.77,14.77,Corto
1225,1226,2026-05-14 09:42:43,9,tech,7531,5365,157,78,101,362,5,6.26,23.8,Corto
1226,1227,2026-04-30 11:32:37,11,business,56836,44300,971,308,298,91,4,3.56,10.35,Muy Corto
1227,1228,2026-07-10 17:55:14,17,business,8305,5634,122,26,55,122,7,3.6,11.82,Muy Corto
1228,1229,2026-08-12 13:38:41,13,tech,5212,4121,105,51,60,422,8,5.24,19.15,Medio
1229,1230,2026-03-31 17:31:56,17,tech,2791,2537,58,24,45,490,3,5.01,20.26,Medio
1230,1231,2026-04-11 08:34:02,8,tech,14250,10688,347,64,101,382,4,4.79,13.2,Medio
1231,1232,2026-08-09 08:36:58,8,business,4507,3659,46,21,16,199,8,2.27,7.05,Muy Corto
1232,1233,2026-06-23 02:10:58,2,business,1694,1547,19,11,14,182,6,2.84,11.31,Muy Corto
1233,1234,2026-05-16 08:45:37,8,design,5553,4033,255,17,12,329,5,7.04,10.39,Corto
1234,1235,2026-03-31 12:19:21,12,business,1949,1710,43,6,16,128,3,3.8,11.4,Muy Corto
1235,1236,2026-05-06 18:47:40,18,tech,4088,3574,137,48,58,545,5,6.8,22.19,Medio
1236,1237,2026-06-22 18:18:24,18,tech,15439,14304,325,96,249,326,6,4.68,18.88,Corto
1237,1238,2026-05-21 16:51:45,16,tech,983,769,26,6,13,341,5,5.85,20.03,Corto
1238,1239,2026-06-07 15:39:46,15,tech,2349,1817,64,23,24,448,6,6.11,19.15,Medio
1239,1240,2026-05-06 10:31:26,10,tech,4815,3169,70,26,59,429,5,4.89,20.38,Medio
1240,1241,2026-06-18 15:38:09,15,tech,8715,6925,237,46,67,297,6,5.05,13.82,Corto
1241,1242,2026-04-27 16:39:21,16,tech,3018,2185,83,16,39,370,4,6.32,21.01,Corto
1242,1243,2026-07-09 00:10:52,0,design,29470,19829,1561,158,59,295,7,8.97,13.44,Corto
1243,1244,2026-07-24 17:22:59,17,tech,10225,9571,352,108,86,290,7,5.7,15.38,Corto
1244,1245,2026-04-09 08:40:46,8,tech,3898,3450,101,20,33,362,4,4.46,12.9,Corto
1245,1246,2026-06-24 11:07:10,11,business,5453,4894,145,48,23,76,6,4.41,10.65,Muy Corto
1246,1247,2026-07-04 15:00:36,15,tech,4946,3870,135,47,48,323,7,5.94,18.27,Corto
1247,1248,2026-07-16 10:55:34,10,tech,4831,3565,75,51,63,372,7,5.3,21.96,Corto
1248,1249,2026-03-19 05:36:30,5,business,669,472,12,2,4,102,3,3.81,11.02,Muy Corto
1249,1250,2026-03-13 10:55:56,10,tech,1342,964,29,14,16,439,3,6.12,22.1,Medio
1250,1251,2026-04-19 16:00:17,16,design,4637,4044,218,26,11,344,4,6.31,10.14,Corto
1251,1252,2026-05-22 23:49:41,23,design,3425,2639,150,13,9,341,5,6.52,10.38,Corto
1252,1253,2026-06-01 20:34:05,20,tech,12125,9363,237,129,131,501,6,5.31,19.24,Medio
1253,1254,2026-07-01 08:52:42,8,tech,823,564,21,6,7,512,7,6.03,17.91,Medio
1254,1255,2026-07-26 11:59:49,11,tech,2726,1810,68,23,20,273,7,6.13,17.68,Corto
1255,1256,2026-07-07 16:36:15,16,design,2025,1556,91,9,6,298,7,6.81,11.25,Corto
1256,1257,2026-03-17 11:26:35,11,design,1623,1326,79,3,7,219,3,6.71,11.09,Corto
1257,1258,2026-06-03 12:41:06,12,tech,5177,4483,103,29,39,378,6,3.81,11.84,Medio
1258,1259,2026-02-21 14:51:22,14,design,1871,1700,119,8,4,264,2,7.71,10.76,Corto
1259,1260,2026-05-19 20:31:09,20,design,3699,2640,213,14,11,277,5,9.02,13.52,Corto
1260,1261,2026-04-27 14:30:48,14,tech,7816,7368,161,94,72,594,4,4.44,15.11,Largo
1261,1262,2026-07-27 11:49:57,11,business,5001,3427,87,31,21,181,7,4.06,11.06,Muy Corto
1262,1263,2026-06-14 10:15:51,10,business,4281,3674,50,25,25,148,6,2.72,9.53,Muy Corto
1263,1264,2026-05-03 05:44:17,5,tech,356,335,12,2,2,648,5,4.78,10.75,Largo
1264,1265,2026-06-27 01:12:13,1,tech,94050,70084,2240,429,1271,190,6,5.62,20.15,Muy Corto
1265,1266,2026-04-04 17:08:18,17,tech,1986,1664,50,17,22,551,4,5.35,17.67,Largo
1266,1267,2026-04-06 11:56:54,11,tech,3861,3654,143,24,65,308,4,6.35,20.77,Corto
1267,1268,2026-08-15 12:33:47,12,business,5077,4529,50,30,32,183,8,2.47,9.41,Muy Corto
1268,1269,2026-07-07 09:31:39,9,tech,11744,8024,206,56,90,459,7,4.39,14.33,Medio
1269,1270,2026-06-16 22:44:50,22,tech,3884,2884,81,15,32,456,6,4.44,13.77,Medio
1270,1271,2026-02-21 23:30:30,23,tech,79269,68693,2740,843,680,631,2,6.21,16.82,Largo
1271,1272,2026-04-21 11:30:30,11,tech,10020,7459,180,92,64,472,4,4.5,14.21,Medio
1272,1273,2026-08-19 07:37:29,7,business,450,319,4,1,1,118,8,1.88,5.02,Muy Corto
1273,1274,2026-04-26 04:21:19,4,design,2318,1712,127,13,8,356,4,8.64,14.19,Corto
1274,1275,2026-07-06 13:21:11,13,design,4634,4222,356,22,18,283,7,9.38,13.93,Corto
1275,1276,2026-06-26 08:42:35,8,business,8199,6988,186,39,38,132,6,3.76,9.24,Muy Corto
1276,1277,2026-06-21 17:59:44,17,tech,7613,5996,182,65,103,403,6,5.84,21.11,Medio
1277,1278,2026-07-11 11:44:55,11,design,505,365,31,1,1,289,7,9.04,11.78,Corto
1278,1279,2026-05-28 11:51:56,11,business,953,648,10,4,6,118,5,3.09,11.42,Muy Corto
1279,1280,2026-05-17 10:36:38,10,tech,1049,889,31,9,7,387,5,5.29,13.84,Medio
1280,1281,2026-07-13 18:14:39,18,design,4292,3921,302,20,19,309,7,8.7,13.62,Corto
1281,1282,2026-06-15 11:36:34,11,tech,631,583,16,5,6,386,6,4.63,14.41,Medio
1282,1283,2026-05-12 16:35:54,16,tech,1164,1014,21,7,13,396,5,4.04,15.09,Medio
1283,1284,2026-06-26 09:28:46,9,design,1824,1369,80,8,3,306,6,6.65,9.93,Corto
1284,1285,2026-02-21 19:24:45,19,tech,9715,6756,237,55,96,460,2,5.74,18.13,Medio
1285,1286,2026-06-02 12:52:27,12,business,4698,4212,59,28,32,168,6,2.83,10.14,Muy Corto
1286,1287,2026-04-05 13:52:45,13,design,4794,4235,214,33,21,351,4,6.33,12.14,Corto
1287,1288,2026-05-15 13:29:49,13,business,17019,11571,303,63,107,139,5,4.09,12.19,Muy Corto
1288,1289,2026-03-23 11:44:57,11,business,910,829,10,3,3,243,3,1.93,5.55,Corto
1289,1290,2026-07-05 21:18:06,21,tech,1315,932,23,8,10,401,7,4.4,14.48,Medio
1290,1291,2026-03-22 07:49:53,7,tech,1807,1217,39,13,10,425,3,5.09,14.05,Medio
1291,1292,2026-05-22 10:30:10,10,design,3460,2928,254,10,9,302,5,9.32,12.5,Corto
1292,1293,2026-07-02 11:47:00,11,tech,24686,18263,647,134,214,384,7,5.45,15.85,Medio
1293,1294,2026-08-06 06:47:05,6,design,1279,951,58,4,2,275,8,6.73,9.46,Corto
1294,1295,2026-05-30 19:37:15,19,business,34056,28057,417,113,247,184,5,2.77,10.14,Muy Corto
1295,1296,2026-03-10 10:38:10,10,business,23132,21688,565,152,132,143,3,3.91,10.28,Muy Corto
1296,1297,2026-03-12 09:51:13,9,design,979,858,63,6,1,282,3,8.16,11.07,Corto
1297,1298,2026-05-06 08:44:05,8,design,5202,3772,263,12,19,321,5,7.79,12.27,Corto
1298,1299,2026-03-27 09:57:37,9,tech,1748,1610,48,22,16,503,3,5.34,16.4,Medio
1299,1300,2026-06-13 08:28:51,8,tech,32047,22130,466,145,195,328,6,3.64,11.78,Corto
1300,1301,2026-06-01 12:56:29,12,tech,1013,885,34,11,8,353,6,5.99,16.05,Corto
1301,1302,2026-08-07 08:34:58,8,tech,25601,19326,412,136,275,345,8,4.26,16.33,Corto
1302,1303,2026-08-10 23:05:17,23,design,15351,14185,1117,85,37,278,8,8.73,12.36,Corto
1303,1304,2026-05-10 08:02:17,8,tech,3041,2659,89,35,22,318,5,5.49,15.23,Corto
1304,1305,2026-03-03 06:59:18,6,tech,4861,4196,166,32,67,414,3,6.32,19.78,Medio
1305,1306,2026-07-07 15:06:57,15,design,554,474,37,3,1,236,7,8.65,12.03,Corto
1306,1307,2026-06-14 12:42:31,12,business,3606,3034,88,28,29,138,6,4.78,14.24,Muy Corto
1307,1308,2026-04-12 10:32:01,10,business,913,695,16,4,6,177,4,3.74,11.51,Muy Corto
1308,1309,2026-08-11 18:56:29,18,tech,977,662,16,3,6,418,8,3.78,11.48,Medio
1309,1310,2026-07-19 15:37:40,15,tech,3160,2231,54,20,26,499,7,4.48,15.33,Medio
1310,1311,2026-04-14 17:41:14,17,tech,89708,69959,1499,782,1248,378,4,5.04,20.89,Medio
1311,1312,2026-05-31 15:18:28,15,design,20370,15598,1289,72,66,202,5,9.15,13.5,Muy Corto
1312,1313,2026-03-13 13:15:33,13,tech,585,528,14,3,10,269,3,5.11,20.08,Corto
1313,1314,2026-04-07 08:34:23,8,tech,2620,2193,53,30,38,345,4,5.52,21.75,Corto
1314,1315,2026-03-24 13:36:46,13,business,2069,1580,37,9,14,155,3,3.8,11.71,Muy Corto
1315,1316,2026-04-25 14:27:04,14,business,16141,14554,275,138,141,117,4,3.81,13.43,Muy Corto
1316,1317,2026-04-13 15:50:45,15,design,4693,3922,236,20,13,279,4,6.86,10.71,Corto
1317,1318,2026-03-25 10:41:10,10,design,5193,3449,237,24,18,244,3,8.09,13.83,Corto
1318,1319,2026-08-05 09:34:24,9,tech,9121,8502,302,48,162,353,8,6.02,21.05,Corto
1319,1320,2026-04-11 19:21:25,19,business,5425,5025,55,25,41,163,4,2.41,9.61,Muy Corto
1320,1321,2026-05-08 09:01:23,9,tech,3572,2464,56,31,47,574,5,5.44,22.56,Largo
1321,1322,2026-07-12 00:04:10,0,design,404,381,23,2,1,303,7,6.82,10.24,Corto
1322,1323,2026-08-08 18:55:45,18,tech,12665,9216,255,90,171,423,8,5.6,21.52,Medio
1323,1324,2026-06-23 17:51:02,17,design,18820,15535,1076,73,74,336,6,7.87,12.62,Corto
1324,1325,2026-02-21 07:02:57,7,business,3780,3362,34,15,22,159,2,2.11,8.03,Muy Corto
1325,1326,2026-05-11 11:26:48,11,tech,8829,8303,166,80,159,225,5,4.88,21.17,Corto
1326,1327,2026-06-22 07:30:54,7,tech,7584,5146,125,61,82,343,6,5.21,19.92,Corto
1327,1328,2026-03-06 12:40:05,12,business,4959,3796,68,21,26,126,3,3.03,9.48,Muy Corto
1328,1329,2026-07-04 10:58:32,10,tech,2159,1607,48,17,18,498,7,5.16,16.18,Medio
1329,1330,2026-07-25 16:44:39,16,tech,5192,4907,121,70,70,564,7,5.32,19.58,Largo
1330,1331,2026-05-16 16:49:03,16,tech,1505,1284,42,10,11,529,5,4.91,13.24,Medio
1331,1332,2026-08-16 20:59:55,20,design,1472,1245,75,2,4,294,8,6.51,9.24,Corto
1332,1333,2026-03-22 21:45:57,21,tech,5915,4493,156,60,38,307,3,5.65,15.58,Corto
1333,1334,2026-07-22 10:09:55,10,tech,2536,2079,79,13,18,344,7,5.29,13.23,Corto
1334,1335,2026-03-05 11:39:39,11,business,522,395,8,1,2,164,3,2.78,7.09,Muy Corto
1335,1336,2026-04-21 12:56:00,12,business,2380,1803,48,8,16,153,4,3.99,11.54,Muy Corto
1336,1337,2026-07-27 08:59:25,8,business,5390,4170,121,36,25,150,7,4.36,11.15,Muy Corto
1337,1338,2026-05-22 16:45:50,16,tech,1143,928,28,9,17,553,5,5.82,21.55,Largo
1338,1339,2026-07-29 16:55:47,16,design,5102,3851,294,16,10,233,7,8.31,11.37,Corto
1339,1340,2026-04-11 18:04:38,18,tech,2777,2418,49,22,47,253,4,4.88,21.22,Corto
1340,1341,2026-05-04 20:50:50,20,tech,764,555,18,7,8,398,5,5.95,19.82,Medio
1341,1342,2026-06-02 16:49:18,16,tech,34768,23921,648,268,375,192,6,5.4,19.73,Muy Corto
1342,1343,2026-06-20 10:27:03,10,tech,2626,2326,52,13,20,365,6,3.65,11.35,Corto
1343,1344,2026-03-17 16:39:10,16,tech,2307,2159,53,21,40,414,3,5.28,21.17,Medio
1344,1345,2026-06-23 17:32:09,17,design,4896,3594,293,17,10,303,6,8.9,12.27,Corto
1345,1346,2026-05-19 18:33:02,18,tech,14776,13571,521,172,261,356,5,7.03,24.29,Corto
1346,1347,2026-07-16 18:42:52,18,design,7316,6006,522,30,12,268,7,9.39,12.29,Corto
1347,1348,2026-08-04 18:53:12,18,business,6653,5555,115,53,46,133,8,3.85,12.51,Muy Corto
1348,1349,2026-07-15 16:25:34,16,tech,701,598,18,7,10,620,7,5.85,21.07,Largo
1349,1350,2026-07-08 16:35:48,16,business,1244,972,21,9,7,162,7,3.81,11.63,Muy Corto
1350,1351,2026-07-25 11:30:02,11,tech,5081,4588,116,27,52,298,7,4.25,13.95,Corto
1351,1352,2026-06-28 09:21:55,9,tech,11891,9318,323,124,108,376,6,5.96,18.06,Medio
1352,1353,2026-03-27 17:43:04,17,design,3300,2333,188,6,6,345,3,8.57,11.14,Corto
1353,1354,2026-05-04 08:30:20,8,business,1253,954,16,7,6,168,5,3.04,9.64,Muy Corto
1354,1355,2026-03-17 10:20:33,10,tech,2486,2226,88,31,33,437,3,6.83,21.38,Medio
1355,1356,2026-05-11 14:47:07,14,business,2509,2255,60,16,13,151,5,3.95,10.11,Muy Corto
1356,1357,2026-06-24 12:28:15,12,tech,5349,3745,106,52,71,719,6,6.11,23.55,Largo
1357,1358,2026-06-17 16:14:06,16,design,372,284,14,2,1,279,6,5.99,10.56,Corto
1358,1359,2026-05-27 13:47:40,13,tech,1818,1517,50,22,23,463,5,6.26,21.23,Medio
1359,1360,2026-07-19 13:51:38,13,tech,4355,4104,144,46,42,249,7,5.65,16.18,Corto
1360,1361,2026-04-08 10:44:40,10,design,3427,2246,189,5,6,321,4,8.9,11.44,Corto
1361,1362,2026-04-06 15:57:19,15,design,3919,3281,213,24,17,352,4,7.74,13.56,Corto
1362,1363,2026-07-10 13:39:45,13,tech,770,641,24,8,7,308,7,6.08,17.47,Corto
1363,1364,2026-04-07 09:48:53,9,business,10442,7497,94,58,41,95,4,2.57,8.72,Muy Corto
1364,1365,2026-05-26 08:11:27,8,tech,3177,2423,76,27,30,418,5,5.49,17.5,Medio
1365,1366,2026-06-11 07:48:54,7,design,470,418,30,0,2,215,6,7.66,11.0,Corto
1366,1367,2026-07-21 13:02:28,13,tech,900,809,21,7,16,511,7,5.44,21.88,Medio
1367,1368,2026-08-10 10:04:03,10,business,1379,1166,33,4,5,191,8,3.6,7.63,Muy Corto
1368,1369,2026-07-28 11:09:21,11,design,13641,8945,483,51,38,287,7,6.39,11.08,Corto
1369,1370,2026-02-23 10:19:43,10,tech,11376,9177,306,106,132,517,2,5.93,19.46,Medio
1370,1371,2026-07-28 17:20:04,17,tech,9738,8048,211,73,147,600,7,5.36,20.86,Largo
1371,1372,2026-03-28 06:04:23,6,tech,5590,3679,124,46,38,403,3,5.65,16.63,Medio
1372,1373,2026-06-20 15:19:59,15,design,905,684,46,1,2,310,6,7.16,9.65,Corto
1373,1374,2026-05-29 09:06:34,9,business,5703,3981,43,33,16,56,5,2.31,7.61,Muy Corto
1374,1375,2026-05-15 04:18:36,4,design,674,461,35,1,2,276,5,8.24,11.93,Corto
1375,1376,2026-06-11 21:42:52,21,tech,1751,1534,49,19,17,509,6,5.54,17.01,Medio
1376,1377,2026-05-14 11:25:53,11,business,12094,9860,101,87,80,132,5,2.72,11.04,Muy Corto
1377,1378,2026-03-04 16:42:15,16,tech,852,619,18,6,6,486,3,4.85,14.54,Medio
1378,1379,2026-03-23 14:56:17,14,tech,1531,1013,33,6,14,325,3,5.23,16.68,Corto
1379,1380,2026-06-20 00:34:46,0,business,6825,4900,118,20,32,147,6,3.47,9.27,Muy Corto
1380,1381,2026-03-02 17:10:59,17,business,55461,52456,685,330,405,91,3,2.71,10.0,Muy Corto
1381,1382,2026-05-24 19:16:45,19,tech,9050,6690,216,87,75,391,5,5.65,17.4,Medio
1382,1383,2026-02-25 08:33:54,8,design,1408,1238,96,8,6,297,2,8.89,14.22,Corto
1383,1384,2026-04-06 12:31:38,12,tech,1864,1705,46,21,30,337,4,5.69,21.7,Corto
1384,1385,2026-07-17 20:27:56,20,tech,7536,6555,192,52,94,540,7,5.16,17.57,Medio
1385,1386,2026-05-08 10:11:57,10,tech,5632,5133,166,57,94,310,5,6.18,22.33,Corto
1386,1387,2026-05-21 10:59:56,10,tech,7714,6216,182,53,115,358,5,5.63,21.14,Corto
1387,1388,2026-06-22 08:08:50,8,tech,4026,3724,83,52,52,435,6,5.02,18.98,Medio
1388,1389,2026-04-08 17:20:24,17,tech,1914,1682,56,8,13,543,4,4.58,11.41,Medio
1389,1390,2026-06-28 09:46:56,9,design,5145,4165,331,22,12,285,6,8.76,12.36,Corto
1390,1391,2026-04-01 07:18:14,7,design,16878,13430,1028,100,60,286,4,8.85,14.21,Corto
1391,1392,2026-04-28 11:52:33,11,design,1055,883,67,5,4,246,4,8.61,13.48,Corto
1392,1393,2026-05-05 12:23:27,12,business,9886,8525,110,30,65,169,5,2.4,8.8,Muy Corto
1393,1394,2026-08-04 08:59:28,8,business,7439,5204,131,24,50,101,8,3.94,12.05,Muy Corto
1394,1395,2026-04-08 10:45:58,10,tech,18286,15574,342,120,310,571,4,4.96,21.2,Largo
1395,1396,2026-05-27 15:41:08,15,tech,607,572,16,4,7,326,5,4.72,15.38,Corto
1396,1397,2026-05-29 06:30:59,6,tech,5886,4312,137,37,39,301,5,4.94,13.85,Corto
1397,1398,2026-07-12 15:15:29,15,design,1165,825,71,5,3,339,7,9.58,13.94,Corto
1398,1399,2026-08-01 17:07:26,17,tech,7083,5990,223,51,57,486,8,5.53,14.74,Medio
1399,1400,2026-06-06 12:58:17,12,design,508,425,27,2,1,319,6,7.06,10.12,Corto
1400,1401,2026-04-21 08:11:04,8,design,23405,20867,1715,151,49,231,4,9.18,12.99,Corto
1401,1402,2026-08-11 14:32:14,14,design,1023,665,37,4,3,267,8,6.62,11.58,Corto
1402,1403,2026-02-21 10:57:48,10,design,1572,1331,102,3,2,337,2,8.04,9.77,Corto
1403,1404,2026-05-29 17:54:56,17,design,19753,14840,1233,76,80,242,5,9.36,14.67,Corto
1404,1405,2026-06-15 13:30:30,13,tech,883,591,13,7,7,295,6,4.57,16.41,Corto
1405,1406,2026-03-21 04:14:54,4,tech,2650,2064,45,29,28,306,3,4.94,18.65,Corto
1406,1407,2026-08-15 19:42:36,19,design,1051,756,48,3,1,381,8,6.88,8.99,Medio
1407,1408,2026-06-17 06:41:05,6,business,684,482,11,2,3,227,6,3.32,8.92,Corto
1408,1409,2026-03-10 10:52:24,10,tech,3228,2172,71,11,28,359,3,5.06,15.61,Corto
1409,1410,2026-04-12 18:02:19,18,business,1015,956,21,8,6,138,4,3.66,10.56,Muy Corto
1410,1411,2026-07-14 13:18:30,13,business,3547,2934,69,16,22,137,7,3.65,10.53,Muy Corto
1411,1412,2026-05-28 17:51:48,17,design,6997,6197,368,31,15,293,5,6.68,9.88,Corto
1412,1413,2026-07-13 17:50:19,17,business,16399,11798,280,46,110,145,7,3.7,11.39,Muy Corto
1413,1414,2026-07-06 18:38:34,18,business,11488,7607,171,70,47,141,7,3.79,10.87,Muy Corto
1414,1415,2026-04-21 01:36:29,1,tech,1314,1242,45,14,15,407,4,5.96,17.79,Medio
1415,1416,2026-04-13 17:23:44,17,design,10939,9033,493,38,47,262,4,6.4,11.3,Corto
1416,1417,2026-04-15 09:47:52,9,design,10698,9208,527,58,29,324,4,6.67,10.76,Corto
1417,1418,2026-07-26 18:47:59,18,business,5103,4232,47,30,27,163,7,2.46,9.05,Muy Corto
1418,1419,2026-04-20 06:22:04,6,tech,2142,1700,48,25,27,219,4,5.88,21.41,Corto
1419,1420,2026-05-07 09:03:00,9,design,12682,12008,952,66,37,288,5,8.79,12.59,Corto
1420,1421,2026-07-23 16:50:21,16,business,3999,3260,44,29,15,107,7,2.7,8.59,Muy Corto
1421,1422,2026-07-20 07:27:43,7,design,2670,2311,122,13,13,305,7,6.4,12.03,Corto
1422,1423,2026-04-08 15:31:15,15,design,7423,6279,324,20,21,280,4,5.81,9.11,Corto
1423,1424,2026-03-28 12:17:06,12,tech,292,196,6,2,2,466,3,5.1,15.31,Medio
1424,1425,2026-04-26 11:40:22,11,tech,2086,1827,51,15,17,504,4,4.54,13.52,Medio
1425,1426,2026-07-13 09:37:21,9,design,11690,10649,536,67,57,339,7,6.2,11.83,Corto
1426,1427,2026-07-23 23:23:57,23,design,2181,1484,130,8,4,277,7,9.57,13.07,Corto
1427,1428,2026-05-14 12:26:17,12,design,2017,1475,83,3,4,314,5,6.1,8.61,Corto
1428,1429,2026-07-05 13:07:02,13,business,25160,17544,367,127,127,159,7,3.54,10.78,Muy Corto
1429,1430,2026-03-03 16:08:38,16,business,1986,1821,29,10,9,211,3,2.64,7.74,Corto
1430,1431,2026-07-19 23:01:51,23,design,806,551,34,4,2,258,7,7.26,11.98,Corto
1431,1432,2026-07-25 13:51:06,13,design,1583,1308,112,5,3,250,7,9.17,11.93,Corto
1432,1433,2026-04-27 03:55:28,3,design,2105,1436,109,10,7,217,4,8.77,14.28,Corto
1433,1434,2026-04-05 13:55:46,13,tech,310,213,6,3,2,268,4,5.16,15.96,Corto
1434,1435,2026-08-09 03:36:12,3,tech,5835,5271,131,36,101,288,8,5.08,20.55,Corto
1435,1436,2026-06-29 07:32:36,7,tech,2544,2171,53,26,22,377,6,4.65,15.34,Medio
1436,1437,2026-06-26 10:41:02,10,tech,12037,10080,346,85,152,558,6,5.78,18.87,Largo
1437,1438,2026-03-14 16:52:21,16,design,6785,6376,376,38,14,299,3,6.71,10.04,Corto
1438,1439,2026-04-02 10:09:46,10,design,1479,1227,71,7,5,295,4,6.76,11.33,Corto
1439,1440,2026-07-09 09:24:43,9,tech,3147,2588,81,15,39,514,7,5.22,17.5,Medio
1440,1441,2026-08-13 07:42:07,7,business,1009,730,16,4,4,180,8,3.29,8.77,Muy Corto
1441,1442,2026-06-11 10:40:50,10,tech,1835,1498,35,21,20,326,6,5.07,18.62,Corto
1442,1443,2026-03-22 18:55:34,18,tech,3279,2595,71,20,32,454,3,4.74,15.68,Medio
1443,1444,2026-02-28 22:36:18,22,tech,1605,1443,29,20,16,427,2,4.5,16.42,Medio
1444,1445,2026-04-25 23:28:39,23,tech,7116,6218,208,56,68,407,4,5.34,15.7,Medio
1445,1446,2026-05-27 16:21:07,16,business,723,524,7,3,2,167,5,2.29,6.68,Muy Corto
1446,1447,2026-03-23 13:07:44,13,business,4224,2997,52,27,19,108,3,3.27,10.41,Muy Corto
1447,1448,2026-07-17 08:12:43,8,design,2758,2430,197,17,7,324,7,9.09,13.21,Corto
1448,1449,2026-05-05 09:44:24,9,business,831,569,12,2,5,160,5,3.34,10.54,Muy Corto
1449,1450,2026-08-18 14:50:32,14,business,4271,3971,60,33,23,149,8,2.92,9.47,Muy Corto
1450,1451,2026-03-13 08:03:06,8,tech,20905,19280,653,107,308,435,3,5.54,18.39,Medio
1451,1452,2026-03-29 09:34:21,9,business,6951,6109,93,40,48,125,3,2.96,10.43,Muy Corto
1452,1453,2026-05-25 08:59:20,8,tech,2592,1820,60,23,19,367,5,5.6,16.7,Corto
1453,1454,2026-07-01 06:13:39,6,design,1272,1188,75,8,2,327,7,7.15,10.35,Corto
1454,1455,2026-03-05 11:40:41,11,business,2597,2211,37,17,9,105,3,2.85,8.01,Muy Corto
1455,1456,2026-05-05 11:37:54,11,design,4660,3398,175,10,9,295,5,5.71,8.45,Corto
1456,1457,2026-07-04 15:30:50,15,tech,2725,1788,47,11,19,340,7,4.31,13.59,Corto
1457,1458,2026-03-28 09:04:36,9,design,16673,11831,944,51,43,297,3,8.77,12.61,Corto
1458,1459,2026-04-04 09:32:02,9,design,12772,11992,974,39,48,409,4,8.85,12.63,Medio
1459,1460,2026-06-02 16:02:08,16,business,1860,1627,36,7,11,132,6,3.32,9.34,Muy Corto
1460,1461,2026-02-27 00:41:44,0,tech,9109,6096,241,79,65,536,2,6.32,17.67,Medio
1461,1462,2026-04-09 11:31:55,11,business,920,646,16,4,4,177,4,3.72,9.91,Muy Corto
1462,1463,2026-05-31 15:18:07,15,design,688,455,31,3,1,347,5,7.69,11.21,Corto
1463,1464,2026-03-11 10:35:18,10,tech,2436,1633,48,22,21,486,3,5.57,18.62,Medio
1464,1465,2026-05-09 19:08:44,19,design,2961,2242,194,15,7,343,5,9.63,13.83,Corto
1465,1466,2026-03-19 11:58:53,11,tech,3930,2826,89,23,23,515,3,4.78,12.92,Medio
1466,1467,2026-05-27 14:55:14,14,tech,1464,1371,41,7,12,296,5,4.38,12.04,Corto
1467,1468,2026-06-06 10:04:29,10,tech,2161,2013,43,14,23,430,6,3.97,14.06,Medio
1468,1469,2026-02-28 17:23:15,17,business,1298,930,12,6,4,131,2,2.37,7.31,Muy Corto
1469,1470,2026-03-22 18:07:45,18,tech,2952,2761,75,29,37,406,3,5.11,17.64,Medio
1470,1471,2026-06-08 16:29:36,16,design,16985,12065,715,91,55,315,6,7.14,12.59,Corto
1471,1472,2026-07-20 17:14:25,17,design,1420,1090,66,2,5,240,7,6.7,10.46,Corto
1472,1473,2026-07-12 16:31:03,16,tech,277,187,7,2,2,473,7,5.88,16.58,Medio
1473,1474,2026-04-24 07:34:36,7,business,608,560,7,2,4,209,4,2.32,8.39,Corto
1474,1475,2026-04-09 15:20:37,15,tech,6194,4755,182,71,90,521,4,7.21,24.94,Medio
1475,1476,2026-03-05 13:11:51,13,business,5569,4609,52,28,39,131,3,2.58,10.33,Muy Corto
1476,1477,2026-04-11 01:59:25,1,tech,1142,920,24,11,12,257,4,5.11,17.83,Corto
1477,1478,2026-04-02 09:12:11,9,tech,1950,1651,49,21,31,242,4,6.12,23.08,Corto
1478,1479,2026-03-30 10:28:50,10,tech,3544,3013,85,19,55,368,3,5.28,19.95,Corto
1479,1480,2026-05-17 11:57:57,11,design,4223,3144,248,8,16,290,5,8.65,12.98,Corto
1480,1481,2026-05-30 08:11:21,8,tech,673,536,12,2,7,445,5,3.92,14.18,Medio
1481,1482,2026-05-10 13:01:14,13,design,3160,2827,222,12,13,281,5,8.74,13.23,Corto
1482,1483,2026-05-15 07:27:22,7,tech,376,249,7,1,3,271,5,4.42,14.06,Corto
1483,1484,2026-06-30 17:39:10,17,design,61925,41760,2475,209,118,303,6,6.71,10.19,Corto
1484,1485,2026-06-09 08:50:36,8,tech,2703,1805,51,16,31,503,6,5.43,20.11,Medio
1485,1486,2026-05-13 12:38:35,12,tech,1147,912,22,5,8,326,5,3.84,11.62,Corto
1486,1487,2026-04-04 13:53:26,13,tech,5178,4781,124,37,85,509,4,5.15,19.91,Medio
1487,1488,2026-05-05 21:33:56,21,design,5970,5168,347,31,10,295,5,7.51,10.66,Corto
1488,1489,2026-03-15 07:36:29,7,design,10355,8329,536,27,43,324,3,7.28,11.86,Corto
1489,1490,2026-06-15 13:27:00,13,tech,6900,5967,150,86,118,457,6,5.93,24.1,Medio
1490,1491,2026-03-08 10:16:07,10,design,2417,2070,125,5,8,312,3,6.67,10.1,Corto
1491,1492,2026-06-18 13:12:59,13,design,4675,3757,241,17,20,337,6,7.4,12.48,Corto
1492,1493,2026-03-17 12:29:37,12,tech,21616,19136,514,222,235,456,3,5.07,17.15,Medio
1493,1494,2026-06-17 12:18:20,12,tech,20155,15054,491,149,283,574,6,6.13,22.26,Largo
1494,1495,2026-03-21 00:46:57,0,business,701,621,9,2,3,130,3,2.25,6.6,Muy Corto
1495,1496,2026-05-08 12:08:39,12,business,1131,1011,25,5,5,116,5,3.46,8.41,Muy Corto
1496,1497,2026-08-11 23:01:58,23,design,536,472,35,3,1,310,8,8.26,11.65,Corto
1497,1498,2026-04-03 15:39:05,15,design,5336,4200,377,28,10,310,4,9.88,13.55,Corto
1498,1499,2026-03-13 09:20:39,9,tech,850,617,14,3,5,398,3,3.57,10.7,Medio
1499,1500,2026-07-14 09:36:44,9,design,12285,10291,676,44,45,226,7,7.43,11.78,Corto
1500,1501,2026-07-18 11:56:34,11,business,846,661,19,3,3,190,7,3.78,8.32,Muy Corto
1501,1502,2026-08-17 09:13:25,9,design,3379,3023,262,13,7,318,8,9.33,12.24,Corto
1502,1503,2026-07-11 03:42:26,3,tech,530,383,11,4,6,207,7,5.48,19.58,Corto
1503,1504,2026-06-25 23:22:37,23,tech,8409,5900,145,66,109,346,6,5.42,21.71,Corto
1504,1505,2026-05-04 21:30:24,21,tech,4449,3341,75,30,51,603,5,4.67,18.05,Largo
1505,1506,2026-05-26 19:34:09,19,tech,17130,11391,228,80,169,309,5,4.19,16.68,Corto
1506,1507,2026-07-08 19:52:59,19,business,5169,4546,115,31,26,184,7,3.78,9.83,Muy Corto
1507,1508,2026-06-30 15:51:31,15,design,7609,5302,285,11,31,346,6,6.17,10.88,Corto
1508,1509,2026-06-20 08:24:07,8,tech,18809,13272,350,88,125,507,6,4.24,12.82,Medio
1509,1510,2026-04-14 16:35:43,16,design,3367,2352,166,12,9,260,4,7.95,12.16,Corto
1510,1511,2026-03-24 17:28:53,17,business,11951,10368,222,59,48,165,3,3.17,8.12,Muy Corto
1511,1512,2026-06-16 12:32:32,12,tech,3829,3152,91,31,26,505,6,4.7,13.42,Medio
1512,1513,2026-08-06 08:12:45,8,business,2366,2025,56,15,12,218,8,4.1,10.47,Corto
1513,1514,2026-07-24 06:13:03,6,business,14714,9744,135,50,86,141,7,2.78,10.5,Muy Corto
1514,1515,2026-05-25 09:08:32,9,tech,6973,5674,151,60,80,258,5,5.13,18.17,Corto
1515,1516,2026-08-17 11:56:38,11,tech,10338,7523,270,79,145,345,8,6.57,23.21,Corto
1516,1517,2026-04-25 13:42:49,13,tech,7109,5591,177,54,104,539,4,5.99,21.91,Medio
1517,1518,2026-03-29 16:45:17,16,tech,4903,4096,83,43,65,566,3,4.66,18.92,Largo
1518,1519,2026-03-22 12:43:08,12,design,6024,4286,335,28,20,298,3,8.94,14.16,Corto
1519,1520,2026-03-22 06:52:22,6,design,1902,1638,107,7,8,343,3,7.45,12.15,Corto
1520,1521,2026-05-22 09:19:18,9,business,66995,58757,1406,282,368,109,5,3.5,9.32,Muy Corto
1521,1522,2026-03-10 08:05:27,8,tech,3361,3003,104,28,42,449,3,5.79,18.38,Medio
1522,1523,2026-02-22 15:59:22,15,design,1129,760,58,2,1,333,2,8.03,9.74,Corto
1523,1524,2026-03-06 17:25:41,17,tech,978,734,16,4,7,162,3,3.68,11.99,Muy Corto
1524,1525,2026-04-28 14:27:35,14,tech,3508,3167,65,26,37,394,4,4.04,14.68,Medio
1525,1526,2026-05-29 16:22:24,16,tech,740,512,14,4,6,273,5,4.69,15.23,Corto
1526,1527,2026-04-25 13:29:26,13,tech,2294,1943,58,25,36,416,4,6.12,22.95,Medio
1527,1528,2026-07-28 19:44:59,19,tech,3928,2804,68,27,34,348,7,4.6,15.98,Corto
1528,1529,2026-06-08 09:41:02,9,business,14481,10048,104,69,88,157,6,2.6,10.79,Muy Corto
1529,1530,2026-05-07 13:05:28,13,tech,1012,772,15,5,11,317,5,4.02,15.93,Corto
1530,1531,2026-04-11 19:06:02,19,tech,12301,10137,324,147,183,281,4,6.45,23.44,Corto
1531,1532,2026-04-12 13:37:14,13,design,6301,5115,408,32,22,333,4,9.03,13.92,Corto
1532,1533,2026-04-02 14:41:06,14,design,29347,21637,1872,71,44,342,4,9.18,11.59,Corto
1533,1534,2026-06-28 16:05:00,16,business,5461,4990,72,28,20,113,6,2.4,6.89,Muy Corto
1534,1535,2026-08-12 12:05:02,12,tech,4094,3867,117,53,42,383,8,5.48,17.2,Medio
1535,1536,2026-08-02 17:25:42,17,design,970,907,72,2,4,247,8,8.6,12.35,Corto
1536,1537,2026-05-18 17:31:45,17,business,387,287,4,2,1,137,5,2.44,6.97,Muy Corto
1537,1538,2026-04-11 09:47:13,9,design,7685,6410,373,48,20,359,4,6.88,11.31,Corto
1538,1539,2026-05-18 10:34:38,10,design,2369,2039,109,9,6,328,5,6.08,9.47,Corto
1539,1540,2026-05-12 14:05:45,14,tech,3039,2024,62,30,33,301,5,6.18,22.04,Corto
1540,1541,2026-06-27 23:59:00,23,business,2692,2332,29,15,13,176,6,2.44,8.28,Muy Corto
1541,1542,2026-08-02 13:47:51,13,tech,4827,4461,175,23,86,340,8,6.37,21.41,Corto
1542,1543,2026-04-05 18:24:34,18,design,16437,10868,884,33,24,316,4,8.66,11.12,Corto
1543,1544,2026-03-06 09:44:12,9,tech,1766,1571,54,8,16,552,3,4.96,13.62,Largo
1544,1545,2026-04-19 21:01:51,21,business,1411,1026,12,5,9,123,4,2.53,10.14,Muy Corto
1545,1546,2026-07-24 16:36:17,16,tech,44944,39516,1435,571,563,281,7,6.5,20.81,Corto
1546,1547,2026-07-16 14:55:40,14,design,5253,3701,196,9,12,250,7,5.86,8.86,Corto
1547,1548,2026-04-02 11:57:36,11,tech,3814,2861,72,33,55,350,4,5.59,22.51,Corto
1548,1549,2026-03-10 08:58:04,8,business,15555,13172,361,123,61,153,3,4.14,10.18,Muy Corto
1549,1550,2026-04-26 11:32:30,11,tech,1867,1434,48,13,14,456,4,5.23,14.78,Medio
1550,1551,2026-08-02 09:47:27,9,business,5735,5081,71,20,25,145,8,2.28,6.91,Muy Corto
1551,1552,2026-08-14 10:59:08,10,tech,1361,1271,39,18,16,308,8,5.74,18.8,Corto
1552,1553,2026-04-23 05:06:51,5,tech,1475,1010,32,10,16,470,4,5.74,19.8,Medio
1553,1554,2026-07-29 15:56:17,15,tech,5929,5082,162,61,61,456,7,5.59,17.59,Medio
1554,1555,2026-06-09 06:25:55,6,tech,539,356,13,3,6,398,6,6.18,20.51,Medio
1555,1556,2026-08-16 19:46:06,19,tech,1112,802,17,4,6,441,8,3.37,10.1,Medio
1556,1557,2026-07-31 10:28:05,10,tech,6392,6016,124,77,62,360,7,4.37,15.43,Corto
1557,1558,2026-05-24 13:26:34,13,design,1706,1372,93,3,4,274,5,7.29,9.99,Corto
1558,1559,2026-06-01 17:56:40,17,tech,7708,5665,214,46,87,530,6,6.13,19.31,Medio
1559,1560,2026-07-21 17:24:12,17,tech,6190,4431,170,25,67,445,7,5.91,18.19,Medio
1560,1561,2026-06-18 17:44:21,17,design,7820,5955,436,30,32,235,6,8.36,13.64,Corto
1561,1562,2026-07-19 09:40:59,9,tech,11414,9485,302,57,120,435,7,5.05,15.71,Medio
1562,1563,2026-08-19 17:41:38,17,design,4221,3165,162,13,14,300,8,5.97,10.3,Corto
1563,1564,2026-05-16 12:10:33,12,tech,943,846,33,7,8,336,5,5.67,14.78,Corto
1564,1565,2026-03-16 16:42:49,16,tech,517,390,8,1,6,203,3,3.85,15.38,Corto
1565,1566,2026-03-15 13:11:24,13,tech,1393,925,24,9,17,284,3,5.41,21.19,Corto
1566,1567,2026-04-24 11:34:45,11,tech,5497,4986,127,59,47,366,4,4.67,14.82,Corto
1567,1568,2026-03-16 10:10:46,10,tech,604,495,10,3,9,332,3,4.44,18.99,Corto
1568,1569,2026-07-05 16:57:11,16,business,1218,912,9,7,6,147,7,2.41,9.32,Muy Corto
1569,1570,2026-04-24 08:54:53,8,tech,1023,937,23,6,10,442,4,4.16,13.55,Medio
1570,1571,2026-06-24 13:24:11,13,tech,655,582,16,3,6,461,6,4.3,13.06,Medio
1571,1572,2026-04-08 12:58:56,12,business,958,744,17,4,4,211,4,3.36,8.74,Corto
1572,1573,2026-08-01 13:18:40,13,tech,3290,2373,77,14,42,283,8,5.6,19.76,Corto
1573,1574,2026-04-10 17:26:06,17,design,1071,1016,82,5,2,270,4,8.76,11.61,Corto
1574,1575,2026-06-28 21:57:10,21,business,5781,4572,134,27,32,184,6,4.22,10.89,Muy Corto
1575,1576,2026-02-26 10:39:07,10,tech,2296,2084,80,22,38,397,2,6.72,22.65,Medio
1576,1577,2026-03-03 10:55:12,10,business,12902,9050,103,59,51,138,3,2.35,8.25,Muy Corto
1577,1578,2026-03-31 06:31:22,6,tech,1906,1481,33,18,26,522,3,5.2,21.13,Medio
1578,1579,2026-07-18 10:30:24,10,tech,2440,1732,55,15,23,341,7,5.37,17.26,Corto
1579,1580,2026-08-06 17:04:41,17,design,8087,6422,360,36,20,278,8,6.48,10.34,Corto
1580,1581,2026-07-09 12:50:57,12,tech,9722,8920,181,45,82,296,7,3.45,11.4,Corto
1581,1582,2026-07-02 12:01:27,12,business,8021,5868,91,31,47,114,7,2.88,10.07,Muy Corto
1582,1583,2026-08-07 17:48:22,17,design,2632,2168,166,12,9,260,8,8.63,13.19,Corto
1583,1584,2026-04-14 17:09:12,17,tech,2587,2206,74,17,28,347,4,5.39,16.59,Corto
1584,1585,2026-04-17 09:55:39,9,business,17346,11888,151,66,77,153,4,2.47,8.67,Muy Corto
1585,1586,2026-07-13 16:46:43,16,tech,4463,4069,103,56,55,413,7,5.26,18.85,Medio
1586,1587,2026-03-16 13:04:48,13,tech,5883,4298,107,50,71,401,3,5.3,20.36,Medio
1587,1588,2026-02-23 09:44:56,9,design,3090,2193,142,8,7,288,2,7.16,10.49,Corto
1588,1589,2026-08-04 14:33:43,14,tech,2062,1593,42,8,28,253,8,4.9,18.71,Corto
1589,1590,2026-03-10 11:54:10,11,tech,51557,37069,786,460,540,311,3,4.82,18.74,Corto
1590,1591,2026-03-31 09:49:46,9,design,1379,1009,73,2,3,383,3,7.73,10.41,Medio
1591,1592,2026-07-20 12:40:39,12,tech,3594,2961,88,15,31,302,7,4.53,13.37,Corto
1592,1593,2026-03-14 06:33:40,6,tech,4188,3320,70,27,65,404,3,4.88,21.02,Medio
1593,1594,2026-07-03 14:10:36,14,design,4120,3252,251,14,14,288,7,8.58,12.88,Corto
1594,1595,2026-05-23 11:03:40,11,tech,13372,9037,182,103,157,234,5,4.89,20.47,Corto
1595,1596,2026-03-06 07:36:45,7,design,639,588,50,4,1,306,3,9.35,12.59,Corto
1596,1597,2026-08-05 16:48:15,16,tech,1805,1713,59,19,25,429,8,6.01,19.56,Medio
1597,1598,2026-02-24 10:34:09,10,design,2457,1829,97,7,3,210,2,5.85,8.15,Corto
1598,1599,2026-04-11 14:46:03,14,tech,4590,3559,89,48,40,302,4,4.97,16.89,Corto
1599,1600,2026-03-31 14:09:41,14,design,1725,1209,93,4,4,192,3,8.35,11.66,Muy Corto
1600,1601,2026-08-09 08:48:34,8,design,4593,3342,253,7,17,283,8,8.29,12.48,Corto
1601,1602,2026-06-09 18:00:46,18,design,7218,5565,433,40,29,295,6,9.02,14.82,Corto
1602,1603,2026-04-02 10:23:29,10,design,4102,3561,295,26,14,351,4,9.41,14.35,Corto
1603,1604,2026-04-26 06:24:03,6,design,15373,10616,850,62,28,300,4,8.85,12.45,Corto
1604,1605,2026-07-03 16:37:48,16,tech,4729,3621,124,29,46,471,7,5.5,16.79,Medio
1605,1606,2026-05-03 18:52:24,18,tech,6744,6243,169,65,55,672,5,4.63,13.92,Largo
1606,1607,2026-05-13 11:12:40,11,tech,18100,16538,628,156,274,455,5,6.4,20.82,Medio
1607,1608,2026-06-07 06:17:50,6,business,1011,860,23,6,3,109,6,3.72,8.26,Muy Corto
1608,1609,2026-04-06 07:14:36,7,business,4044,3493,96,26,23,185,4,4.15,10.99,Muy Corto
1609,1610,2026-07-19 10:01:58,10,tech,521,423,9,3,4,355,7,3.78,12.53,Corto
1610,1611,2026-07-26 16:17:11,16,design,802,624,42,2,1,283,7,7.21,9.29,Corto
1611,1612,2026-07-31 00:23:00,0,tech,1811,1636,52,19,16,443,7,5.32,15.65,Medio
1612,1613,2026-03-14 17:55:52,17,design,2642,2138,156,5,7,227,3,7.86,10.85,Corto
1613,1614,2026-07-12 18:54:10,18,tech,3697,3051,63,33,52,407,7,4.85,20.03,Medio
1614,1615,2026-06-21 14:49:40,14,design,2772,2419,121,17,7,353,6,5.99,10.13,Corto
1615,1616,2026-08-10 10:17:59,10,tech,73275,54094,1436,305,575,274,8,4.28,13.41,Corto
1616,1617,2026-04-19 16:21:51,16,business,2465,2336,33,14,22,157,4,2.95,11.34,Muy Corto
1617,1618,2026-03-09 10:39:42,10,tech,5261,3790,103,35,66,461,3,5.38,20.34,Medio
1618,1619,2026-08-15 18:09:59,18,tech,7531,6044,213,38,57,442,8,5.1,13.58,Medio
1619,1620,2026-02-22 08:44:43,8,design,885,601,37,3,3,353,2,7.15,12.15,Corto
1620,1621,2026-04-28 13:34:47,13,tech,625,531,16,3,7,361,4,4.9,15.82,Corto
1621,1622,2026-07-24 09:45:59,9,design,2484,2118,167,8,10,249,7,8.73,13.17,Corto
1622,1623,2026-05-05 09:21:35,9,tech,3773,3291,95,48,57,498,5,6.08,22.58,Medio
1623,1624,2026-03-08 09:07:11,9,design,17143,14042,1076,90,36,340,3,8.56,12.28,Corto
1624,1625,2026-04-23 09:31:25,9,tech,4889,4077,86,31,62,447,4,4.39,17.32,Medio
1625,1626,2026-04-16 19:05:52,19,business,1477,1224,13,4,6,145,4,1.88,6.29,Muy Corto
1626,1627,2026-02-23 08:20:02,8,tech,2657,2436,60,24,23,506,2,4.39,13.96,Medio
1627,1628,2026-08-02 09:21:42,9,business,2832,2460,25,9,18,103,8,2.11,8.33,Muy Corto
1628,1629,2026-06-02 15:54:28,15,design,428,392,26,1,2,332,6,7.4,11.73,Corto
1629,1630,2026-06-20 10:11:32,10,tech,8996,7992,197,51,68,276,6,3.95,11.82,Corto
1630,1631,2026-03-16 18:07:09,18,business,2006,1469,33,13,7,116,3,3.61,9.6,Muy Corto
1631,1632,2026-03-23 15:34:14,15,design,6213,4686,374,36,20,240,3,9.18,14.47,Corto
1632,1633,2026-05-25 09:15:02,9,tech,3689,2497,74,23,47,425,5,5.77,21.71,Medio
1633,1634,2026-05-29 11:48:26,11,design,11039,7307,636,54,35,318,5,9.92,15.49,Corto
1634,1635,2026-07-12 11:19:24,11,tech,34519,24465,933,169,224,598,7,5.42,13.9,Largo
1635,1636,2026-05-09 13:53:45,13,tech,9306,8378,294,117,81,476,5,5.87,16.83,Medio
1636,1637,2026-07-13 16:02:04,16,tech,4279,4053,102,30,71,382,7,5.01,19.49,Medio
1637,1638,2026-03-27 10:52:51,10,business,1964,1579,27,13,10,123,3,3.17,10.07,Muy Corto
1638,1639,2026-05-16 16:18:08,16,design,9532,8246,477,18,20,365,5,6.25,8.6,Corto
1639,1640,2026-02-26 11:36:15,11,business,5366,4616,115,39,23,144,2,3.83,9.86,Muy Corto
1640,1641,2026-02-23 17:42:02,17,tech,2865,2382,53,30,36,341,2,5.0,19.35,Corto
1641,1642,2026-05-15 18:24:30,18,design,1331,1009,83,3,3,331,5,8.82,11.79,Corto
1642,1643,2026-06-01 09:14:21,9,tech,2387,1699,43,13,31,444,6,5.12,20.19,Medio
1643,1644,2026-05-31 11:45:48,11,business,1316,1020,24,8,5,139,5,3.63,9.41,Muy Corto
1644,1645,2026-04-02 09:04:15,9,design,1166,775,49,1,2,288,4,6.71,8.9,Corto
1645,1646,2026-07-17 15:15:28,15,tech,6676,4918,101,64,51,297,7,4.39,15.56,Corto
1646,1647,2026-07-22 22:48:22,22,design,22526,16082,1011,80,75,246,7,7.25,12.01,Corto
1647,1648,2026-06-28 09:39:44,9,design,4130,2711,142,8,8,340,6,5.83,8.78,Corto
1648,1649,2026-06-10 22:41:41,22,tech,4546,3319,106,21,64,537,6,5.75,21.15,Medio
1649,1650,2026-04-24 09:36:20,9,design,6311,4278,313,22,15,279,4,8.18,12.18,Corto
1650,1651,2026-06-05 09:32:05,9,business,160000,145933,3775,553,990,144,6,3.64,9.53,Muy Corto
1651,1652,2026-06-08 18:56:54,18,design,520,447,24,2,2,368,6,6.26,10.74,Corto
1652,1653,2026-07-26 12:42:45,12,design,1617,1391,107,6,7,200,7,8.63,13.44,Muy Corto
1653,1654,2026-06-14 08:09:10,8,business,3834,3026,57,28,20,131,6,3.47,10.87,Muy Corto
1654,1655,2026-04-13 18:57:19,18,design,1503,979,53,5,3,294,4,6.23,9.91,Corto
1655,1656,2026-04-25 08:08:28,8,tech,2935,2060,71,18,27,393,4,5.63,17.43,Medio
1656,1657,2026-06-12 16:42:25,16,design,670,539,32,1,3,306,6,6.68,11.13,Corto
1657,1658,2026-07-14 14:29:39,14,design,1759,1271,64,7,5,354,7,5.98,10.39,Corto
1658,1659,2026-04-03 15:01:00,15,tech,2935,1917,58,27,15,458,4,5.22,14.92,Medio
1659,1660,2026-05-25 18:03:28,18,tech,5969,4245,112,22,56,596,5,4.48,15.27,Largo
1660,1661,2026-06-23 00:59:54,0,design,3229,2326,124,15,9,270,6,6.36,11.01,Corto
1661,1662,2026-03-16 11:43:38,11,business,15575,10586,145,91,64,118,3,2.83,9.64,Muy Corto
1662,1663,2026-07-09 12:34:28,12,business,10075,9276,117,85,56,106,7,2.78,9.76,Muy Corto
1663,1664,2026-03-30 14:23:16,14,tech,22293,20128,544,244,218,524,3,5.0,16.22,Medio
1664,1665,2026-07-06 09:46:56,9,tech,1695,1190,44,8,22,346,7,6.22,21.18,Corto
1665,1666,2026-08-16 17:07:09,17,tech,8311,7181,179,70,93,504,8,4.76,16.75,Medio
1666,1667,2026-04-21 09:06:26,9,design,98493,92252,5876,702,252,308,4,7.4,11.6,Corto
1667,1668,2026-06-22 12:27:59,12,tech,750,507,10,6,5,311,6,4.14,14.6,Corto
1668,1669,2026-06-24 08:43:26,8,business,1496,1018,17,6,6,190,6,2.85,8.74,Muy Corto
1669,1670,2026-05-31 18:02:09,18,tech,1025,844,24,11,8,308,5,5.09,15.64,Corto
1670,1671,2026-07-21 11:08:59,11,design,4217,3654,233,29,15,289,7,7.58,12.84,Corto
1671,1672,2026-07-14 18:09:17,18,tech,3453,2797,58,29,53,312,7,5.01,21.38,Corto
1672,1673,2026-05-31 13:35:41,13,tech,4982,3534,136,22,35,469,5,5.46,14.26,Medio
1673,1674,2026-04-22 08:27:57,8,business,87287,72709,1698,516,620,108,4,3.9,12.0,Muy Corto
1674,1675,2026-04-18 09:05:54,9,design,4692,3052,251,7,12,325,4,8.85,12.29,Corto
1675,1676,2026-05-24 06:16:11,6,business,620,441,7,4,2,152,5,2.95,8.84,Muy Corto
1676,1677,2026-05-17 14:09:09,14,tech,1853,1406,50,16,20,354,5,6.12,19.49,Corto
1677,1678,2026-08-17 11:28:47,11,business,3521,2569,37,24,19,116,8,3.11,11.09,Muy Corto
1678,1679,2026-03-05 14:39:47,14,design,1771,1598,135,8,3,356,3,9.14,11.95,Corto
1679,1680,2026-06-14 14:02:16,14,tech,12576,8534,176,114,78,590,6,4.31,14.72,Largo
1680,1681,2026-05-15 02:32:22,2,tech,322,272,5,4,3,400,5,4.41,16.54,Medio
1681,1682,2026-06-17 21:50:03,21,tech,896,602,22,6,9,397,6,6.15,19.6,Medio
1682,1683,2026-04-10 17:01:09,17,business,664,451,10,2,2,150,4,3.1,7.54,Muy Corto
1683,1684,2026-06-01 23:24:00,23,tech,1943,1631,33,20,22,466,6,4.6,17.72,Medio
1684,1685,2026-05-28 08:56:30,8,business,2766,2427,37,23,16,120,5,3.13,10.59,Muy Corto
1685,1686,2026-03-09 08:22:38,8,tech,10686,8724,304,128,161,624,3,6.8,24.12,Largo
1686,1687,2026-08-08 12:56:16,12,design,1561,1285,85,8,6,360,8,7.7,12.84,Corto
1687,1688,2026-07-26 16:32:57,16,design,8023,7139,533,49,15,291,7,8.36,11.89,Corto
1688,1689,2026-06-27 13:19:20,13,business,6410,5740,141,44,25,171,6,3.66,9.01,Muy Corto
1689,1690,2026-08-18 20:48:27,20,design,241,227,19,0,1,346,8,8.81,11.89,Corto
1690,1691,2026-07-06 11:57:53,11,design,35203,25251,1302,180,122,322,7,6.35,11.87,Corto
1691,1692,2026-06-02 10:17:29,10,design,1455,1317,114,8,7,250,6,9.79,15.34,Corto
1692,1693,2026-07-06 16:16:31,16,tech,5504,3733,121,19,57,337,7,5.28,17.49,Corto
1693,1694,2026-05-11 15:30:48,15,tech,3071,2546,86,35,44,270,5,6.48,22.7,Corto
1694,1695,2026-05-30 22:43:05,22,tech,3037,2258,81,29,33,449,5,6.33,20.42,Medio
1695,1696,2026-05-29 11:10:33,11,business,13606,12624,211,45,93,132,5,2.76,8.99,Muy Corto
1696,1697,2026-06-19 18:16:07,18,business,786,548,5,3,2,205,6,1.82,6.02,Corto
1697,1698,2026-05-07 10:49:02,10,tech,1892,1484,46,8,20,448,5,4.99,16.04,Medio
1698,1699,2026-07-28 17:57:35,17,design,4025,3216,215,24,11,224,7,7.77,12.41,Corto
1699,1700,2026-03-03 15:11:15,15,tech,2548,2256,60,19,22,346,3,4.48,13.83,Corto
1700,1701,2026-02-28 12:52:55,12,tech,3830,2615,63,23,29,487,2,4.4,14.8,Medio
1701,1702,2026-04-28 15:36:24,15,tech,880,579,20,5,10,225,4,6.04,20.73,Corto
1702,1703,2026-07-16 15:29:17,15,tech,3203,2703,59,34,50,438,7,5.29,22.01,Medio
1703,1704,2026-07-13 21:57:02,21,design,48301,45486,2475,331,248,273,7,6.71,12.71,Corto
1704,1705,2026-03-02 16:44:39,16,design,10736,10175,509,74,34,260,3,6.06,10.58,Corto
1705,1706,2026-06-19 16:04:18,16,tech,4026,3487,134,19,38,429,6,5.48,14.74,Medio
1706,1707,2026-03-20 13:24:10,13,tech,5842,4025,83,56,70,405,3,5.19,21.54,Medio
1707,1708,2026-08-02 13:42:31,13,business,138191,102595,1708,975,589,198,8,3.19,10.06,Muy Corto
1708,1709,2026-07-14 13:37:31,13,business,2211,1797,40,9,12,143,7,3.39,9.57,Muy Corto
1709,1710,2026-06-13 08:37:15,8,tech,14788,13954,530,155,216,511,6,6.46,20.62,Medio
1710,1711,2026-08-17 09:50:46,9,business,593,505,9,4,3,130,8,3.17,9.7,Muy Corto
1711,1712,2026-06-23 22:25:45,22,design,2547,2295,193,9,13,311,6,9.37,14.51,Corto
1712,1713,2026-04-07 12:36:13,12,tech,486,435,10,5,4,166,4,4.37,14.25,Muy Corto
1713,1714,2026-03-23 08:58:17,8,tech,6604,6100,224,37,72,363,3,5.46,15.54,Corto
1714,1715,2026-08-06 02:05:10,2,tech,4732,3718,84,26,46,448,8,4.2,14.95,Medio
1715,1716,2026-06-25 19:37:54,19,tech,3533,2684,69,37,52,472,6,5.89,23.58,Medio
1716,1717,2026-05-29 12:44:14,12,design,3367,2441,128,6,9,249,5,5.86,9.18,Corto
1717,1718,2026-05-31 11:05:13,11,tech,2952,2550,58,26,44,518,5,5.02,20.16,Medio
1718,1719,2026-03-05 09:12:53,9,business,2501,1731,42,9,13,100,3,3.7,10.51,Muy Corto
1719,1720,2026-03-14 12:47:40,12,tech,4091,3410,114,39,40,606,3,5.66,17.3,Largo
1720,1721,2026-04-03 07:00:33,7,design,1374,1090,73,8,3,354,4,7.71,11.83,Corto
1721,1722,2026-06-20 07:29:38,7,tech,15264,12437,277,119,237,363,6,5.09,21.3,Corto
1722,1723,2026-05-22 20:05:48,20,design,8550,5816,397,21,30,264,5,7.7,12.4,Corto
1723,1724,2026-08-02 10:05:57,10,tech,6935,4979,168,42,46,476,8,5.14,14.14,Medio
1724,1725,2026-07-24 10:34:02,10,tech,11912,11134,352,94,192,388,7,5.73,20.33,Medio
1725,1726,2026-05-18 10:38:19,10,design,27374,21652,1696,66,114,325,5,8.66,13.26,Corto
1726,1727,2026-08-19 07:30:19,7,design,1770,1276,73,9,5,238,8,6.82,11.68,Corto
1727,1728,2026-07-26 15:50:42,15,tech,446,376,10,4,3,284,7,4.52,13.3,Corto
1728,1729,2026-07-12 06:03:13,6,tech,13309,12332,356,172,101,671,7,5.1,15.02,Largo
1729,1730,2026-07-10 00:07:43,0,tech,266,242,8,3,4,312,7,6.2,21.49,Corto
1730,1731,2026-05-19 06:23:27,6,tech,1623,1239,30,12,18,314,5,4.84,17.92,Corto
1731,1732,2026-08-16 15:58:13,15,design,9876,8821,736,69,26,265,8,9.42,13.83,Corto
1732,1733,2026-06-15 13:04:39,13,tech,481,425,11,3,3,419,6,4.0,11.06,Medio
1733,1734,2026-07-18 10:36:26,10,business,1535,1216,30,8,8,165,7,3.78,10.36,Muy Corto
1734,1735,2026-05-23 06:15:08,6,tech,3351,2303,86,32,37,369,5,6.73,22.15,Corto
1735,1736,2026-04-04 10:10:04,10,business,7979,6695,67,56,66,142,4,2.82,12.23,Muy Corto
1736,1737,2026-04-01 16:23:13,16,design,1503,1189,62,8,3,264,4,6.14,9.92,Corto
1737,1738,2026-07-28 10:04:53,10,design,1836,1412,113,4,3,309,7,8.5,10.84,Corto
1738,1739,2026-03-24 08:04:02,8,tech,4794,3936,91,59,39,505,3,4.8,16.23,Medio
1739,1740,2026-05-19 18:52:17,18,tech,2400,2082,81,24,40,347,5,6.96,23.87,Corto
1740,1741,2026-03-26 07:25:56,7,design,3239,2304,143,8,8,434,3,6.9,10.37,Medio
1741,1742,2026-05-07 08:13:11,8,design,2946,2534,169,18,9,308,5,7.73,12.35,Corto
1742,1743,2026-03-11 12:38:05,12,tech,2095,1492,44,12,19,153,3,5.03,16.35,Muy Corto
1743,1744,2026-04-20 09:27:21,9,design,7758,5175,366,31,27,284,4,8.19,13.64,Corto
1744,1745,2026-04-22 11:05:05,11,design,3036,2265,159,13,9,302,4,7.99,12.49,Corto
1745,1746,2026-07-17 12:16:56,12,design,1229,1022,68,2,3,316,7,7.14,9.78,Corto
1746,1747,2026-05-14 13:12:28,13,business,14943,13796,392,74,63,160,5,3.83,8.64,Muy Corto
1747,1748,2026-08-14 17:23:54,17,tech,2257,1484,37,14,15,255,8,4.45,14.35,Corto
1748,1749,2026-05-27 20:12:04,20,tech,1321,1147,23,6,13,406,5,3.66,13.16,Medio
1749,1750,2026-02-20 18:02:46,18,tech,75634,56671,1554,615,790,592,2,5.22,18.24,Largo
1750,1751,2026-03-10 10:23:56,10,tech,21029,16963,626,98,256,511,3,5.78,18.07,Medio
1751,1752,2026-06-22 07:43:47,7,business,2523,2102,51,9,10,133,6,3.33,7.94,Muy Corto
1752,1753,2026-04-30 15:20:45,15,tech,1941,1670,41,9,15,283,4,3.89,11.8,Corto
1753,1754,2026-03-05 07:01:13,7,tech,9881,7294,283,89,75,469,3,6.13,16.99,Medio
1754,1755,2026-05-31 13:32:15,13,business,4211,2971,37,9,26,178,5,2.42,9.46,Muy Corto
1755,1756,2026-04-14 11:13:57,11,tech,4719,4408,131,60,60,538,4,5.69,19.31,Medio
1756,1757,2026-07-29 13:31:36,13,design,621,407,25,2,1,333,7,6.88,10.07,Corto
1757,1758,2026-04-10 10:03:53,10,tech,7561,6336,229,79,61,359,4,5.82,16.3,Corto
1758,1759,2026-03-08 14:08:36,14,design,7009,5590,326,44,25,285,3,7.07,12.56,Corto
1759,1760,2026-06-07 10:37:18,10,tech,2335,2143,73,19,22,275,6,5.32,15.17,Corto
1760,1761,2026-08-19 09:41:52,9,tech,961,884,31,7,17,409,8,6.22,22.06,Medio
1761,1762,2026-03-24 11:37:43,11,design,5633,4449,298,24,18,293,3,7.64,12.09,Corto
1762,1763,2026-06-07 12:49:40,12,business,2977,2222,31,10,15,176,6,2.52,8.6,Muy Corto
1763,1764,2026-04-29 10:11:10,10,tech,1402,1036,24,7,11,570,4,4.05,13.51,Largo
1764,1765,2026-03-15 18:33:44,18,tech,6644,4373,99,59,52,262,3,4.8,17.17,Corto
1765,1766,2026-03-21 10:10:20,10,tech,3144,2372,85,29,22,477,3,5.73,15.89,Medio
1766,1767,2026-07-06 08:59:12,8,design,6939,6321,501,47,23,316,7,9.03,13.81,Corto
1767,1768,2026-04-04 08:34:43,8,design,2876,2117,176,10,11,346,4,9.31,14.36,Corto
1768,1769,2026-06-29 17:40:41,17,tech,13276,9428,241,111,81,364,6,4.59,14.14,Corto
1769,1770,2026-07-04 05:23:42,5,tech,17656,12047,478,166,192,456,7,6.94,22.23,Medio
1770,1771,2026-06-24 11:43:59,11,business,735,579,8,3,4,125,6,2.59,8.98,Muy Corto
1771,1772,2026-05-03 11:48:01,11,business,3258,2522,50,10,14,162,5,2.93,8.01,Muy Corto
1772,1773,2026-02-27 15:31:21,15,tech,5806,4666,181,34,46,446,2,5.59,14.68,Medio
1773,1774,2026-07-02 06:09:16,6,design,1482,1322,83,2,3,333,7,6.66,8.7,Corto
1774,1775,2026-08-03 16:06:43,16,design,4247,3776,251,11,18,268,8,7.42,11.63,Corto
1775,1776,2026-05-07 10:13:06,10,design,2122,1676,123,8,8,384,5,8.29,13.07,Medio
1776,1777,2026-03-15 09:37:47,9,tech,908,827,16,10,9,489,3,4.23,15.48,Medio
1777,1778,2026-08-16 10:31:03,10,tech,3495,2502,93,15,20,420,8,5.12,12.51,Medio
1778,1779,2026-07-07 17:07:46,17,business,9122,6782,203,54,45,123,7,4.45,11.49,Muy Corto
1779,1780,2026-03-10 12:50:28,12,design,2941,2573,199,17,14,341,3,8.94,14.73,Corto
1780,1781,2026-03-20 09:05:58,9,tech,3491,2977,98,16,25,255,3,4.67,12.16,Corto
1781,1782,2026-06-19 08:37:06,8,tech,5440,4379,169,54,56,493,6,6.37,19.02,Medio
1782,1783,2026-03-25 15:31:58,15,tech,822,773,17,10,11,350,3,4.92,18.76,Corto
1783,1784,2026-07-25 21:18:53,21,design,5090,4719,379,11,11,286,7,8.5,10.83,Corto
1784,1785,2026-05-31 17:41:08,17,design,28123,24958,2070,83,70,313,5,8.91,11.87,Corto
1785,1786,2026-08-14 09:39:31,9,tech,3429,2494,96,35,27,387,8,6.34,18.12,Medio
1786,1787,2026-07-31 17:59:47,17,tech,1015,863,25,8,10,449,7,4.98,15.87,Medio
1787,1788,2026-03-28 18:55:34,18,tech,4404,3410,72,24,48,460,3,4.22,16.19,Medio
1788,1789,2026-05-24 17:47:18,17,tech,2699,2219,83,14,24,504,5,5.45,14.92,Medio
1789,1790,2026-04-13 11:04:51,11,tech,5883,4885,98,58,94,341,4,5.12,22.15,Corto
1790,1791,2026-04-12 10:07:13,10,tech,2498,1894,42,13,29,181,4,4.44,17.21,Muy Corto
1791,1792,2026-06-20 08:10:33,8,tech,5031,4451,177,28,86,485,6,6.54,21.95,Medio
1792,1793,2026-07-23 07:03:59,7,design,2426,1687,135,6,7,333,7,8.77,12.74,Corto
1793,1794,2026-07-12 16:03:33,16,design,3583,2490,178,14,9,221,7,8.07,12.29,Corto
1794,1795,2026-07-19 18:45:18,18,tech,6620,5503,214,76,108,453,7,7.23,25.11,Medio
1795,1796,2026-02-26 09:50:53,9,business,1156,768,10,6,6,170,2,2.86,10.68,Muy Corto
1796,1797,2026-05-30 11:53:36,11,business,13027,9732,221,86,93,143,5,4.11,13.45,Muy Corto
1797,1798,2026-03-05 17:07:12,17,tech,3207,2648,103,30,43,454,3,6.65,21.41,Medio
1798,1799,2026-04-12 08:56:42,8,design,22165,20275,1598,103,107,256,4,8.92,14.14,Corto
1799,1800,2026-03-07 08:37:53,8,design,10360,8750,527,41,34,370,3,6.88,11.01,Corto
1800,1801,2026-03-18 13:45:12,13,tech,662,459,17,2,4,430,3,5.01,12.42,Medio
1801,1802,2026-05-13 14:27:04,14,design,3152,2472,181,9,10,385,5,8.09,12.01,Medio
1802,1803,2026-05-17 18:18:45,18,tech,2500,1908,47,15,34,227,5,5.03,19.86,Corto
1803,1804,2026-04-20 17:03:20,17,tech,1829,1675,66,23,29,381,4,7.04,23.28,Medio
1804,1805,2026-07-15 08:43:45,8,tech,812,648,15,4,9,411,7,4.32,15.9,Medio
1805,1806,2026-05-03 08:54:37,8,tech,20428,18166,582,262,259,617,5,6.07,20.38,Largo
1806,1807,2026-04-06 09:02:33,9,design,5665,5025,437,16,21,311,4,9.43,13.31,Corto
1807,1808,2026-03-29 14:40:00,14,tech,1702,1480,33,18,24,411,3,5.07,20.07,Medio
1808,1809,2026-05-19 09:11:39,9,tech,2267,1561,33,12,27,417,5,4.61,19.03,Medio
1809,1810,2026-07-03 15:27:44,15,business,1862,1608,30,14,12,142,7,3.48,11.32,Muy Corto
1810,1811,2026-04-07 18:46:49,18,business,12899,9322,179,75,88,127,4,3.67,12.69,Muy Corto
1811,1812,2026-04-26 09:52:13,9,tech,2459,2286,74,30,22,321,4,5.51,16.19,Corto
1812,1813,2026-07-13 09:52:18,9,tech,8791,7907,267,58,97,350,7,5.34,16.12,Corto
1813,1814,2026-03-29 10:14:51,10,tech,807,660,18,7,9,570,3,5.15,17.88,Largo
1814,1815,2026-03-30 15:56:08,15,tech,16094,14810,469,135,144,359,3,5.05,14.59,Corto
1815,1816,2026-07-17 13:35:45,13,tech,1030,896,30,12,8,390,7,5.58,15.85,Medio
1816,1817,2026-05-05 17:12:00,17,design,9284,6128,388,37,23,322,5,7.31,11.75,Corto
1817,1818,2026-07-02 10:58:45,10,business,518,491,7,1,3,161,7,2.24,7.13,Muy Corto
1818,1819,2026-07-01 10:18:11,10,tech,12338,10048,339,127,197,465,7,6.6,24.11,Medio
1819,1820,2026-05-22 07:16:30,7,design,884,713,37,4,1,379,5,5.89,8.56,Medio
1820,1821,2026-03-11 17:07:58,17,tech,8222,6406,145,61,76,437,3,4.4,15.56,Medio
1821,1822,2026-08-12 09:26:48,9,tech,56817,37167,1359,291,332,141,8,5.33,13.93,Muy Corto
1822,1823,2026-04-06 08:00:37,8,tech,42946,32012,959,394,538,429,4,5.91,21.36,Medio
1823,1824,2026-03-22 01:24:40,1,design,3582,2610,204,20,6,381,3,8.81,12.72,Medio
1824,1825,2026-04-17 04:29:21,4,tech,557,450,13,3,5,520,4,4.67,14.44,Medio
1825,1826,2026-02-22 14:26:09,14,tech,1835,1400,53,12,18,456,2,5.93,17.5,Medio
1826,1827,2026-05-15 06:23:29,6,tech,644,510,12,3,9,424,5,4.71,18.82,Medio
1827,1828,2026-03-12 12:35:15,12,business,5614,5329,74,41,41,119,3,2.93,10.62,Muy Corto
1828,1829,2026-08-15 10:22:55,10,tech,10237,9612,203,48,169,347,8,4.37,18.18,Corto
1829,1830,2026-03-27 12:26:25,12,design,682,480,33,3,1,314,3,7.71,11.04,Corto
1830,1831,2026-04-26 13:27:08,13,tech,3726,2905,78,37,33,419,4,5.09,16.87,Medio
1831,1832,2026-07-04 07:58:41,7,tech,2227,1954,75,26,30,335,7,6.7,21.44,Corto
1832,1833,2026-02-23 08:19:29,8,design,1679,1195,70,2,5,250,2,6.44,9.87,Corto
1833,1834,2026-06-12 21:01:14,21,tech,6024,5047,117,34,79,328,6,4.56,17.54,Corto
1834,1835,2026-04-10 07:04:17,7,business,1531,1166,28,5,7,167,4,3.43,8.92,Muy Corto
1835,1836,2026-06-18 13:16:21,13,design,26037,22318,1376,129,55,297,6,6.99,10.45,Corto
1836,1837,2026-07-05 00:48:42,0,tech,6572,4617,150,41,64,649,7,5.52,17.89,Largo
1837,1838,2026-06-20 13:49:48,13,tech,1432,1253,27,8,12,256,6,3.75,12.37,Corto
1838,1839,2026-03-07 11:56:04,11,design,9172,7728,588,56,31,265,3,8.73,13.72,Corto
1839,1840,2026-08-07 09:52:52,9,business,843,656,8,5,4,154,8,2.59,9.15,Muy Corto
1840,1841,2026-07-13 11:06:11,11,business,2406,1832,23,17,11,187,7,2.78,9.77,Muy Corto
1841,1842,2026-03-30 09:49:02,9,tech,4038,3006,112,19,32,463,3,5.42,14.77,Medio
1842,1843,2026-02-25 17:20:32,17,tech,1427,1317,33,16,11,371,2,4.56,14.05,Corto
1843,1844,2026-05-16 07:29:23,7,design,12880,11252,605,62,35,283,5,6.24,10.07,Corto
1844,1845,2026-03-22 06:01:29,6,tech,714,508,18,2,8,418,3,5.51,17.72,Medio
1845,1846,2026-03-10 11:31:35,11,tech,6798,5410,167,46,101,470,3,5.8,21.42,Medio
1846,1847,2026-03-04 18:19:21,18,tech,9255,7583,231,96,75,304,3,5.3,16.02,Corto
1847,1848,2026-05-15 10:37:25,10,design,4972,3251,273,13,7,333,5,9.01,11.72,Corto
1848,1849,2026-05-17 16:27:19,16,tech,1333,1046,29,7,13,200,5,4.68,15.39,Muy Corto
1849,1850,2026-06-27 15:50:50,15,business,3688,3073,82,27,21,144,6,4.23,11.65,Muy Corto
1850,1851,2026-05-25 21:55:40,21,tech,2148,1490,47,11,26,339,5,5.64,20.07,Corto
1851,1852,2026-07-28 18:09:11,18,design,2738,2275,156,6,11,237,7,7.6,11.78,Corto
1852,1853,2026-02-23 08:49:59,8,tech,4375,3032,79,37,59,489,2,5.77,23.05,Medio
1853,1854,2026-03-12 19:49:23,19,design,1151,944,69,6,3,363,3,8.26,12.39,Corto
1854,1855,2026-04-17 16:54:58,16,design,16253,13311,1128,76,47,325,4,9.4,13.58,Corto
1855,1856,2026-05-14 16:22:33,16,design,16657,14815,878,80,87,248,5,7.05,12.78,Corto
1856,1857,2026-04-09 19:04:05,19,design,1304,968,64,3,2,224,4,7.13,9.5,Corto
1857,1858,2026-04-23 14:22:44,14,design,2309,1809,111,11,7,333,4,7.13,11.66,Corto
1858,1859,2026-08-07 08:35:30,8,tech,12588,10335,360,148,201,487,8,6.86,24.77,Medio
1859,1860,2026-03-04 09:54:07,9,business,8708,5665,156,20,39,175,3,3.8,9.67,Muy Corto
1860,1861,2026-03-27 12:07:18,12,tech,1567,1422,56,7,19,446,3,5.77,16.6,Medio
1861,1862,2026-07-30 12:36:16,12,tech,835,544,13,6,5,394,7,4.41,14.15,Medio
1862,1863,2026-07-25 11:04:18,11,design,662,477,41,0,2,319,7,9.01,11.95,Corto
1863,1864,2026-07-16 16:24:36,16,tech,2974,2571,58,17,48,308,7,4.78,19.84,Corto
1864,1865,2026-03-09 17:45:34,17,design,5896,3862,203,14,20,383,3,6.14,10.85,Medio
1865,1866,2026-06-02 17:06:43,17,business,2712,2177,33,13,19,190,6,2.99,10.89,Muy Corto
1866,1867,2026-07-26 10:37:11,10,business,3668,2825,70,20,16,166,7,3.75,9.84,Muy Corto
1867,1868,2026-02-27 15:33:34,15,tech,9293,7195,235,79,88,368,2,5.59,17.44,Corto
1868,1869,2026-03-18 16:51:04,16,tech,11385,10760,291,140,125,377,3,5.17,17.2,Medio
1869,1870,2026-06-22 15:47:45,15,design,8483,6653,362,40,15,359,6,6.27,9.65,Corto
1870,1871,2026-04-18 17:15:16,17,design,8737,6932,435,26,26,321,4,7.03,10.78,Corto
1871,1872,2026-03-17 08:53:59,8,design,33919,31258,1600,167,73,213,3,5.89,9.12,Corto
1872,1873,2026-06-26 08:40:48,8,tech,21336,18013,459,140,292,276,6,4.95,18.63,Corto
1873,1874,2026-04-26 12:28:30,12,design,1450,1182,73,6,4,256,4,7.02,10.91,Corto
1874,1875,2026-03-23 10:08:04,10,tech,8652,8200,196,107,66,413,3,4.5,14.05,Medio
1875,1876,2026-06-01 14:19:59,14,design,2519,2070,138,11,11,349,6,7.73,13.04,Corto
1876,1877,2026-04-28 16:57:28,16,design,5849,5410,403,17,22,243,4,8.17,11.96,Corto
1877,1878,2026-06-21 09:20:45,9,tech,2573,2344,70,26,34,288,6,5.55,19.03,Corto
1878,1879,2026-05-06 12:23:41,12,design,13105,11988,675,86,35,317,5,6.64,10.84,Corto
1879,1880,2026-05-25 16:01:18,16,business,364,294,3,1,2,159,5,2.04,7.82,Muy Corto
1880,1881,2026-06-26 17:16:29,17,business,4379,3375,97,29,15,145,6,4.18,9.87,Muy Corto
1881,1882,2026-05-12 10:10:08,10,tech,695,566,19,5,6,335,5,5.3,15.37,Corto
1882,1883,2026-07-21 06:40:38,6,tech,260,240,9,2,2,293,7,5.42,13.75,Corto
1883,1884,2026-03-22 19:17:28,19,tech,1914,1668,50,16,22,420,3,5.28,17.39,Medio
1884,1885,2026-05-19 12:06:23,12,business,949,764,21,2,6,164,5,3.8,10.08,Muy Corto
1885,1886,2026-08-18 08:24:30,8,design,8342,7872,463,18,41,318,8,6.63,10.96,Corto
1886,1887,2026-04-19 10:20:06,10,tech,1434,1092,24,7,20,417,4,4.67,19.41,Medio
1887,1888,2026-04-01 09:03:21,9,business,3830,2800,57,15,23,130,4,3.39,10.75,Muy Corto
1888,1889,2026-07-19 07:35:19,7,design,634,496,28,3,1,254,7,6.45,9.68,Corto
1889,1890,2026-08-02 17:30:12,17,design,1235,897,57,4,3,347,8,7.13,10.81,Corto
1890,1891,2026-05-25 08:59:52,8,tech,4548,3120,100,20,47,431,5,5.35,17.82,Medio
1891,1892,2026-04-18 11:09:58,11,business,1074,825,17,7,6,117,4,3.64,11.27,Muy Corto
1892,1893,2026-03-21 15:23:22,15,design,1059,923,67,2,3,268,3,7.8,10.73,Corto
1893,1894,2026-07-20 08:58:39,8,business,4006,3123,60,11,19,152,7,2.88,8.2,Muy Corto
1894,1895,2026-08-17 09:59:52,9,design,1517,1049,56,8,3,344,8,6.39,10.68,Corto
1895,1896,2026-03-19 09:00:22,9,design,1073,760,44,4,2,220,3,6.58,10.0,Corto
1896,1897,2026-05-02 16:14:11,16,business,18705,16475,222,111,79,156,5,2.5,7.88,Muy Corto
1897,1898,2026-06-30 09:21:21,9,tech,32082,25267,988,244,266,396,6,5.93,16.2,Medio
1898,1899,2026-07-08 19:36:21,19,business,24891,18968,420,176,121,148,7,3.78,11.03,Muy Corto
1899,1900,2026-05-08 06:25:09,6,tech,1600,1392,49,7,15,637,5,5.1,14.15,Largo
1900,1901,2026-05-31 09:07:08,9,business,713,575,14,4,4,172,5,3.83,10.78,Muy Corto
1901,1902,2026-05-10 22:18:48,22,tech,17449,11814,354,160,147,322,5,5.6,18.37,Corto
1902,1903,2026-07-17 20:13:16,20,business,1104,740,15,3,5,158,7,3.11,9.05,Muy Corto
1903,1904,2026-05-23 17:27:19,17,design,4305,3899,265,27,19,253,5,7.98,13.46,Corto
1904,1905,2026-04-29 10:06:48,10,tech,1331,1069,28,15,20,426,4,5.89,23.2,Medio
1905,1906,2026-08-09 08:33:55,8,tech,9528,7710,304,83,78,160,8,6.03,16.34,Muy Corto
1906,1907,2026-03-01 18:02:49,18,design,2486,2023,114,10,5,298,3,6.38,9.59,Corto
1907,1908,2026-07-07 09:18:41,9,tech,4407,3979,124,49,70,488,7,6.11,22.12,Medio
1908,1909,2026-07-30 18:03:08,18,design,6302,4715,416,31,10,339,7,9.69,13.15,Corto
1909,1910,2026-03-21 15:20:14,15,business,2813,2111,54,19,17,155,3,4.26,12.6,Muy Corto
1910,1911,2026-03-05 09:23:59,9,tech,9126,6896,267,44,82,488,3,5.7,15.94,Medio
1911,1912,2026-06-16 18:51:39,18,tech,4204,3430,76,34,49,291,6,4.64,17.61,Corto
1912,1913,2026-03-03 17:47:41,17,tech,4032,3739,80,30,70,303,3,4.81,20.33,Corto
1913,1914,2026-07-04 14:16:12,14,design,8242,7753,679,33,46,321,7,9.78,15.21,Corto
1914,1915,2026-05-12 15:45:34,15,tech,9709,9070,322,83,75,241,5,5.29,13.83,Corto
1915,1916,2026-04-17 16:43:22,16,tech,7057,5430,110,57,53,265,4,4.05,14.03,Corto
1916,1917,2026-07-27 07:12:09,7,design,11839,7882,471,33,20,320,7,6.65,9.68,Corto
1917,1918,2026-06-21 14:01:31,14,business,817,647,11,5,5,80,6,3.25,10.97,Muy Corto
1918,1919,2026-07-24 09:41:54,9,tech,10060,6574,132,40,102,381,7,4.17,16.85,Medio
1919,1920,2026-05-01 14:04:16,14,tech,15603,10659,371,66,207,434,5,6.04,21.49,Medio
1920,1921,2026-04-12 08:31:08,8,tech,2502,2156,67,19,33,447,4,5.52,18.88,Medio
1921,1922,2026-06-26 13:05:35,13,tech,819,588,23,7,9,530,6,6.63,20.92,Medio
1922,1923,2026-05-04 13:42:58,13,tech,5751,5221,154,49,53,426,5,4.9,14.82,Medio
1923,1924,2026-07-05 16:28:58,16,tech,7758,6770,249,79,78,312,7,6.0,17.56,Corto
1924,1925,2026-04-16 17:47:52,17,tech,8624,6644,153,57,117,338,4,4.92,19.82,Corto
1925,1926,2026-04-25 09:57:33,9,tech,26028,24658,870,320,459,360,4,6.69,23.61,Corto
1926,1927,2026-03-13 16:51:34,16,design,617,443,39,1,1,253,3,9.26,11.51,Corto
1927,1928,2026-03-26 23:39:38,23,design,982,860,43,1,2,284,3,5.35,7.33,Corto
1928,1929,2026-05-09 08:03:12,8,business,49859,43049,537,169,224,108,5,2.16,6.98,Muy Corto
1929,1930,2026-05-19 18:31:54,18,business,5547,4157,121,33,27,177,5,4.35,11.28,Muy Corto
1930,1931,2026-03-17 14:05:27,14,design,2500,2024,151,14,9,422,3,8.6,13.78,Medio
1931,1932,2026-03-12 12:43:48,12,design,4784,4216,348,31,15,258,3,9.35,14.04,Corto
1932,1933,2026-03-28 09:49:13,9,tech,37260,32683,920,259,320,515,3,4.59,13.82,Medio
1933,1934,2026-05-23 10:46:04,10,design,1557,1381,72,5,6,236,5,6.01,10.14,Corto
1934,1935,2026-07-04 12:52:53,12,tech,2562,1716,43,24,30,267,7,5.65,22.09,Corto
1935,1936,2026-06-12 14:59:00,14,tech,2060,1400,28,16,21,450,6,4.64,18.57,Medio
1936,1937,2026-04-12 10:00:03,10,tech,1306,987,36,11,18,436,4,6.59,22.7,Medio
1937,1938,2026-05-17 08:53:26,8,business,18938,14994,353,135,114,82,5,4.01,12.04,Muy Corto
1938,1939,2026-04-01 09:14:58,9,tech,10561,7280,246,58,100,495,4,5.55,17.55,Medio
1939,1940,2026-05-21 09:15:04,9,tech,2446,2134,56,29,20,557,5,4.92,15.56,Largo
1940,1941,2026-02-24 09:42:57,9,design,745,695,51,3,2,255,2,8.06,11.37,Corto
1941,1942,2026-08-12 22:09:23,22,business,2606,2318,42,9,14,188,8,2.8,8.2,Muy Corto
1942,1943,2026-04-05 09:10:43,9,tech,1989,1737,37,19,21,477,4,4.43,16.18,Medio
1943,1944,2026-05-13 15:43:54,15,tech,913,728,22,4,11,277,5,5.08,17.31,Corto
1944,1945,2026-06-18 07:40:17,7,tech,12636,10707,334,84,145,279,6,5.26,17.09,Corto
1945,1946,2026-03-30 09:40:17,9,tech,2766,2354,56,15,24,315,3,4.04,13.08,Corto
1946,1947,2026-04-16 16:37:10,16,design,15131,11427,891,83,31,384,4,8.79,12.87,Medio
1947,1948,2026-06-22 13:19:42,13,design,4210,3386,242,21,17,301,6,8.27,13.64,Corto
1948,1949,2026-07-26 11:34:09,11,design,19893,13958,1164,42,51,316,7,9.01,12.47,Corto
1949,1950,2026-07-22 14:54:10,14,tech,3812,3383,86,49,62,256,7,5.82,23.0,Corto
1950,1951,2026-03-21 08:13:45,8,tech,763,629,20,4,5,272,3,4.61,12.08,Corto
1951,1952,2026-07-26 03:10:10,3,tech,239,210,6,1,4,548,7,5.24,20.0,Largo
1952,1953,2026-08-12 19:34:35,19,design,261,202,14,0,0,309,8,6.93,6.93,Corto
1953,1954,2026-03-26 17:04:42,17,business,7661,7005,161,38,59,158,3,3.68,11.21,Muy Corto
1954,1955,2026-04-15 09:18:58,9,design,5945,5308,461,29,10,253,4,9.42,12.38,Corto
1955,1956,2026-05-06 10:24:33,10,tech,3494,3251,95,23,57,345,5,5.38,19.78,Corto
1956,1957,2026-08-10 10:47:39,10,design,1418,1159,85,4,2,244,8,7.85,10.09,Corto
1957,1958,2026-07-03 12:36:22,12,tech,6995,6618,217,53,84,555,7,5.35,16.64,Largo
1958,1959,2026-07-23 08:46:41,8,tech,8475,7197,232,105,93,385,7,5.97,19.4,Medio
1959,1960,2026-07-02 18:22:48,18,business,886,725,21,2,3,150,7,3.59,7.31,Muy Corto
1960,1961,2026-03-09 17:05:14,17,tech,1899,1412,30,14,25,372,3,4.89,20.25,Corto
1961,1962,2026-04-18 09:54:55,9,business,6093,4314,78,16,30,152,4,2.87,8.85,Muy Corto
1962,1963,2026-05-25 16:02:58,16,business,447,298,5,2,2,123,5,3.02,9.73,Muy Corto
1963,1964,2026-07-19 13:07:09,13,tech,1693,1130,25,13,20,446,7,5.13,20.97,Medio
1964,1965,2026-06-25 19:34:07,19,tech,1379,1066,38,10,14,502,6,5.82,17.82,Medio
1965,1966,2026-04-18 17:59:54,17,design,7797,7083,506,53,37,247,4,8.41,14.32,Corto
1966,1967,2026-06-04 11:44:54,11,tech,1295,917,22,11,9,316,6,4.58,15.05,Corto
1967,1968,2026-06-26 17:28:34,17,design,374,353,26,1,1,268,6,7.93,10.76,Corto
1968,1969,2026-03-20 18:04:19,18,tech,2852,2223,67,16,19,261,3,4.59,12.73,Corto
1969,1970,2026-03-31 15:32:50,15,design,5283,4101,254,24,15,317,3,7.14,11.46,Corto
1970,1971,2026-04-14 14:48:40,14,business,2489,1857,35,11,7,149,4,2.85,7.27,Muy Corto
1971,1972,2026-05-02 11:10:06,11,design,269,242,16,0,0,268,5,6.61,6.61,Corto
1972,1973,2026-07-26 08:22:30,8,design,9182,8036,676,40,26,319,7,9.23,12.99,Corto
1973,1974,2026-08-09 17:46:47,17,design,5391,3589,238,14,21,293,8,7.61,12.87,Corto
1974,1975,2026-04-04 13:23:45,13,tech,1522,1276,37,8,24,493,4,5.41,20.45,Medio
1975,1976,2026-06-02 11:46:55,11,design,30305,24098,1220,135,90,349,6,6.0,10.29,Corto
1976,1977,2026-06-03 10:57:42,10,design,17210,15667,1327,116,60,327,6,9.59,14.5,Corto
1977,1978,2026-07-11 13:08:57,13,design,1986,1775,106,12,6,280,7,6.99,11.38,Corto
1978,1979,2026-05-10 07:54:33,7,design,1078,981,60,2,4,234,5,6.73,10.19,Corto
1979,1980,2026-07-08 19:48:37,19,tech,567,522,19,7,6,621,7,6.13,18.2,Largo
1980,1981,2026-06-18 13:12:35,13,business,7730,7095,106,23,56,145,6,2.61,9.11,Muy Corto
1981,1982,2026-05-23 08:29:28,8,design,1267,1129,85,8,5,189,5,8.68,13.91,Muy Corto
1982,1983,2026-04-23 10:34:47,10,tech,13757,9997,351,107,91,357,4,5.49,15.07,Corto
1983,1984,2026-05-09 18:03:01,18,tech,7132,6380,134,63,59,430,5,4.01,13.45,Medio
1984,1985,2026-05-15 12:40:58,12,tech,5321,3584,131,48,57,511,5,6.58,21.74,Medio
1985,1986,2026-07-15 13:27:06,13,design,7647,6249,549,13,29,355,7,9.46,13.33,Corto
1986,1987,2026-05-29 13:53:24,13,design,1583,1072,88,4,5,389,5,9.05,13.43,Medio
1987,1988,2026-06-05 09:10:36,9,business,10828,8298,237,31,35,145,6,3.65,7.72,Muy Corto
1988,1989,2026-08-02 12:47:00,12,business,14074,11907,273,84,58,113,8,3.49,9.01,Muy Corto
1989,1990,2026-03-30 08:08:48,8,tech,20266,18921,566,125,187,496,3,4.64,13.54,Medio
1990,1991,2026-03-10 18:15:15,18,design,2744,2395,211,15,11,338,3,9.9,14.99,Corto
1991,1992,2026-08-08 14:04:28,14,tech,524,395,12,3,3,435,8,4.56,12.15,Medio
1992,1993,2026-02-27 17:39:15,17,tech,15185,12165,380,179,172,341,2,6.01,20.32,Corto
1993,1994,2026-05-27 09:11:22,9,tech,6209,4081,114,36,45,403,5,4.78,15.14,Medio
1994,1995,2026-07-07 14:08:47,14,tech,12695,11143,251,102,110,396,7,4.16,13.81,Medio
1995,1996,2026-05-30 10:57:47,10,business,3279,2533,67,9,13,80,5,3.51,8.17,Muy Corto
1996,1997,2026-07-18 02:58:21,2,tech,158,140,4,1,1,306,7,4.29,11.43,Corto
1997,1998,2026-03-22 18:49:53,18,tech,1471,1263,50,17,24,416,3,7.21,24.54,Medio
1998,1999,2026-03-18 11:27:22,11,tech,2132,1575,59,23,17,340,3,6.29,18.22,Corto
1999,2000,2026-03-27 10:50:18,10,design,14512,11262,632,67,54,355,3,6.69,11.83,Corto
2000,2001,2026-07-27 16:53:33,16,tech,4917,3449,91,34,37,530,7,4.7,15.16,Medio
2001,2002,2026-04-04 08:23:38,8,tech,3798,2966,105,40,49,428,4,6.54,22.15,Medio
2002,2003,2026-08-13 09:08:11,9,design,6779,6314,368,47,16,359,8,6.83,10.83,Corto
2003,2004,2026-02-22 18:38:16,18,tech,1352,988,37,10,16,402,2,6.38,20.75,Medio
2004,2005,2026-02-23 15:31:53,15,tech,2580,2068,41,25,26,375,2,4.45,16.88,Medio
2005,2006,2026-05-12 10:31:16,10,tech,4938,3575,102,32,33,532,5,4.67,13.82,Medio
2006,2007,2026-02-26 17:59:47,17,business,2106,1422,29,11,8,150,2,3.38,9.63,Muy Corto
2007,2008,2026-06-11 08:29:58,8,tech,2897,2428,50,13,43,459,6,4.37,18.37,Medio
2008,2009,2026-04-11 02:19:29,2,tech,893,824,31,12,7,415,4,6.07,16.38,Medio
2009,2010,2026-02-24 12:52:36,12,tech,1109,895,24,12,10,301,2,5.14,16.98,Corto
2010,2011,2026-07-20 09:51:44,9,design,3843,3245,290,7,12,250,7,9.52,12.76,Corto
2011,2012,2026-03-19 18:20:32,18,tech,8062,5530,143,46,53,472,3,4.38,13.58,Medio
2012,2013,2026-07-25 16:07:03,16,tech,15150,12207,322,120,232,399,7,5.52,21.77,Medio
2013,2014,2026-08-01 15:21:23,15,tech,3129,2443,72,13,27,424,8,4.58,13.92,Medio
2014,2015,2026-08-13 09:21:40,9,tech,26571,23592,498,287,256,279,8,4.41,15.66,Corto
2015,2016,2026-04-29 09:04:05,9,tech,8263,6056,230,84,87,446,4,6.62,20.84,Medio
2016,2017,2026-05-03 19:59:35,19,design,622,465,25,1,2,337,5,6.02,9.68,Corto
2017,2018,2026-05-02 15:50:30,15,tech,578,475,18,2,6,286,5,5.47,15.58,Corto
2018,2019,2026-04-16 17:04:27,17,tech,1832,1378,45,18,17,407,4,5.81,18.36,Medio
2019,2020,2026-04-29 14:05:45,14,tech,346,291,9,4,5,449,4,6.19,22.34,Medio
2020,2021,2026-02-23 12:49:35,12,design,1366,1122,87,2,5,325,2,8.38,12.03,Corto
2021,2022,2026-06-17 12:36:13,12,tech,2039,1870,55,17,30,410,6,5.45,19.41,Medio
2022,2023,2026-04-29 03:40:02,3,design,5917,5363,404,18,18,322,4,8.2,11.56,Corto
2023,2024,2026-07-24 10:57:57,10,tech,10122,8980,214,85,81,639,7,4.23,13.39,Largo
2024,2025,2026-07-20 21:18:11,21,tech,767,573,16,4,4,601,7,4.19,11.17,Largo
2025,2026,2026-06-01 08:54:06,8,tech,15544,14378,370,140,167,450,6,4.71,15.76,Medio
2026,2027,2026-06-06 12:14:17,12,design,3061,2809,240,21,7,309,6,9.54,13.53,Corto
2027,2028,2026-07-15 07:43:10,7,business,3841,2583,41,19,22,139,7,3.17,11.34,Muy Corto
2028,2029,2026-08-07 23:39:36,23,tech,4961,3419,92,42,62,476,8,5.73,22.11,Medio
2029,2030,2026-05-26 18:03:55,18,tech,25631,23660,511,324,447,610,5,5.42,22.75,Largo
2030,2031,2026-07-17 14:17:52,14,tech,3425,3141,101,36,27,347,7,5.22,14.68,Corto
2031,2032,2026-07-09 17:17:30,17,tech,2193,1557,47,21,16,441,7,5.39,16.63,Medio
2032,2033,2026-07-12 04:03:11,4,tech,339,257,6,1,3,237,7,3.89,13.23,Corto
2033,2034,2026-04-06 14:28:09,14,design,3918,3576,228,22,20,305,4,7.55,13.31,Corto
2034,2035,2026-06-11 07:28:03,7,design,39866,25917,1780,59,59,284,6,7.32,9.6,Corto
2035,2036,2026-06-24 18:02:44,18,business,7737,6499,121,32,42,170,6,3.0,9.0,Muy Corto
2036,2037,2026-08-15 17:34:32,17,tech,6762,6018,206,86,116,455,8,6.78,24.56,Medio
2037,2038,2026-03-24 20:51:17,20,design,1716,1219,61,8,5,282,3,6.07,10.91,Corto
2038,2039,2026-04-22 16:27:20,16,tech,4650,3046,109,16,36,573,4,5.29,15.13,Largo
2039,2040,2026-03-27 07:13:32,7,design,846,607,41,4,2,221,3,7.74,12.03,Corto
2040,2041,2026-05-02 15:36:23,15,business,3239,2289,59,6,12,116,5,3.36,7.82,Muy Corto
2041,2042,2026-03-03 18:08:57,18,tech,988,794,18,9,15,331,3,5.29,21.91,Corto
2042,2043,2026-03-10 09:01:06,9,design,490,458,34,1,1,294,3,7.86,10.04,Corto
2043,2044,2026-03-27 18:04:26,18,design,186685,138285,10510,440,291,282,3,8.13,10.56,Corto
2044,2045,2026-03-30 11:49:46,11,tech,1531,1328,32,8,16,319,3,4.22,14.46,Corto
2045,2046,2026-05-19 14:55:58,14,tech,18322,14751,417,161,283,385,5,5.84,22.54,Medio
2046,2047,2026-05-07 15:22:17,15,tech,5243,3549,112,49,68,234,5,6.45,24.01,Corto
2047,2048,2026-03-04 15:15:34,15,business,4209,3047,47,14,23,158,3,2.76,9.42,Muy Corto
2048,2049,2026-03-15 10:03:47,10,tech,16415,14362,332,145,189,362,3,4.64,16.88,Corto
2049,2050,2026-05-20 11:06:19,11,tech,3564,2382,73,27,20,259,5,5.04,14.32,Corto
2050,2051,2026-04-23 11:02:47,11,tech,10164,8762,187,63,112,518,4,4.13,15.24,Medio
2051,2052,2026-05-29 12:07:40,12,tech,4344,4010,110,44,51,404,5,5.11,17.31,Medio
2052,2053,2026-05-22 18:40:03,18,business,3391,2453,26,16,23,128,5,2.65,11.17,Muy Corto
2053,2054,2026-06-12 10:28:23,10,business,3225,2597,72,17,24,218,6,4.35,12.78,Corto
2054,2055,2026-06-19 10:17:01,10,tech,6538,5803,209,64,89,281,6,6.24,20.28,Corto
2055,2056,2026-06-05 08:16:33,8,design,1083,929,47,4,3,384,6,5.81,9.36,Medio
2056,2057,2026-04-22 20:32:43,20,tech,3116,2753,91,25,39,426,4,5.63,18.27,Medio
2057,2058,2026-05-24 18:52:20,18,tech,833,742,20,7,11,379,5,5.12,18.33,Medio
2058,2059,2026-07-25 16:19:10,16,tech,6351,5578,147,44,101,358,7,5.23,20.28,Corto
2059,2060,2026-04-01 07:34:22,7,tech,259,214,4,2,3,292,4,4.21,16.82,Corto
2060,2061,2026-06-01 18:09:03,18,tech,7194,5662,145,72,48,343,6,4.68,14.43,Corto
2061,2062,2026-04-30 12:59:17,12,tech,13051,8586,253,110,166,384,4,6.16,23.54,Medio
2062,2063,2026-05-05 06:47:22,6,design,72058,49166,3983,245,281,215,5,9.17,14.67,Corto
2063,2064,2026-03-19 16:30:17,16,business,513,385,4,1,1,145,3,1.56,4.16,Muy Corto
2064,2065,2026-03-29 09:14:42,9,tech,884,685,26,7,7,162,3,5.84,16.06,Muy Corto
2065,2066,2026-03-20 17:47:50,17,business,3261,2177,64,14,19,150,3,4.46,12.49,Muy Corto
2066,2067,2026-07-04 11:15:48,11,tech,698,477,10,5,6,525,7,4.4,16.35,Medio
2067,2068,2026-04-13 18:51:04,18,design,1383,1038,63,3,5,293,4,6.84,11.08,Corto
2068,2069,2026-03-05 17:28:25,17,tech,1475,1373,36,14,17,467,3,4.88,16.61,Medio
2069,2070,2026-03-22 10:15:19,10,tech,8170,7744,210,92,121,211,3,5.46,19.96,Corto
2070,2071,2026-06-08 09:15:56,9,tech,12191,10364,257,55,120,531,6,4.17,13.87,Medio
2071,2072,2026-05-27 05:24:23,5,business,348,286,7,2,2,137,5,3.85,10.84,Muy Corto
2072,2073,2026-05-30 18:41:20,18,tech,1543,1086,38,5,17,483,5,5.52,17.86,Medio
2073,2074,2026-08-08 13:49:42,13,tech,650,431,10,5,3,449,8,4.18,12.53,Medio
2074,2075,2026-04-08 11:00:47,11,design,10883,7308,585,21,36,249,4,8.78,13.1,Corto
2075,2076,2026-07-12 20:57:19,20,tech,268,252,7,3,4,624,7,5.56,20.24,Largo
2076,2077,2026-04-25 10:55:43,10,business,10357,7434,160,27,60,130,4,3.32,10.06,Muy Corto
2077,2078,2026-02-24 23:35:29,23,tech,4058,3589,93,46,69,392,2,5.8,23.1,Medio
2078,2079,2026-04-01 09:01:02,9,design,7124,5789,506,18,21,395,4,9.41,12.89,Medio
2079,2080,2026-08-16 01:49:18,1,tech,897,613,13,3,5,478,8,3.43,10.6,Medio
2080,2081,2026-08-08 13:00:34,13,tech,3522,2643,56,14,44,330,8,4.31,17.56,Corto
2081,2082,2026-07-31 08:34:13,8,design,1036,755,42,5,4,215,7,6.75,12.45,Corto
2082,2083,2026-07-06 10:38:02,10,tech,4311,2959,107,15,36,213,7,5.34,15.38,Corto
2083,2084,2026-03-10 15:08:24,15,business,1672,1550,18,13,6,152,3,2.39,7.61,Muy Corto
2084,2085,2026-08-06 17:56:50,17,business,1177,1072,11,8,8,147,8,2.52,9.98,Muy Corto
2085,2086,2026-04-04 11:53:03,11,tech,6985,4604,139,29,38,333,4,4.47,12.14,Corto
2086,2087,2026-04-15 14:24:23,14,tech,512,465,11,5,8,300,4,5.16,20.43,Corto
2087,2088,2026-06-02 09:10:29,9,tech,6243,4432,118,46,80,439,6,5.51,21.25,Medio
2088,2089,2026-07-02 11:14:15,11,tech,14174,13425,532,193,234,394,7,7.14,23.66,Medio
2089,2090,2026-06-27 09:38:50,9,tech,6097,4475,153,33,72,491,6,5.77,19.24,Medio
2090,2091,2026-04-12 07:01:05,7,design,1940,1549,82,7,8,340,4,6.26,11.23,Corto
2091,2092,2026-04-30 16:32:50,16,design,18415,12763,925,38,44,297,4,7.89,11.2,Corto
2092,2093,2026-03-23 15:26:32,15,business,4426,3654,57,32,26,151,3,3.15,10.76,Muy Corto
2093,2094,2026-04-05 17:56:57,17,tech,12203,8552,239,82,142,447,4,5.41,19.91,Medio
2094,2095,2026-06-17 10:07:10,10,tech,14134,12358,355,147,115,339,6,4.99,15.08,Corto
2095,2096,2026-04-24 13:59:44,13,design,2338,1782,104,13,5,337,4,6.85,11.0,Corto
2096,2097,2026-07-15 09:14:26,9,business,1872,1754,32,16,14,141,7,3.53,11.86,Muy Corto
2097,2098,2026-03-09 09:30:58,9,design,6133,4360,303,12,24,287,3,7.78,12.45,Corto
2098,2099,2026-04-29 07:13:24,7,tech,7644,5213,183,64,83,289,4,6.33,21.16,Corto
2099,2100,2026-06-06 21:28:26,21,design,6876,6478,498,25,28,388,6,8.51,12.69,Medio
2100,2101,2026-04-20 11:34:22,11,tech,8939,6661,256,58,74,354,4,5.82,16.21,Corto
2101,2102,2026-03-25 10:53:39,10,business,7824,6126,170,22,25,189,3,3.54,7.48,Muy Corto
2102,2103,2026-06-14 20:03:28,20,tech,8600,7924,292,94,106,248,6,6.21,19.13,Corto
2103,2104,2026-03-24 08:13:16,8,design,2470,2144,122,16,4,327,3,6.62,10.17,Corto
2104,2105,2026-06-11 10:56:13,10,tech,4681,4386,125,54,72,211,6,5.72,20.91,Corto
2105,2106,2026-04-02 08:11:30,8,tech,2924,2756,71,34,40,428,4,5.26,19.12,Medio
2106,2107,2026-03-14 17:17:02,17,tech,1783,1188,39,14,22,287,3,6.31,22.81,Corto
2107,2108,2026-03-23 14:42:57,14,tech,259,202,7,1,2,538,3,4.95,13.37,Medio
2108,2109,2026-07-20 11:57:16,11,business,18387,15458,423,110,109,144,7,4.15,11.22,Muy Corto
2109,2110,2026-04-09 09:04:04,9,design,5626,5104,303,11,14,288,4,6.43,8.99,Corto
2110,2111,2026-08-19 14:23:13,14,tech,295,238,6,1,2,576,8,3.78,10.92,Largo
2111,2112,2026-06-02 17:19:47,17,design,852,623,35,1,2,272,6,6.1,8.83,Corto
2112,2113,2026-04-20 18:59:27,18,tech,8342,5929,120,52,97,366,4,4.54,18.62,Corto
2113,2114,2026-03-17 11:05:10,11,design,1522,1351,72,5,5,179,3,6.07,9.77,Muy Corto
2114,2115,2026-06-08 07:32:38,7,tech,3520,2600,53,17,30,448,6,3.85,13.88,Medio
2115,2116,2026-05-14 13:02:32,13,design,4656,3303,203,20,14,316,5,7.18,11.96,Corto
2116,2117,2026-04-14 11:07:01,11,tech,2195,1837,66,21,19,315,4,5.77,16.44,Corto
2117,2118,2026-07-08 14:27:22,14,tech,2994,2078,42,19,19,437,7,3.85,12.99,Medio
2118,2119,2026-06-12 17:41:02,17,tech,9979,8804,183,127,114,422,6,4.82,18.21,Medio
2119,2120,2026-04-20 08:22:57,8,tech,2641,1834,37,22,27,434,4,4.69,18.59,Medio
2120,2121,2026-07-07 19:24:49,19,business,197,158,2,1,0,201,7,1.9,3.8,Muy Corto
2121,2122,2026-06-16 07:21:08,7,tech,550,375,11,5,4,417,6,5.33,16.8,Medio
2122,2123,2026-06-10 06:22:20,6,business,9630,8656,251,29,74,119,6,4.09,11.08,Muy Corto
2123,2124,2026-04-21 12:38:17,12,design,7240,5901,330,15,11,375,4,6.03,8.1,Medio
2124,2125,2026-06-26 10:23:51,10,design,8246,5875,362,32,32,294,6,7.25,12.7,Corto
2125,2126,2026-07-26 10:20:44,10,tech,12028,11377,293,147,174,472,7,5.4,19.98,Medio
2126,2127,2026-03-14 20:43:17,20,tech,9019,7143,148,95,68,398,3,4.35,15.01,Medio
2127,2128,2026-05-11 08:27:59,8,tech,5408,4890,116,29,48,483,5,3.95,12.6,Medio
2128,2129,2026-07-04 10:10:38,10,tech,643,473,17,4,6,361,7,5.71,17.12,Corto
2129,2130,2026-05-03 09:06:31,9,design,4121,3117,211,6,12,302,5,7.35,10.62,Corto
2130,2131,2026-07-21 05:40:40,5,design,203,190,15,0,0,361,7,7.89,7.89,Corto
2131,2132,2026-04-30 13:24:13,13,design,358,337,27,1,1,284,4,8.61,11.57,Corto
2132,2133,2026-03-20 23:14:28,23,tech,4007,3281,98,36,34,331,3,5.12,15.67,Corto
2133,2134,2026-07-17 14:22:30,14,design,378767,246800,12770,1526,1454,399,7,6.38,12.36,Medio
2134,2135,2026-02-26 10:56:14,10,design,2679,2531,185,19,14,344,2,8.61,14.74,Corto
2135,2136,2026-05-06 11:16:21,11,business,8146,6200,62,33,31,188,5,2.03,7.13,Muy Corto
2136,2137,2026-06-26 00:35:40,0,business,15359,12817,202,123,62,174,6,3.02,9.28,Muy Corto
2137,2138,2026-03-10 17:06:47,17,tech,827,643,16,7,6,464,3,4.51,14.31,Medio
2138,2139,2026-08-04 16:39:39,16,tech,300,242,7,1,3,233,8,4.55,14.46,Corto
2139,2140,2026-08-13 18:32:25,18,design,1750,1159,96,6,5,370,8,9.23,13.81,Corto
2140,2141,2026-05-18 07:40:55,7,design,2540,2030,119,8,7,259,5,6.6,10.2,Corto
2141,2142,2026-04-18 18:53:26,18,tech,3282,2747,86,29,45,336,4,5.82,20.46,Corto
2142,2143,2026-07-16 19:00:11,19,design,564,406,26,2,1,269,7,7.14,10.34,Corto
2143,2144,2026-05-07 09:23:06,9,tech,1516,995,26,5,8,450,5,3.92,11.06,Medio
2144,2145,2026-03-21 17:48:40,17,business,18342,13765,362,129,63,180,3,4.02,10.04,Muy Corto
2145,2146,2026-06-07 09:09:22,9,tech,5045,4707,136,66,52,534,6,5.4,17.34,Medio
2146,2147,2026-04-17 09:57:31,9,business,3214,2411,57,19,20,191,4,3.98,12.15,Muy Corto
2147,2148,2026-05-30 11:07:42,11,design,5036,3714,288,15,20,276,5,8.7,13.68,Corto
2148,2149,2026-06-08 11:31:20,11,design,1608,1404,120,4,6,304,6,9.26,13.11,Corto
2149,2150,2026-04-05 19:57:40,19,business,3367,2470,46,8,23,135,4,3.12,10.61,Muy Corto
2150,2151,2026-04-11 11:19:47,11,business,2105,1397,29,4,12,170,4,3.22,10.09,Muy Corto
2151,2152,2026-03-29 09:38:57,9,design,38072,25804,1535,78,99,288,3,6.63,10.23,Corto
2152,2153,2026-07-13 15:16:08,15,design,12456,11448,658,23,23,218,7,6.15,8.16,Corto
2153,2154,2026-07-07 15:53:18,15,tech,14348,9577,335,48,150,545,7,5.57,18.03,Medio
2154,2155,2026-03-19 16:36:50,16,business,937,853,9,3,7,157,3,2.23,9.03,Muy Corto
2155,2156,2026-03-13 14:05:46,14,tech,2588,2060,69,19,29,395,3,5.68,18.3,Medio
2156,2157,2026-05-12 08:12:52,8,business,12338,9866,242,85,51,169,5,3.83,10.03,Muy Corto
2157,2158,2026-06-14 19:08:07,19,design,589,423,31,2,1,397,6,8.04,11.11,Medio
2158,2159,2026-07-18 16:06:49,16,business,2622,1750,23,10,7,106,7,2.29,6.8,Muy Corto
2159,2160,2026-05-21 09:55:03,9,design,5597,4749,382,11,14,353,5,8.57,11.33,Corto
2160,2161,2026-05-30 10:12:16,10,design,3881,2749,181,17,9,246,5,7.53,11.68,Corto
2161,2162,2026-03-03 11:56:14,11,business,15677,10984,150,107,75,178,3,3.02,10.72,Muy Corto
2162,2163,2026-07-21 12:06:49,12,tech,2052,1339,37,18,21,423,7,5.68,20.69,Medio
2163,2164,2026-03-12 12:01:24,12,tech,1670,1137,24,9,22,296,3,4.84,20.76,Corto
2164,2165,2026-05-25 11:22:05,11,design,1165,1044,77,8,6,389,5,8.72,15.04,Medio
2165,2166,2026-03-10 12:12:31,12,tech,4931,3955,155,40,61,413,3,6.47,20.3,Medio
2166,2167,2026-05-04 15:02:16,15,tech,13294,10357,282,92,132,293,5,4.89,16.47,Corto
2167,2168,2026-03-26 18:11:32,18,business,11757,8000,229,70,74,118,3,4.66,13.76,Muy Corto
2168,2169,2026-07-12 14:28:10,14,design,698,608,33,1,2,282,7,5.92,8.72,Corto
2169,2170,2026-03-29 20:18:17,20,tech,19441,16147,540,91,294,563,3,5.73,20.16,Largo
2170,2171,2026-03-19 17:14:38,17,tech,832,721,24,3,6,210,3,4.58,11.65,Corto
2171,2172,2026-04-15 12:11:16,12,tech,18395,12773,387,127,221,536,4,5.75,20.85,Medio
2172,2173,2026-03-26 16:55:53,16,design,365,264,16,0,1,293,3,6.44,9.09,Corto
2173,2174,2026-06-07 08:47:38,8,tech,3689,2837,88,41,49,231,6,6.27,22.7,Corto
2174,2175,2026-03-23 08:13:57,8,tech,5931,4496,151,52,76,378,3,6.21,21.51,Medio
2175,2176,2026-05-10 15:11:41,15,business,8999,7008,108,51,69,146,5,3.25,12.33,Muy Corto
2176,2177,2026-05-08 08:38:55,8,design,6561,5660,496,17,29,244,5,9.58,14.06,Corto
2177,2178,2026-06-01 08:45:50,8,design,1065,764,43,2,1,258,6,6.02,7.72,Corto
2178,2179,2026-04-09 10:47:09,10,business,2548,2416,43,15,18,168,4,3.15,10.22,Muy Corto
2179,2180,2026-03-22 09:50:20,9,design,12768,10109,779,25,48,355,3,8.43,12.49,Corto
2180,2181,2026-07-23 17:57:43,17,design,1524,1024,81,5,6,317,7,8.98,14.55,Corto
2181,2182,2026-04-20 10:46:36,10,tech,879,681,27,7,7,250,4,6.02,16.3,Corto
2182,2183,2026-04-06 20:51:40,20,design,1731,1330,92,4,4,286,4,7.52,10.53,Corto
2183,2184,2026-08-06 10:30:31,10,tech,6817,5358,152,36,84,366,8,5.08,18.07,Corto
2184,2185,2026-03-08 12:49:28,12,tech,1049,951,19,8,8,527,3,3.68,12.09,Medio
2185,2186,2026-04-19 00:38:19,0,design,3246,2908,179,12,12,314,4,6.98,11.11,Corto
2186,2187,2026-06-06 15:21:08,15,design,2655,1757,133,12,4,355,6,8.48,12.12,Corto
2187,2188,2026-03-25 21:22:24,21,design,796,721,39,3,3,381,3,6.24,10.4,Medio
2188,2189,2026-02-22 19:46:01,19,tech,918,865,17,12,12,327,2,4.74,18.61,Corto
2189,2190,2026-04-13 19:47:30,19,tech,443,415,10,3,6,313,4,4.58,16.87,Corto
2190,2191,2026-03-10 15:47:33,15,tech,547,449,12,2,7,249,3,4.68,16.93,Corto
2191,2192,2026-08-10 16:50:46,16,tech,3410,3062,66,26,49,535,8,4.6,18.35,Medio
2192,2193,2026-04-12 20:38:42,20,tech,4484,3544,94,47,69,524,4,5.93,23.53,Medio
2193,2194,2026-08-03 15:52:31,15,design,728,679,51,2,3,304,8,8.25,12.22,Corto
2194,2195,2026-06-05 17:21:23,17,business,9469,7506,220,23,31,122,6,3.65,7.46,Muy Corto
2195,2196,2026-04-08 18:19:15,18,design,2507,1860,119,7,7,298,4,7.15,10.91,Corto
2196,2197,2026-03-18 09:36:05,9,design,3170,2334,143,13,6,346,3,6.94,10.41,Corto
2197,2198,2026-03-16 09:12:03,9,tech,16652,15693,610,108,166,302,3,5.63,15.1,Corto
2198,2199,2026-03-15 11:47:40,11,tech,1634,1349,38,16,21,324,3,5.56,20.01,Corto
2199,2200,2026-03-07 09:46:58,9,tech,1124,732,22,5,8,417,3,4.78,14.48,Medio
2200,2201,2026-08-11 10:28:21,10,business,1346,971,21,5,6,167,8,3.3,9.17,Muy Corto
2201,2202,2026-02-24 08:02:38,8,business,1838,1736,45,16,10,175,2,4.09,10.89,Muy Corto
2202,2203,2026-07-22 08:36:14,8,tech,11233,10462,390,57,87,278,7,5.1,12.56,Corto
2203,2204,2026-06-10 16:14:24,16,tech,12152,10420,265,121,139,396,6,5.04,17.86,Medio
2204,2205,2026-08-12 18:30:25,18,design,1446,966,65,7,4,306,8,7.87,12.94,Corto
2205,2206,2026-03-27 09:13:35,9,design,44714,31186,1961,208,78,270,3,7.21,10.96,Corto
2206,2207,2026-02-22 16:25:03,16,design,3872,3564,258,13,7,242,2,7.8,10.27,Corto
2207,2208,2026-04-23 16:11:36,16,tech,3562,2582,74,13,20,369,4,4.14,11.08,Corto
2208,2209,2026-05-17 16:48:40,16,tech,1646,1398,45,8,25,644,5,5.58,19.81,Largo
2209,2210,2026-03-07 18:50:27,18,tech,3391,3118,62,40,36,502,3,4.43,16.36,Medio
2210,2211,2026-03-09 18:08:34,18,tech,8145,7704,265,93,80,414,3,5.69,16.58,Medio
2211,2212,2026-08-18 09:07:57,9,tech,16553,12131,350,75,240,443,8,5.48,21.19,Medio
2212,2213,2026-06-14 13:33:10,13,tech,1079,866,18,12,12,213,6,4.85,18.71,Corto
2213,2214,2026-07-08 11:52:54,11,design,4586,3036,230,15,14,326,7,8.53,13.24,Corto
2214,2215,2026-05-26 09:25:42,9,tech,22181,20400,738,264,227,335,5,6.02,17.7,Corto
2215,2216,2026-07-14 00:14:26,0,tech,5394,3705,105,53,47,543,7,5.53,18.7,Medio
2216,2217,2026-08-01 03:33:00,3,business,370,331,9,2,1,124,8,3.63,7.55,Muy Corto
2217,2218,2026-08-09 10:09:13,10,tech,28740,20483,488,139,386,572,8,4.95,20.17,Largo
2218,2219,2026-06-07 04:56:50,4,tech,7966,6606,145,52,71,406,6,4.06,13.94,Medio
2219,2220,2026-04-02 17:04:13,17,tech,3595,3151,106,24,58,510,4,5.97,21.14,Medio
2220,2221,2026-05-26 10:20:05,10,business,9497,6403,183,31,38,194,5,3.94,9.54,Muy Corto
2221,2222,2026-05-08 11:36:57,11,design,5249,4219,335,31,16,327,5,9.05,13.91,Corto
2222,2223,2026-04-07 15:34:03,15,tech,5146,4501,120,49,70,269,4,5.31,19.46,Corto
2223,2224,2026-04-13 12:05:24,12,design,4966,3406,208,24,13,259,4,7.19,11.98,Corto
2224,2225,2026-05-30 11:35:59,11,design,3076,2721,170,18,13,354,5,7.39,12.72,Corto
2225,2226,2026-03-24 11:43:33,11,design,6727,6046,540,31,21,379,3,9.79,13.76,Medio
2226,2227,2026-08-08 10:33:45,10,design,19351,16213,927,43,48,361,8,6.28,9.15,Corto
2227,2228,2026-05-30 14:07:19,14,tech,1524,1281,41,13,19,411,5,5.7,19.13,Medio
2228,2229,2026-08-02 10:41:04,10,design,1629,1437,106,3,3,281,8,7.79,9.88,Corto
2229,2230,2026-07-05 09:33:26,9,business,8900,8382,162,55,56,132,7,3.26,9.9,Muy Corto
2230,2231,2026-06-14 14:06:51,14,tech,2101,1651,54,8,30,528,6,5.57,19.75,Medio
2231,2232,2026-04-04 14:47:59,14,tech,4500,3312,97,43,60,417,4,6.04,22.61,Medio
2232,2233,2026-04-25 17:08:22,17,tech,3784,2599,92,17,42,463,4,5.81,19.08,Medio
2233,2234,2026-03-31 18:47:25,18,tech,16203,12667,378,66,150,468,3,4.69,14.54,Medio
2234,2235,2026-03-16 10:02:01,10,design,2783,1862,148,11,6,443,3,8.86,12.89,Medio
2235,2236,2026-06-05 17:03:08,17,business,2854,2325,62,16,20,168,6,4.22,12.3,Muy Corto
2236,2237,2026-04-28 09:30:04,9,business,1712,1545,17,11,8,100,4,2.33,8.09,Muy Corto
2237,2238,2026-06-01 16:41:51,16,tech,2796,2206,75,26,35,359,6,6.17,20.81,Corto
2238,2239,2026-08-16 20:18:03,20,design,855,682,39,3,3,376,8,6.6,11.0,Medio
2239,2240,2026-07-13 10:23:15,10,design,3886,3587,257,7,13,216,7,7.72,10.84,Corto
2240,2241,2026-06-18 13:46:18,13,tech,2187,1780,49,17,23,167,6,5.0,16.91,Muy Corto
2241,2242,2026-02-22 19:55:33,19,business,10336,9169,107,52,90,108,2,2.72,11.29,Muy Corto
2242,2243,2026-02-24 08:54:17,8,design,485,351,22,2,1,282,2,7.12,10.83,Corto
2243,2244,2026-06-22 09:25:45,9,tech,3807,2935,61,29,37,439,6,4.33,16.12,Medio
2244,2245,2026-04-19 15:48:58,15,design,3805,2918,153,15,15,289,4,6.27,11.41,Corto
2245,2246,2026-08-18 10:28:30,10,tech,2918,2199,76,20,37,452,8,6.05,20.55,Medio
2246,2247,2026-03-26 13:08:32,13,business,1045,770,9,4,6,132,3,2.47,9.48,Muy Corto
2247,2248,2026-08-18 10:38:03,10,business,70224,50668,920,443,219,140,8,3.12,8.77,Muy Corto
2248,2249,2026-06-10 14:08:38,14,tech,4055,3712,141,22,40,272,6,5.47,14.79,Corto
2249,2250,2026-06-28 04:26:25,4,design,302,197,15,1,0,261,6,8.12,9.64,Corto
2250,2251,2026-06-02 14:49:58,14,design,12262,9384,769,26,18,280,6,8.66,10.84,Corto
2251,2252,2026-06-20 09:28:46,9,business,593,542,11,3,5,146,6,3.51,11.62,Muy Corto
2252,2253,2026-04-29 01:24:01,1,business,1731,1171,21,8,8,159,4,3.16,9.99,Muy Corto
2253,2254,2026-05-10 08:26:45,8,design,7936,7436,557,50,33,363,5,8.61,13.73,Corto
2254,2255,2026-04-01 09:58:14,9,design,3759,2961,256,13,14,351,4,9.56,14.18,Corto
2255,2256,2026-05-24 14:04:50,14,business,449,395,9,2,3,168,5,3.54,10.38,Muy Corto
2256,2257,2026-08-03 10:04:35,10,business,1291,1123,32,4,8,161,8,3.92,9.97,Muy Corto
2257,2258,2026-07-17 18:52:04,18,design,24014,18247,1548,114,37,280,7,9.31,12.6,Corto
2258,2259,2026-08-13 18:53:18,18,business,6086,5468,67,47,22,171,8,2.49,7.88,Muy Corto
2259,2260,2026-03-25 19:59:35,19,design,4907,4058,357,31,23,235,3,10.13,16.39,Corto
2260,2261,2026-06-09 08:48:06,8,design,2548,1889,148,13,6,374,6,8.84,13.13,Corto
2261,2262,2026-03-27 12:29:08,12,design,1324,970,70,4,2,336,3,7.84,10.52,Corto
2262,2263,2026-04-19 07:24:09,7,tech,4672,4228,143,56,59,471,4,6.1,19.84,Medio
2263,2264,2026-06-30 11:55:25,11,tech,1042,683,22,4,10,358,6,5.27,17.28,Corto
2264,2265,2026-05-18 10:28:04,10,design,4409,3584,240,21,10,269,5,7.56,11.27,Corto
2265,2266,2026-06-06 17:59:59,17,design,2548,2397,143,18,7,281,6,7.01,11.31,Corto
2266,2267,2026-04-24 13:27:41,13,tech,3993,2803,99,28,23,206,4,5.35,14.09,Corto
2267,2268,2026-07-02 09:41:38,9,design,1906,1723,131,7,4,264,7,8.24,11.09,Corto
2268,2269,2026-06-30 14:10:46,14,design,2017,1448,125,10,6,330,6,9.74,14.71,Corto
2269,2270,2026-04-15 12:29:29,12,design,8625,7079,378,42,42,292,4,6.53,12.46,Corto
2270,2271,2026-04-02 09:41:32,9,tech,36655,25450,665,372,423,489,4,5.74,21.76,Medio
2271,2272,2026-03-31 12:42:36,12,business,1765,1503,28,14,7,155,3,3.26,9.31,Muy Corto
2272,2273,2026-06-24 12:41:04,12,business,4417,3834,94,35,30,179,6,4.15,12.36,Muy Corto
2273,2274,2026-05-19 10:28:09,10,business,2841,2622,65,16,20,86,5,3.85,11.02,Muy Corto
2274,2275,2026-03-21 13:31:32,13,design,2630,1909,165,4,7,242,3,9.22,12.41,Corto
2275,2276,2026-06-11 01:43:51,1,design,492,411,23,2,1,340,6,6.33,9.49,Corto
2276,2277,2026-05-01 13:38:00,13,design,1698,1258,67,2,3,322,5,5.72,7.87,Corto
2277,2278,2026-06-12 12:30:40,12,design,1708,1535,130,12,3,287,6,9.45,13.16,Corto
2278,2279,2026-04-09 19:03:50,19,business,3164,2673,55,24,26,177,4,3.93,13.43,Muy Corto
2279,2280,2026-02-22 10:53:18,10,business,8057,7377,191,37,35,152,2,3.57,8.39,Muy Corto
2280,2281,2026-08-06 14:33:34,14,design,4217,3520,212,9,19,280,8,6.82,11.36,Corto
2281,2282,2026-05-20 13:21:00,13,tech,2252,1978,45,15,32,254,5,4.65,18.25,Corto
2282,2283,2026-06-26 19:46:05,19,tech,21087,19513,699,201,273,424,6,6.01,18.9,Medio
2283,2284,2026-03-31 17:39:26,17,business,29411,25589,521,149,206,107,3,3.42,10.81,Muy Corto
2284,2285,2026-06-12 09:25:43,9,business,4631,4175,112,20,22,96,6,3.69,8.81,Muy Corto
2285,2286,2026-03-31 17:37:38,17,tech,5202,3449,124,20,63,202,3,6.0,20.53,Muy Corto
2286,2287,2026-05-04 19:28:35,19,tech,3635,3070,77,23,45,366,5,4.72,17.23,Corto
2287,2288,2026-03-16 11:56:20,11,tech,31723,20742,703,182,323,324,3,5.82,19.36,Corto
2288,2289,2026-03-15 17:05:39,17,tech,3788,2605,61,17,34,255,3,4.3,15.39,Corto
2289,2290,2026-03-04 01:04:16,1,tech,319,220,8,1,2,415,3,5.0,12.73,Medio
2290,2291,2026-06-20 22:11:33,22,design,11529,9884,843,64,32,255,6,9.5,13.71,Corto
2291,2292,2026-06-30 11:02:07,11,tech,2164,1766,56,9,34,144,6,5.61,20.61,Muy Corto
2292,2293,2026-06-11 18:48:16,18,business,8848,7557,179,54,62,145,6,3.9,11.79,Muy Corto
2293,2294,2026-08-13 10:24:33,10,tech,1327,1238,45,16,18,478,8,6.38,20.44,Medio
2294,2295,2026-07-29 11:21:53,11,business,6442,5820,157,56,54,196,7,4.59,13.97,Muy Corto
2295,2296,2026-06-01 10:58:21,10,tech,14938,11877,451,170,234,409,6,7.2,25.28,Medio
2296,2297,2026-02-25 17:38:43,17,tech,6501,4905,121,37,86,291,2,4.97,19.51,Corto
2297,2298,2026-08-11 10:23:27,10,business,6738,5298,141,28,48,134,8,4.1,12.02,Muy Corto
2298,2299,2026-07-18 16:05:27,16,design,22150,18650,1344,88,93,341,7,8.18,13.08,Corto
2299,2300,2026-07-06 08:37:29,8,business,12900,8480,202,77,81,181,7,4.25,13.66,Muy Corto
2300,2301,2026-05-27 17:46:10,17,tech,14019,12817,293,96,111,504,5,3.9,12.21,Medio
2301,2302,2026-05-08 10:24:02,10,design,4109,3874,271,7,8,361,5,7.38,9.37,Corto
2302,2303,2026-03-30 13:38:38,13,tech,2852,2443,70,25,32,471,3,5.2,17.44,Medio
2303,2304,2026-06-21 18:57:11,18,design,3340,2695,193,16,5,346,6,7.94,11.02,Corto
2304,2305,2026-03-03 10:50:41,10,design,3645,3287,217,22,9,261,3,7.54,11.47,Corto
2305,2306,2026-03-21 15:42:21,15,business,4974,3573,92,31,28,143,3,4.23,12.31,Muy Corto
2306,2307,2026-03-18 16:53:49,16,design,12997,12178,637,42,28,269,3,5.81,8.45,Corto
2307,2308,2026-04-11 12:49:58,12,design,19259,15756,1094,68,77,375,4,7.86,12.58,Medio
2308,2309,2026-06-26 13:50:16,13,tech,43217,32201,1077,391,440,637,6,5.93,19.13,Largo
2309,2310,2026-05-22 08:42:40,8,tech,1759,1277,32,18,25,323,5,5.87,23.81,Corto
2310,2311,2026-04-11 11:29:42,11,business,29698,24270,255,160,233,214,4,2.67,11.37,Corto
2311,2312,2026-02-22 06:52:37,6,tech,5252,4687,183,53,45,273,2,6.0,16.11,Corto
2312,2313,2026-07-27 11:06:32,11,tech,24511,17793,702,207,319,406,7,6.9,22.94,Medio
2313,2314,2026-03-05 18:48:00,18,tech,6350,5081,134,26,58,269,3,4.29,13.82,Corto
2314,2315,2026-06-09 17:27:31,17,tech,122822,84748,2248,610,1605,436,6,5.27,20.68,Medio
2315,2316,2026-05-17 09:04:09,9,business,4402,3670,73,24,33,200,5,3.54,11.8,Muy Corto
2316,2317,2026-08-12 17:26:45,17,business,7276,6276,155,60,57,132,8,4.33,13.56,Muy Corto
2317,2318,2026-04-08 14:51:38,14,design,2452,1934,166,14,7,346,4,9.67,14.37,Corto
2318,2319,2026-06-03 17:38:31,17,tech,10220,6871,198,50,122,251,6,5.38,20.0,Corto
2319,2320,2026-05-01 10:21:17,10,tech,19816,15184,383,212,121,424,5,4.72,14.48,Medio
2320,2321,2026-03-04 10:26:15,10,tech,3699,2626,75,14,52,383,3,5.37,20.83,Medio
2321,2322,2026-04-18 17:31:44,17,design,15408,13286,774,58,70,289,4,6.79,11.79,Corto
2322,2323,2026-06-27 09:01:57,9,business,1633,1088,11,3,10,107,6,2.21,9.47,Muy Corto
2323,2324,2026-05-13 23:00:07,23,tech,2356,1615,41,17,31,313,5,5.51,22.11,Corto
2324,2325,2026-05-21 18:01:57,18,design,1682,1111,72,4,2,296,5,7.02,9.36,Corto
2325,2326,2026-04-14 04:20:30,4,tech,432,321,11,3,3,241,4,5.3,14.64,Corto
2326,2327,2026-05-06 10:13:16,10,tech,6395,5074,188,51,70,353,5,6.09,18.76,Corto
2327,2328,2026-03-16 09:46:54,9,business,2209,1995,24,18,19,148,3,3.06,12.43,Muy Corto
2328,2329,2026-03-28 16:26:51,16,business,5813,4536,113,41,36,179,3,4.19,12.46,Muy Corto
2329,2330,2026-07-02 10:33:53,10,design,2069,1571,124,7,5,368,7,8.66,12.22,Corto
2330,2331,2026-03-31 08:15:39,8,tech,1814,1367,33,17,15,470,3,4.75,16.17,Medio
2331,2332,2026-08-11 14:25:39,14,design,10293,9009,460,46,26,254,8,5.91,9.46,Corto
2332,2333,2026-06-29 13:38:37,13,design,1887,1389,118,10,7,295,6,9.72,15.41,Corto
2333,2334,2026-06-10 09:07:52,9,tech,4305,3915,101,52,75,388,6,5.82,23.22,Medio
2334,2335,2026-04-07 10:42:22,10,design,87195,68077,5361,472,314,292,4,9.03,14.34,Corto
2335,2336,2026-07-22 22:53:01,22,tech,4816,3378,93,46,27,365,7,4.91,14.59,Corto
2336,2337,2026-05-03 01:33:57,1,tech,476,428,8,5,3,509,5,3.74,12.15,Medio
2337,2338,2026-03-11 08:32:57,8,tech,3173,2545,79,16,49,357,3,5.66,21.02,Corto
2338,2339,2026-03-16 16:22:30,16,tech,6207,4197,115,56,77,360,3,5.91,22.75,Corto
2339,2340,2026-03-27 08:39:49,8,tech,7934,5890,212,32,54,566,3,5.06,13.11,Largo
2340,2341,2026-04-11 14:47:24,14,tech,923,606,14,3,11,391,4,4.62,18.81,Medio
2341,2342,2026-08-18 12:30:51,12,tech,7375,5904,159,37,107,340,8,5.13,19.7,Corto
2342,2343,2026-02-24 18:38:46,18,tech,2593,2238,58,25,44,341,2,5.67,22.79,Corto
2343,2344,2026-03-28 17:02:34,17,tech,20488,14780,542,131,283,510,3,6.47,22.53,Medio
2344,2345,2026-02-20 08:27:21,8,tech,1294,867,18,6,14,460,2,4.38,17.76,Medio
2345,2346,2026-05-13 12:58:00,12,design,3420,3205,249,16,8,323,5,8.52,11.76,Corto
2346,2347,2026-03-02 08:19:42,8,business,998,673,18,4,3,142,3,3.71,8.62,Muy Corto
2347,2348,2026-05-31 08:21:01,8,design,3746,2555,211,20,13,284,5,9.55,15.46,Corto
2348,2349,2026-04-20 08:12:37,8,tech,2170,1617,59,14,30,420,4,6.37,21.95,Medio
2349,2350,2026-06-24 10:27:51,10,tech,15423,10331,238,150,91,450,6,4.64,15.16,Medio
2350,2351,2026-04-06 10:37:56,10,tech,2447,2318,78,15,24,280,4,5.05,14.24,Corto
2351,2352,2026-03-02 15:19:59,15,design,8086,5356,381,36,22,338,3,8.2,13.09,Corto
2352,2353,2026-06-04 13:14:29,13,tech,13647,11627,238,92,153,386,6,4.15,15.74,Medio
2353,2354,2026-05-11 12:06:53,12,design,11265,10685,594,44,50,261,5,6.44,10.95,Corto
2354,2355,2026-07-19 18:16:26,18,tech,881,767,24,9,7,305,7,5.22,15.12,Corto
2355,2356,2026-07-08 07:58:32,7,design,6985,6001,325,14,22,217,7,6.02,9.28,Corto
2356,2357,2026-05-22 01:21:35,1,design,388,290,17,1,1,355,5,6.55,10.0,Corto
2357,2358,2026-07-05 09:55:52,9,tech,17289,13607,314,179,270,431,7,5.61,23.44,Medio
2358,2359,2026-08-15 23:38:23,23,design,1847,1593,114,12,4,363,8,8.16,12.18,Corto
2359,2360,2026-03-06 20:00:04,20,tech,409,288,8,2,5,380,3,5.21,19.44,Medio
2360,2361,2026-03-09 17:58:53,17,tech,14898,10200,224,146,175,450,3,5.34,21.65,Medio
2361,2362,2026-05-25 17:46:45,17,tech,6339,4342,95,39,60,493,5,4.47,16.84,Medio
2362,2363,2026-02-20 18:39:08,18,tech,339,288,10,2,2,578,2,4.86,11.81,Largo
2363,2364,2026-05-07 06:13:39,6,design,10325,9176,632,33,46,361,5,7.75,12.34,Corto
2364,2365,2026-05-06 08:51:58,8,business,6978,4918,87,25,44,168,5,3.17,10.96,Muy Corto
2365,2366,2026-08-13 20:47:50,20,design,8009,7214,421,43,35,201,8,6.92,12.1,Muy Corto
2366,2367,2026-07-06 07:08:32,7,tech,3313,2884,105,17,56,456,7,6.17,21.53,Medio
2367,2368,2026-04-26 10:06:13,10,design,4492,3336,264,21,10,396,4,8.84,12.83,Medio
2368,2369,2026-06-11 15:11:58,15,tech,2049,1892,59,23,29,462,6,5.87,20.24,Medio
2369,2370,2026-05-11 14:49:02,14,business,6891,5655,125,17,33,137,5,3.09,8.08,Muy Corto
2370,2371,2026-06-02 14:01:26,14,tech,3543,2672,99,37,46,385,6,6.81,23.02,Medio
2371,2372,2026-03-26 16:24:16,16,tech,97188,69656,1981,516,1175,306,3,5.27,19.3,Corto
2372,2373,2026-04-03 17:50:17,17,tech,11012,8069,288,113,149,313,4,6.82,23.94,Corto
2373,2374,2026-07-03 10:41:31,10,tech,9226,7830,157,43,90,357,7,3.7,13.4,Corto
2374,2375,2026-07-25 08:05:53,8,business,17375,11882,302,91,74,101,7,3.93,10.59,Muy Corto
2375,2376,2026-04-07 10:32:37,10,business,4345,3172,67,15,13,141,4,2.99,7.28,Muy Corto
2376,2377,2026-03-14 18:02:09,18,tech,3981,3627,133,29,53,345,3,5.93,18.56,Corto
2377,2378,2026-05-26 00:52:48,0,design,2917,2023,126,13,9,365,5,7.32,12.36,Corto
2378,2379,2026-08-02 09:50:43,9,tech,2008,1561,34,13,23,337,8,4.48,17.3,Corto
2379,2380,2026-04-10 08:28:45,8,design,14214,11499,799,57,32,349,4,7.72,11.16,Corto
2380,2381,2026-07-08 13:52:04,13,tech,1136,881,19,8,12,712,7,4.43,16.69,Largo
2381,2382,2026-04-07 09:41:30,9,design,14895,10262,677,25,54,302,4,7.37,11.78,Corto
2382,2383,2026-08-03 15:57:14,15,tech,2210,1916,71,17,17,368,8,5.48,14.35,Corto
2383,2384,2026-03-15 14:51:23,14,business,1127,979,16,6,7,162,3,2.96,9.81,Muy Corto
2384,2385,2026-05-08 11:13:41,11,design,1093,928,62,6,5,286,5,7.87,13.58,Corto
2385,2386,2026-05-26 18:54:12,18,business,5266,3617,95,29,21,126,5,4.01,10.48,Muy Corto
2386,2387,2026-05-29 17:54:10,17,design,14086,10695,710,46,31,253,5,7.36,10.68,Corto
2387,2388,2026-02-22 21:16:04,21,tech,6813,5347,156,35,95,464,2,5.35,19.75,Medio
2388,2389,2026-03-07 14:21:07,14,design,3251,2812,226,8,6,369,3,8.53,10.88,Corto
2389,2390,2026-06-08 15:49:29,15,tech,461,340,9,3,6,435,6,5.29,20.29,Medio
2390,2391,2026-06-20 12:28:37,12,design,3799,3277,283,12,13,235,6,9.4,13.27,Corto
2391,2392,2026-05-15 08:37:26,8,tech,3520,2944,92,36,58,430,5,6.32,23.78,Medio
2392,2393,2026-06-16 17:05:12,17,business,49385,40778,904,195,178,183,6,3.13,7.62,Muy Corto
2393,2394,2026-07-05 07:56:45,7,tech,1043,797,26,8,8,406,7,5.27,15.31,Medio
2394,2395,2026-05-30 14:44:04,14,tech,2875,2652,91,15,23,345,5,4.86,12.63,Corto
2395,2396,2026-07-22 16:37:59,16,design,7704,6114,342,35,33,376,7,6.71,12.2,Medio
2396,2397,2026-03-08 16:09:33,16,tech,3895,2915,71,29,28,448,3,4.39,14.1,Medio
2397,2398,2026-04-21 08:57:08,8,design,2292,1506,97,5,4,372,4,7.04,9.89,Corto
2398,2399,2026-05-12 08:18:34,8,tech,21907,17933,712,234,149,302,5,6.11,15.84,Corto
2399,2400,2026-08-13 17:05:55,17,tech,3266,2821,63,18,53,239,8,4.75,19.82,Corto
2400,2401,2026-08-03 12:59:21,12,tech,3754,2444,78,12,28,325,8,4.83,14.32,Corto
2401,2402,2026-03-04 14:16:19,14,tech,1397,909,27,7,13,411,3,5.17,17.49,Medio
2402,2403,2026-08-17 17:27:44,17,tech,7897,5389,141,36,63,373,8,4.45,14.64,Corto
2403,2404,2026-04-29 08:36:43,8,design,14881,10370,725,42,29,291,4,7.68,10.85,Corto
2404,2405,2026-04-20 17:00:16,17,design,1109,885,78,4,3,361,4,9.6,13.33,Corto
2405,2406,2026-06-13 22:57:22,22,tech,6059,5522,157,54,62,384,6,4.94,15.74,Medio
2406,2407,2026-04-19 13:53:09,13,tech,1481,1336,38,8,14,399,4,4.49,13.62,Medio
2407,2408,2026-08-01 17:16:50,17,design,4855,3585,320,17,7,210,8,9.6,12.38,Corto
2408,2409,2026-08-05 13:29:12,13,business,4913,3575,56,25,24,155,8,2.94,9.73,Muy Corto
2409,2410,2026-03-16 10:37:50,10,business,1137,1040,18,4,4,125,3,2.5,6.35,Muy Corto
2410,2411,2026-04-22 11:16:37,11,design,3565,2706,144,15,13,327,4,6.36,11.38,Corto
2411,2412,2026-07-16 08:58:47,8,tech,1508,1324,35,17,19,415,7,5.36,19.26,Medio
2412,2413,2026-04-03 13:21:00,13,business,8552,6218,119,23,25,184,4,2.69,6.61,Muy Corto
2413,2414,2026-06-03 11:43:13,11,tech,11490,10385,216,104,85,417,6,3.9,12.63,Medio
2414,2415,2026-07-12 09:39:55,9,design,17412,13770,978,30,29,293,7,7.53,9.66,Corto
2415,2416,2026-05-22 17:00:47,17,business,37818,26126,744,249,259,147,5,4.79,14.59,Muy Corto
2416,2417,2026-08-07 12:57:05,12,design,1420,1169,103,6,3,338,8,9.58,12.92,Corto
2417,2418,2026-07-16 08:41:36,8,design,11418,10455,727,62,23,368,7,7.77,11.09,Corto
2418,2419,2026-04-23 21:22:07,21,design,8696,7775,619,30,34,322,4,8.78,13.0,Corto
2419,2420,2026-05-29 15:02:33,15,tech,1191,899,26,9,11,438,5,5.12,16.69,Medio
2420,2421,2026-06-29 08:28:04,8,business,2962,2541,41,12,20,122,6,2.87,9.8,Muy Corto
2421,2422,2026-04-15 16:11:09,16,tech,1400,1069,42,9,19,412,4,6.55,21.52,Medio
2422,2423,2026-04-08 09:25:42,9,tech,50398,39404,836,371,386,437,4,4.04,13.72,Medio
2423,2424,2026-05-31 10:27:15,10,design,5302,3500,217,22,12,351,5,7.17,11.46,Corto
2424,2425,2026-08-05 16:44:04,16,tech,6335,5619,191,80,85,450,8,6.34,21.2,Medio
2425,2426,2026-08-12 13:53:41,13,business,87451,82937,1441,591,699,159,8,3.29,11.33,Muy Corto
2426,2427,2026-03-18 10:48:43,10,tech,2282,2085,51,28,38,446,3,5.61,22.4,Medio
2427,2428,2026-02-28 02:54:13,2,business,937,719,8,4,3,137,2,2.09,6.68,Muy Corto
2428,2429,2026-06-13 18:56:06,18,design,966,743,52,4,3,277,6,7.94,12.38,Corto
2429,2430,2026-05-06 15:25:22,15,design,1175,933,80,5,3,326,5,9.43,13.29,Corto
2430,2431,2026-06-28 15:25:20,15,business,4268,3995,63,30,25,174,6,2.95,9.59,Muy Corto
2431,2432,2026-06-26 17:16:53,17,tech,9070,7359,195,63,96,547,6,4.81,16.51,Largo
2432,2433,2026-08-10 15:45:33,15,tech,1693,1204,32,17,20,428,8,5.73,21.59,Medio
2433,2434,2026-03-21 16:04:58,16,design,7813,6522,553,42,26,326,3,9.52,14.24,Corto
2434,2435,2026-06-25 08:46:23,8,tech,770,523,20,5,5,579,6,5.74,15.3,Largo
2435,2436,2026-06-12 17:04:58,17,tech,4541,3354,71,47,51,402,6,5.04,19.89,Medio
2436,2437,2026-07-02 13:55:47,13,tech,8337,7348,244,103,112,325,7,6.25,21.12,Corto
2437,2438,2026-04-15 16:30:38,16,design,3404,3161,276,21,12,287,4,9.78,14.43,Corto
2438,2439,2026-04-10 10:15:33,10,tech,881,765,20,5,12,332,4,4.84,17.78,Corto
2439,2440,2026-07-05 13:24:34,13,business,1551,1224,30,5,7,210,7,3.43,8.66,Corto
2440,2441,2026-07-10 09:01:46,9,tech,12528,9954,204,104,187,383,7,4.97,21.26,Medio
2441,2442,2026-08-04 18:06:06,18,tech,3086,2433,96,18,29,303,8,5.88,16.44,Corto
2442,2443,2026-08-13 10:46:00,10,tech,665,577,15,6,9,408,8,5.2,19.24,Medio
2443,2444,2026-03-29 10:40:02,10,tech,7973,6794,219,88,119,506,3,6.27,22.42,Medio
2444,2445,2026-07-24 19:36:57,19,tech,1693,1514,46,9,12,420,7,4.43,11.76,Medio
2445,2446,2026-06-18 17:35:15,17,tech,19757,16310,346,172,209,181,6,4.46,16.59,Muy Corto
2446,2447,2026-07-04 11:38:19,11,design,33911,24119,1475,110,142,314,7,7.16,12.65,Corto
2447,2448,2026-06-08 11:08:37,11,design,5241,3965,275,12,20,278,6,7.74,12.18,Corto
2448,2449,2026-08-17 06:21:15,6,tech,31113,22024,755,122,294,413,8,5.32,16.32,Medio
2449,2450,2026-05-17 08:50:53,8,design,720,638,32,2,2,280,5,5.64,8.78,Corto
2450,2451,2026-05-12 17:47:48,17,tech,10271,9740,378,137,83,359,5,6.14,16.32,Corto
2451,2452,2026-04-06 20:55:12,20,business,772,588,6,4,5,115,4,2.55,10.54,Muy Corto
2452,2453,2026-06-13 14:04:19,14,tech,2752,2133,57,23,22,326,6,4.78,15.24,Corto
2453,2454,2026-07-13 09:52:01,9,business,5430,3560,68,26,25,154,7,3.34,10.45,Muy Corto
2454,2455,2026-08-03 08:35:51,8,design,6433,5021,262,18,17,213,8,5.92,9.36,Corto
2455,2456,2026-05-19 18:51:10,18,tech,2544,1758,49,25,23,494,5,5.52,18.94,Medio
2456,2457,2026-05-22 15:51:53,15,tech,916,666,14,5,9,404,5,4.2,15.92,Medio
2457,2458,2026-05-21 14:29:58,14,design,3154,2672,227,11,9,273,5,9.24,12.84,Corto
2458,2459,2026-07-04 06:41:34,6,tech,3144,2707,81,39,48,497,7,6.21,22.94,Medio
2459,2460,2026-06-08 11:23:35,11,tech,3747,3002,112,39,49,386,6,6.66,21.99,Medio
2460,2461,2026-04-03 12:28:30,12,tech,8134,6722,138,47,73,575,4,3.84,13.54,Largo
2461,2462,2026-06-16 11:54:06,11,design,6790,5963,392,18,14,304,6,7.11,9.66,Corto
2462,2463,2026-06-20 15:34:20,15,design,7976,7232,434,21,25,355,6,6.64,9.93,Corto
2463,2464,2026-06-11 17:15:30,17,tech,1608,1226,40,16,11,433,6,5.46,15.66,Medio
2464,2465,2026-05-10 11:47:58,11,business,1252,895,13,8,6,115,5,3.02,10.39,Muy Corto
2465,2466,2026-05-14 10:38:25,10,tech,4798,3690,121,38,73,356,5,6.29,23.22,Corto
2466,2467,2026-03-30 14:54:49,14,tech,1176,922,21,6,13,371,3,4.34,16.16,Corto
2467,2468,2026-08-07 09:23:03,9,tech,9993,8721,307,53,100,309,8,5.27,15.12,Corto
2468,2469,2026-04-06 10:30:30,10,tech,2478,2345,70,23,46,575,4,5.93,22.6,Largo
2469,2470,2026-03-27 11:50:51,11,tech,4817,4504,92,44,82,443,3,4.84,20.52,Medio
2470,2471,2026-03-30 19:38:52,19,business,783,566,5,5,3,118,3,2.3,8.66,Muy Corto
2471,2472,2026-08-07 19:21:58,19,tech,16365,12986,382,133,133,462,8,4.99,15.23,Medio
2472,2473,2026-05-18 14:08:00,14,design,419,289,17,1,1,208,5,6.57,10.03,Corto
2473,2474,2026-06-08 09:27:19,9,tech,66564,49884,1185,369,833,460,6,4.79,18.69,Medio
2474,2475,2026-06-17 18:18:25,18,tech,11317,8145,237,69,130,398,6,5.35,19.07,Medio
2475,2476,2026-05-04 10:55:51,10,tech,804,759,18,10,9,407,5,4.87,17.13,Medio
2476,2477,2026-07-17 09:19:01,9,business,1053,816,15,7,6,117,7,3.43,11.15,Muy Corto
2477,2478,2026-06-06 10:58:12,10,tech,4532,3321,95,27,56,401,6,5.36,19.6,Medio
2478,2479,2026-07-12 08:00:17,8,design,1646,1432,77,10,3,227,7,6.28,9.85,Corto
2479,2480,2026-06-06 14:44:25,14,tech,8538,7071,196,98,101,552,6,5.59,19.74,Largo
2480,2481,2026-07-26 09:46:49,9,tech,4697,3180,126,47,38,316,7,6.64,19.43,Corto
2481,2482,2026-05-17 11:35:22,11,business,5274,3574,86,12,22,156,5,3.36,8.67,Muy Corto
2482,2483,2026-08-08 13:38:46,13,tech,957,765,18,10,12,562,8,5.23,20.13,Largo
2483,2484,2026-04-17 16:29:19,16,tech,7965,7115,282,81,99,388,4,6.49,19.65,Medio
2484,2485,2026-07-13 07:20:09,7,business,8078,5310,158,32,43,111,7,4.39,11.86,Muy Corto
2485,2486,2026-06-21 09:17:20,9,design,2915,2251,167,6,6,303,6,7.95,10.62,Corto
2486,2487,2026-04-03 17:04:22,17,design,1030,892,64,2,1,286,4,7.51,8.97,Corto
2487,2488,2026-06-16 08:40:01,8,tech,1273,992,36,8,10,339,6,5.44,14.92,Corto
2488,2489,2026-06-17 17:52:31,17,business,2386,2017,49,15,19,119,6,4.12,12.94,Muy Corto
2489,2490,2026-08-10 11:31:15,11,design,6203,4426,276,20,16,381,8,7.05,10.94,Medio
2490,2491,2026-07-13 09:26:30,9,tech,373,312,12,4,4,371,7,6.41,19.23,Corto
2491,2492,2026-05-07 10:09:33,10,tech,14961,13053,465,98,240,413,5,6.15,21.27,Medio
2492,2493,2026-05-06 13:05:59,13,design,162,125,9,0,0,381,5,7.2,7.2,Medio
2493,2494,2026-04-01 10:43:44,10,business,7015,5146,111,34,39,181,4,3.58,10.86,Muy Corto
2494,2495,2026-02-27 12:07:02,12,tech,832,596,13,3,6,501,2,3.69,12.25,Medio
2495,2496,2026-04-28 10:21:32,10,design,7925,5440,473,42,24,290,4,9.91,15.31,Corto
2496,2497,2026-07-21 09:26:13,9,tech,11025,10009,305,97,141,310,7,5.43,18.19,Corto
2497,2498,2026-07-04 21:08:56,21,business,474,367,3,2,3,116,7,2.18,9.54,Muy Corto
2498,2499,2026-04-08 18:52:49,18,tech,78142,66135,1786,403,725,437,4,4.41,13.91,Medio
2499,2500,2026-06-13 11:40:33,11,tech,10757,7776,160,79,66,619,6,3.92,12.91,Largo
2500,2501,2026-02-27 11:47:19,11,tech,3503,2970,114,28,53,454,2,6.57,21.89,Medio
2501,2502,2026-06-13 15:02:13,15,design,30228,25825,1684,194,100,227,6,7.66,12.62,Corto
2502,2503,2026-04-19 16:51:29,16,design,10241,9657,492,42,55,285,4,6.1,11.39,Corto
2503,2504,2026-08-09 08:38:03,8,business,1530,1369,37,7,5,63,8,3.58,7.67,Muy Corto
2504,2505,2026-06-19 11:20:21,11,tech,9839,7886,277,94,119,556,6,6.21,20.35,Largo
2505,2506,2026-03-06 09:08:02,9,design,9814,8786,670,30,42,297,3,8.45,12.82,Corto
2506,2507,2026-08-06 07:25:51,7,tech,582,413,16,5,5,208,8,6.3,18.4,Corto
2507,2508,2026-03-16 11:21:15,11,tech,1250,1177,45,12,16,407,3,6.2,18.78,Medio
2508,2509,2026-07-27 17:09:16,17,design,745,507,39,2,1,337,7,8.28,10.85,Corto
2509,2510,2026-07-23 10:50:40,10,tech,12749,10142,247,135,171,268,7,5.45,21.25,Corto
2510,2511,2026-06-28 08:05:39,8,tech,2347,2037,77,12,16,495,6,5.15,12.42,Medio
2511,2512,2026-05-12 10:38:50,10,business,1898,1555,23,12,15,184,5,3.22,12.28,Muy Corto
2512,2513,2026-06-27 21:12:05,21,design,2997,2511,204,8,8,336,6,8.76,11.95,Corto
2513,2514,2026-05-15 14:37:16,14,tech,2933,2326,66,23,34,375,5,5.29,18.49,Medio
2514,2515,2026-07-06 18:00:52,18,tech,71203,59397,1938,301,798,450,7,5.11,16.04,Medio
2515,2516,2026-05-01 08:52:41,8,business,911,855,8,8,4,133,5,2.34,8.42,Muy Corto
2516,2517,2026-04-11 15:16:36,15,tech,812,693,18,8,8,688,4,4.91,16.45,Largo
2517,2518,2026-03-04 17:36:58,17,tech,14981,13638,446,107,223,275,3,5.69,19.49,Corto
2518,2519,2026-08-10 10:51:56,10,design,15850,14096,917,62,35,323,8,7.19,10.25,Corto
2519,2520,2026-08-12 10:43:45,10,design,3458,3005,191,11,14,303,8,7.19,11.55,Corto
2520,2521,2026-02-24 15:34:12,15,design,2793,2535,209,5,6,297,2,8.68,10.93,Corto
2521,2522,2026-05-30 08:53:53,8,tech,3795,2472,53,16,25,329,5,3.8,12.82,Corto
2522,2523,2026-04-14 15:58:17,15,tech,760,643,13,9,11,563,4,5.13,21.31,Largo
2523,2524,2026-04-26 10:17:48,10,tech,3377,2392,57,24,27,382,4,4.52,15.43,Medio
2524,2525,2026-03-30 17:07:27,17,tech,5314,3578,75,24,45,483,3,4.02,14.84,Medio
2525,2526,2026-05-02 10:58:28,10,business,5518,3644,89,16,15,147,5,3.29,7.49,Muy Corto
2526,2527,2026-05-11 09:37:04,9,business,3921,2716,59,10,13,131,5,3.02,7.47,Muy Corto
2527,2528,2026-07-31 17:36:22,17,tech,4960,3853,99,22,44,486,7,4.28,13.99,Medio
2528,2529,2026-08-18 11:41:06,11,tech,6827,5792,152,85,79,426,8,5.46,19.41,Medio
2529,2530,2026-05-04 08:53:51,8,tech,5849,4503,172,67,82,308,5,7.13,24.34,Corto
2530,2531,2026-08-07 10:09:37,10,tech,938,733,28,8,8,426,8,6.0,16.92,Medio
2531,2532,2026-04-10 10:24:58,10,business,3607,3417,73,15,17,119,4,3.07,7.87,Muy Corto
2532,2533,2026-05-04 17:37:57,17,design,9267,8662,480,51,28,318,5,6.45,10.48,Corto
2533,2534,2026-02-27 13:14:53,13,design,12457,11808,965,70,41,429,2,9.11,13.32,Medio
2534,2535,2026-06-23 15:38:24,15,tech,97525,79402,2510,1114,892,476,6,5.69,17.76,Medio
2535,2536,2026-05-12 15:10:56,15,business,730,613,17,2,4,144,5,3.75,9.3,Muy Corto
2536,2537,2026-03-26 04:17:32,4,tech,6755,5208,187,34,102,256,3,6.2,21.87,Corto
2537,2538,2026-06-23 18:34:04,18,tech,3019,2460,63,14,33,301,6,4.47,15.57,Corto
2538,2539,2026-05-17 08:13:25,8,tech,6669,5944,188,46,60,494,5,4.95,14.33,Medio
2539,2540,2026-05-06 08:22:31,8,design,4444,3729,304,10,16,287,5,8.85,12.66,Corto
2540,2541,2026-05-17 09:38:36,9,tech,799,681,20,7,12,468,5,5.73,21.15,Medio
2541,2542,2026-04-28 16:07:43,16,design,1767,1459,130,8,8,271,4,10.01,15.49,Corto
2542,2543,2026-04-12 07:25:29,7,design,3596,3368,252,25,7,276,4,8.43,12.11,Corto
2543,2544,2026-04-01 10:34:46,10,tech,14730,13722,545,165,210,358,4,6.7,21.02,Corto
2544,2545,2026-08-16 17:14:13,17,design,3773,2646,200,16,11,268,8,8.58,13.3,Corto
2545,2546,2026-04-26 12:43:44,12,tech,393,349,11,2,6,468,4,5.44,19.2,Medio
2546,2547,2026-04-14 16:53:53,16,business,798,618,6,4,5,136,4,2.43,10.03,Muy Corto
2547,2548,2026-05-22 14:44:47,14,business,1875,1458,31,12,9,146,5,3.57,10.36,Muy Corto
2548,2549,2026-07-25 07:13:23,7,tech,4912,4393,162,45,41,505,7,5.65,15.25,Medio
2549,2550,2026-07-01 00:15:30,0,business,726,589,14,5,3,153,7,3.74,9.85,Muy Corto
2550,2551,2026-05-01 21:13:18,21,tech,470,327,10,3,3,553,5,4.89,14.07,Largo
2551,2552,2026-05-30 08:50:36,8,business,5088,4597,112,37,24,195,5,3.76,9.83,Muy Corto
2552,2553,2026-04-15 10:57:34,10,design,4426,4015,325,21,22,293,4,9.17,14.57,Corto
2553,2554,2026-07-24 14:39:56,14,design,18049,14837,1021,42,85,304,7,7.74,12.6,Corto
2554,2555,2026-05-06 17:44:13,17,tech,11877,9331,226,105,100,469,5,4.62,15.5,Medio
2555,2556,2026-08-15 09:06:09,9,tech,1709,1175,44,13,17,304,8,6.3,19.74,Corto
2556,2557,2026-08-02 20:39:00,20,tech,2018,1438,55,20,16,272,8,6.33,18.29,Corto
2557,2558,2026-08-12 14:14:56,14,design,12587,9778,546,53,37,273,8,6.5,10.78,Corto
2558,2559,2026-08-02 14:15:24,14,tech,8518,6285,215,44,82,353,8,5.43,16.66,Corto
2559,2560,2026-04-01 14:46:15,14,tech,1223,1099,34,15,11,547,4,5.46,16.56,Largo
2560,2561,2026-05-23 11:45:28,11,tech,66501,52660,1280,754,719,326,5,5.23,19.08,Corto
2561,2562,2026-05-22 10:34:09,10,tech,8062,7268,263,62,76,350,5,5.52,15.4,Corto
2562,2563,2026-07-22 08:59:36,8,business,6497,5177,105,24,32,105,7,3.11,8.83,Muy Corto
2563,2564,2026-06-21 06:53:27,6,tech,638,497,16,5,9,256,6,6.04,21.73,Corto
2564,2565,2026-05-11 17:36:04,17,tech,592,452,9,4,8,294,5,4.65,19.69,Corto
2565,2566,2026-07-07 10:31:31,10,design,9563,7392,450,47,23,334,7,7.03,11.12,Corto
2566,2567,2026-04-25 19:52:53,19,design,1729,1145,80,8,5,324,4,8.12,13.28,Corto
2567,2568,2026-07-29 07:58:56,7,tech,1381,1126,24,8,9,219,7,3.64,11.37,Corto
2568,2569,2026-05-11 01:33:23,1,tech,9205,7051,161,100,111,321,5,5.28,20.55,Corto
2569,2570,2026-05-16 15:39:57,15,tech,10545,9898,271,124,106,467,5,5.06,16.32,Medio
2570,2571,2026-04-07 18:31:45,18,design,10298,7025,376,29,39,258,4,6.32,11.44,Corto
2571,2572,2026-06-20 17:19:47,17,business,821,602,9,5,4,173,6,2.99,10.13,Muy Corto
2572,2573,2026-03-22 20:37:24,20,tech,1992,1770,39,18,28,430,3,4.8,18.93,Medio
2573,2574,2026-05-19 11:05:07,11,design,1911,1479,91,11,4,347,5,7.17,11.29,Corto
2574,2575,2026-07-10 09:25:49,9,tech,1099,730,19,9,13,420,7,5.62,21.78,Medio
2575,2576,2026-04-24 08:48:50,8,tech,1585,1189,28,14,11,491,4,4.46,14.47,Medio
2576,2577,2026-07-29 14:32:27,14,design,6524,5836,440,29,25,260,7,8.46,12.95,Corto
2577,2578,2026-03-12 15:32:16,15,tech,12473,10483,312,152,186,552,3,6.2,22.97,Largo
2578,2579,2026-08-06 20:30:31,20,tech,1085,731,17,8,13,262,8,5.2,20.93,Corto
2579,2580,2026-03-27 10:59:13,10,tech,14727,10761,277,77,213,330,3,5.27,21.27,Corto
2580,2581,2026-06-16 19:55:52,19,design,3772,2535,132,5,12,373,6,5.88,9.78,Corto
2581,2582,2026-08-17 07:47:31,7,design,3568,2995,225,12,10,348,8,8.25,11.79,Corto
2582,2583,2026-03-05 13:43:25,13,business,1780,1576,24,15,7,109,3,2.92,8.88,Muy Corto
2583,2584,2026-03-04 11:59:16,11,design,4667,4415,356,13,16,285,3,8.72,12.14,Corto
2584,2585,2026-06-12 15:17:38,15,tech,12879,11629,250,162,100,539,6,4.4,14.6,Medio
2585,2586,2026-03-08 16:27:33,16,design,1419,965,69,4,5,261,3,8.08,12.95,Corto
2586,2587,2026-04-08 14:47:15,14,tech,6118,5728,131,64,90,495,4,4.98,19.33,Medio
2587,2588,2026-06-07 12:21:21,12,tech,1507,1241,30,18,11,476,6,4.75,15.31,Medio
2588,2589,2026-07-03 10:43:50,10,design,1518,1201,100,8,4,286,7,9.33,13.66,Corto
2589,2590,2026-07-24 07:04:10,7,tech,811,572,19,8,9,362,7,6.29,21.5,Corto
2590,2591,2026-06-23 14:13:42,14,tech,6952,6340,137,86,82,370,6,4.81,17.93,Corto
2591,2592,2026-02-24 09:21:55,9,tech,15964,12807,512,181,125,251,2,6.39,17.46,Corto
2592,2593,2026-05-21 13:10:36,13,business,12805,11019,144,96,92,142,5,3.01,11.47,Muy Corto
2593,2594,2026-05-11 09:01:20,9,design,687,516,27,4,2,288,5,6.4,11.43,Corto
2594,2595,2026-04-09 16:23:42,16,design,906,818,65,3,3,262,4,8.68,12.35,Corto
2595,2596,2026-03-26 18:22:33,18,tech,5780,5441,136,50,58,397,3,4.48,14.7,Medio
2596,2597,2026-03-03 14:20:03,14,tech,3657,2481,94,31,35,388,3,6.45,20.07,Medio
2597,2598,2026-08-18 16:03:23,16,tech,1536,1337,43,19,20,369,8,6.13,20.87,Corto
2598,2599,2026-04-02 21:57:00,21,tech,5774,4247,152,60,56,250,4,6.31,19.78,Corto
2599,2600,2026-06-19 08:57:23,8,tech,38857,36856,1024,204,450,479,6,4.55,14.76,Medio
2600,2601,2026-04-30 16:47:31,16,design,8418,7648,611,40,24,284,4,8.83,12.59,Corto
2601,2602,2026-04-30 15:29:00,15,design,24312,21860,1666,156,113,226,4,8.85,14.61,Corto
2602,2603,2026-05-11 12:47:10,12,design,3638,3034,234,10,8,298,5,8.31,11.14,Corto
2603,2604,2026-04-02 12:01:03,12,business,5262,4134,107,15,22,234,4,3.48,8.3,Corto
2604,2605,2026-02-21 21:45:44,21,tech,12074,8746,283,91,150,475,2,5.99,21.12,Medio
2605,2606,2026-05-29 12:22:08,12,tech,699,520,13,7,4,565,5,4.62,14.04,Largo
2606,2607,2026-02-25 10:03:31,10,design,3968,3238,267,21,7,271,2,9.11,12.57,Corto
2607,2608,2026-07-05 11:37:19,11,tech,484,326,6,1,5,239,7,3.68,15.34,Corto
2608,2609,2026-07-30 11:32:54,11,tech,531,415,10,4,3,385,7,4.1,12.05,Medio
2609,2610,2026-06-25 15:22:23,15,design,15001,11763,665,71,43,266,6,6.62,10.99,Corto
2610,2611,2026-07-18 16:00:49,16,business,2205,1867,52,16,18,144,7,4.61,13.93,Muy Corto
2611,2612,2026-03-06 08:15:30,8,design,22443,19312,1159,134,114,210,3,7.29,13.5,Corto
2612,2613,2026-03-22 13:11:52,13,tech,7468,6493,248,52,117,491,3,6.42,21.44,Medio
2613,2614,2026-06-03 03:46:58,3,design,5140,4490,398,24,22,328,6,9.89,14.92,Corto
2614,2615,2026-03-20 08:26:44,8,tech,5674,4050,159,46,54,362,3,6.4,19.14,Corto
2615,2616,2026-07-23 18:48:04,18,design,936,830,74,5,3,300,7,9.88,14.22,Corto
2616,2617,2026-04-28 11:39:30,11,tech,7513,5227,134,31,74,340,4,4.57,16.26,Corto
2617,2618,2026-08-06 08:41:04,8,tech,7779,5229,178,71,97,507,8,6.62,23.68,Medio
2618,2619,2026-05-24 02:43:45,2,tech,1205,991,34,6,16,314,5,5.65,18.77,Corto
2619,2620,2026-03-02 10:52:23,10,tech,1433,1032,40,10,18,346,3,6.59,21.71,Corto
2620,2621,2026-05-16 17:36:49,17,design,18551,13095,1098,97,35,289,5,9.39,13.49,Corto
2621,2622,2026-03-07 11:44:31,11,tech,4142,2864,67,32,37,589,3,4.75,17.14,Largo
2622,2623,2026-07-15 14:24:28,14,design,3991,2757,164,21,7,276,7,6.96,11.03,Corto
2623,2624,2026-05-19 05:16:09,5,tech,948,711,26,3,10,348,5,5.49,16.6,Corto
2624,2625,2026-03-27 09:31:23,9,tech,2022,1685,34,19,29,409,3,4.87,20.3,Medio
2625,2626,2026-02-23 16:44:06,16,design,7125,4783,296,9,21,332,2,6.82,10.45,Corto
2626,2627,2026-06-29 15:44:48,15,tech,11099,7996,231,112,129,279,6,5.9,21.4,Corto
2627,2628,2026-04-18 16:22:10,16,design,488,323,22,0,1,339,4,7.12,9.29,Corto
2628,2629,2026-08-12 15:29:37,15,design,2178,2056,113,5,4,284,8,5.93,8.03,Corto
2629,2630,2026-05-05 15:22:23,15,design,3696,3449,282,18,11,238,5,9.02,12.82,Corto
2630,2631,2026-06-24 17:48:36,17,tech,5925,3989,121,58,64,324,6,6.09,21.68,Corto
2631,2632,2026-07-15 20:42:18,20,tech,556,432,10,4,6,538,7,4.63,17.13,Medio
2632,2633,2026-08-16 19:19:42,19,tech,3281,2169,52,14,24,547,8,4.15,13.83,Largo
2633,2634,2026-03-04 07:53:18,7,business,2622,1736,26,5,14,155,3,2.59,9.1,Muy Corto
2634,2635,2026-07-29 13:35:40,13,business,1519,1168,28,7,6,175,7,3.51,8.9,Muy Corto
2635,2636,2026-05-13 06:34:05,6,business,13396,12286,232,61,52,165,5,2.81,7.26,Muy Corto
2636,2637,2026-06-30 08:03:10,8,business,5641,4596,66,33,45,147,6,3.13,12.14,Muy Corto
2637,2638,2026-05-10 01:58:07,1,tech,2319,1791,55,20,31,568,5,5.92,21.38,Largo
2638,2639,2026-03-11 08:12:04,8,design,3593,2538,157,8,14,297,3,7.05,11.86,Corto
2639,2640,2026-07-01 17:49:38,17,tech,1042,736,23,8,10,244,7,5.57,18.34,Corto
2640,2641,2026-05-08 10:59:28,10,tech,2054,1552,61,8,26,321,5,6.12,19.39,Corto
2641,2642,2026-06-29 11:39:08,11,design,5545,4781,345,33,24,287,6,8.41,13.99,Corto
2642,2643,2026-05-25 21:17:18,21,tech,2137,1920,46,10,27,232,5,4.32,15.73,Corto
2643,2644,2026-04-07 17:09:40,17,design,1623,1473,108,3,5,222,4,7.88,10.86,Corto
2644,2645,2026-05-06 12:01:05,12,tech,1153,1032,35,10,9,359,5,5.23,14.24,Corto
2645,2646,2026-04-05 21:17:37,21,tech,1356,1218,29,6,16,408,4,4.19,14.86,Medio
2646,2647,2026-08-02 07:27:06,7,tech,3230,2952,97,17,38,433,8,5.15,15.89,Medio
2647,2648,2026-06-19 10:42:29,10,tech,3405,2849,80,31,27,291,6,4.84,14.74,Corto
2648,2649,2026-08-19 09:05:41,9,tech,1541,1378,39,8,16,301,8,4.57,14.44,Corto
2649,2650,2026-04-21 08:40:54,8,tech,1504,1413,42,18,18,413,4,5.52,18.26,Medio
2650,2651,2026-06-17 06:15:04,6,design,435,340,18,1,0,245,6,5.59,6.47,Corto
2651,2652,2026-07-06 17:50:17,17,business,20519,13983,301,55,122,95,7,3.42,10.71,Muy Corto
2652,2653,2026-03-23 13:20:51,13,design,4392,3405,187,13,7,370,3,6.08,8.66,Corto
2653,2654,2026-07-27 11:19:48,11,design,30635,24359,1990,97,76,348,7,8.88,12.26,Corto
2654,2655,2026-04-02 18:14:23,18,business,55613,40963,742,302,191,143,4,3.01,8.49,Muy Corto
2655,2656,2026-07-05 16:23:37,16,tech,684,592,13,4,6,638,7,3.89,13.01,Largo
2656,2657,2026-04-26 20:49:51,20,tech,18610,17249,657,180,249,474,4,6.3,19.53,Medio
2657,2658,2026-03-09 11:07:12,11,business,8344,7041,121,48,28,181,3,2.8,7.63,Muy Corto
2658,2659,2026-03-29 07:10:10,7,tech,2113,1438,48,12,27,365,3,6.05,21.7,Corto
2659,2660,2026-07-14 19:44:04,19,tech,960,708,22,6,8,581,7,5.08,15.54,Largo
2660,2661,2026-03-30 11:58:33,11,business,7255,5298,93,51,33,141,3,3.34,10.59,Muy Corto
2661,2662,2026-05-04 09:43:45,9,design,2928,1980,115,14,10,382,5,7.02,12.68,Medio
2662,2663,2026-06-06 08:16:39,8,tech,5311,4186,125,55,63,580,6,5.81,20.28,Largo
2663,2664,2026-06-18 19:45:39,19,tech,1043,810,16,11,7,500,6,4.2,14.32,Medio
2664,2665,2026-03-13 13:04:13,13,design,7913,7504,551,27,19,314,3,7.96,10.81,Corto
2665,2666,2026-02-21 12:43:57,12,design,1410,1071,61,5,4,349,2,6.54,10.55,Corto
2666,2667,2026-06-02 10:59:40,10,tech,1159,1072,38,9,11,158,6,5.41,15.11,Muy Corto
2667,2668,2026-08-17 10:05:16,10,business,11202,8908,215,83,63,166,8,4.05,11.8,Muy Corto
2668,2669,2026-04-25 15:38:50,15,design,12407,8552,443,67,47,307,4,6.51,12.71,Corto
2669,2670,2026-05-25 18:35:18,18,design,1944,1444,110,8,6,232,5,8.59,13.16,Corto
2670,2671,2026-07-05 13:05:19,13,tech,1410,1323,28,18,16,493,7,4.69,17.23,Medio
2671,2672,2026-07-29 11:29:53,11,tech,2017,1488,43,13,16,373,7,4.84,14.99,Corto
2672,2673,2026-02-21 18:22:38,18,tech,21456,15111,414,126,180,367,2,4.76,15.6,Corto
2673,2674,2026-08-01 07:19:30,7,tech,2467,1606,33,9,28,238,8,4.36,18.24,Corto
2674,2675,2026-05-15 19:14:44,19,tech,1745,1262,46,16,13,485,5,5.94,16.96,Medio
2675,2676,2026-03-24 18:20:51,18,tech,4367,3156,120,41,33,328,3,6.15,17.36,Corto
2676,2677,2026-05-06 09:02:02,9,design,3267,3038,192,6,7,266,5,6.75,8.95,Corto
2677,2678,2026-07-03 15:49:27,15,tech,2895,2450,70,16,41,466,7,5.18,18.86,Medio
2678,2679,2026-07-17 15:00:40,15,design,1231,1060,92,7,4,349,7,9.72,14.34,Corto
2679,2680,2026-05-20 10:05:19,10,tech,3164,2235,55,15,29,481,5,4.43,15.53,Medio
2680,2681,2026-04-12 17:52:12,17,design,1509,1203,91,7,2,333,4,8.31,11.22,Corto
2681,2682,2026-06-04 07:00:19,7,tech,15451,10171,273,148,155,457,6,5.66,20.7,Medio
2682,2683,2026-04-18 15:56:44,15,tech,8223,6802,191,86,131,253,4,6.0,23.27,Corto
2683,2684,2026-07-07 17:42:24,17,tech,9165,6643,191,61,72,385,7,4.88,15.22,Medio
2684,2685,2026-03-31 18:08:48,18,business,11773,8232,114,40,58,169,3,2.58,8.97,Muy Corto
2685,2686,2026-04-29 16:53:10,16,design,10103,7043,510,36,16,325,4,7.98,11.1,Corto
2686,2687,2026-03-15 05:39:47,5,design,2423,2141,122,10,4,285,3,6.35,9.06,Corto
2687,2688,2026-04-14 11:37:19,11,business,52180,45257,1283,309,260,101,4,4.09,10.16,Muy Corto
2688,2689,2026-04-19 18:18:44,18,design,23873,18300,1152,79,85,265,4,7.19,11.74,Corto
2689,2690,2026-03-03 14:13:51,14,business,6956,5364,136,35,53,186,3,4.18,13.05,Muy Corto
2690,2691,2026-07-20 18:46:04,18,business,2927,2015,51,16,19,81,7,4.27,13.25,Muy Corto
2691,2692,2026-06-01 08:09:42,8,tech,1082,725,16,6,8,598,6,4.14,14.34,Largo
2692,2693,2026-06-06 10:18:11,10,design,2534,1774,126,12,4,293,6,8.0,11.61,Corto
2693,2694,2026-05-21 10:18:24,10,design,340,257,16,1,0,311,5,6.61,7.78,Corto
2694,2695,2026-03-11 10:51:43,10,tech,5065,4186,122,58,34,479,3,5.11,14.95,Medio
2695,2696,2026-03-22 10:11:24,10,business,10574,8503,157,35,49,170,3,2.83,8.1,Muy Corto
2696,2697,2026-06-05 15:15:55,15,tech,836,780,18,4,11,359,6,4.23,15.64,Corto
2697,2698,2026-06-25 08:24:17,8,business,2416,2140,34,15,10,149,6,2.76,8.13,Muy Corto
2698,2699,2026-07-30 16:50:10,16,tech,23974,16544,659,218,281,450,7,7.0,22.84,Medio
2699,2700,2026-05-18 10:58:28,10,design,6120,5606,418,23,33,231,5,8.46,13.81,Corto
2700,2701,2026-03-26 17:32:37,17,business,8613,6889,150,63,46,121,3,3.76,11.18,Muy Corto
2701,2702,2026-05-22 19:12:03,19,tech,440,384,13,4,6,239,5,5.99,20.05,Corto
2702,2703,2026-07-17 09:10:17,9,business,9175,8676,193,84,51,128,7,3.78,10.8,Muy Corto
2703,2704,2026-04-01 05:11:56,5,tech,78,59,1,0,0,590,4,1.69,1.69,Largo
2704,2705,2026-06-25 08:17:37,8,design,2178,1755,140,8,6,243,6,8.77,12.54,Corto
2705,2706,2026-05-07 04:20:10,4,business,1794,1700,17,5,12,188,5,2.0,7.82,Muy Corto
2706,2707,2026-08-11 14:30:20,14,business,862,631,17,4,6,149,8,4.28,12.84,Muy Corto
2707,2708,2026-06-21 17:54:27,17,tech,2914,2719,93,17,38,597,6,5.44,17.1,Largo
2708,2709,2026-06-13 12:36:15,12,design,1413,1022,51,3,5,318,6,5.77,10.08,Corto
2709,2710,2026-08-02 17:12:48,17,tech,1826,1231,48,7,20,371,8,6.09,19.17,Corto
2710,2711,2026-06-23 10:41:42,10,tech,1162,994,31,7,11,536,6,4.93,14.79,Medio
2711,2712,2026-06-24 16:47:09,16,tech,2975,2647,87,18,36,507,6,5.33,16.89,Medio
2712,2713,2026-07-07 17:13:02,17,tech,8140,5311,188,47,98,524,7,6.27,21.84,Medio
2713,2714,2026-07-11 09:05:18,9,design,3172,2496,199,11,14,242,7,8.97,14.22,Corto
2714,2715,2026-04-28 12:01:22,12,business,4606,3125,32,31,17,170,4,2.56,9.34,Muy Corto
2715,2716,2026-04-28 17:18:04,17,design,2168,1475,79,10,6,328,4,6.44,11.32,Corto
2716,2717,2026-05-30 08:08:40,8,business,11979,8685,237,64,62,150,5,4.18,11.39,Muy Corto
2717,2718,2026-04-06 08:08:56,8,tech,15820,13911,490,95,147,274,4,5.26,14.71,Corto
2718,2719,2026-03-12 14:22:14,14,tech,2461,1866,50,12,34,442,3,5.14,19.83,Medio
2719,2720,2026-04-26 06:13:59,6,design,7328,6742,351,37,37,296,4,6.3,11.79,Corto
2720,2721,2026-04-15 18:50:40,18,tech,22201,20286,803,148,292,426,4,6.13,18.39,Medio
2721,2722,2026-04-23 15:53:36,15,design,19605,13693,827,105,39,228,4,7.09,11.39,Corto
2722,2723,2026-06-18 15:11:09,15,design,3449,2498,129,16,6,382,6,6.04,9.65,Medio
2723,2724,2026-08-12 17:30:19,17,tech,1555,1297,34,15,10,606,8,4.55,13.42,Largo
2724,2725,2026-08-18 16:38:18,16,tech,3572,3243,99,29,63,492,8,5.89,22.17,Medio
2725,2726,2026-05-06 14:37:59,14,design,3546,2551,220,10,13,260,5,9.53,14.27,Corto
2726,2727,2026-06-24 08:30:42,8,tech,2773,1935,70,10,27,481,6,5.53,16.85,Medio
2727,2728,2026-03-01 16:30:46,16,tech,3354,2564,97,32,49,389,3,6.94,24.06,Medio
2728,2729,2026-07-16 16:34:25,16,tech,562,501,12,6,9,615,7,5.39,21.56,Largo
2729,2730,2026-03-07 10:51:08,10,tech,3635,3058,72,30,58,389,3,5.23,21.45,Medio
2730,2731,2026-08-06 11:56:21,11,tech,8820,6107,233,90,111,488,8,7.11,24.25,Medio
2731,2732,2026-05-16 07:53:49,7,tech,24095,20768,450,226,270,261,5,4.56,16.92,Corto
2732,2733,2026-04-23 08:09:04,8,business,9228,7724,104,39,67,178,4,2.72,10.31,Muy Corto
2733,2734,2026-05-11 14:20:01,14,design,1265,969,72,3,2,353,5,7.95,10.32,Corto
2734,2735,2026-03-24 17:29:00,17,design,1496,1079,84,8,3,229,3,8.8,12.97,Corto
2735,2736,2026-06-20 10:24:50,10,design,27492,18194,1044,42,97,281,6,6.5,10.93,Corto
2736,2737,2026-03-23 17:11:56,17,tech,2605,1855,37,27,33,403,3,5.23,22.05,Medio
2737,2738,2026-04-11 06:25:31,6,design,2669,2450,149,19,5,326,4,7.06,10.82,Corto
2738,2739,2026-07-13 11:16:16,11,design,1700,1449,125,3,7,288,7,9.32,13.32,Corto
2739,2740,2026-08-14 11:53:26,11,design,3536,2884,253,14,10,310,8,9.6,13.49,Corto
2740,2741,2026-05-14 13:38:12,13,design,2190,1768,154,13,7,254,5,9.84,14.82,Corto
2741,2742,2026-04-18 13:08:56,13,tech,1346,886,18,8,13,502,4,4.4,17.38,Medio
2742,2743,2026-04-26 12:28:16,12,design,780,589,36,3,2,261,4,6.96,10.87,Corto
2743,2744,2026-04-11 07:58:47,7,tech,1289,1144,33,9,15,558,4,4.98,16.52,Largo
2744,2745,2026-07-21 12:35:58,12,tech,38548,30828,1080,283,437,521,7,5.84,18.52,Medio
2745,2746,2026-06-15 09:18:57,9,tech,5875,3976,94,37,40,353,6,4.3,14.13,Corto
2746,2747,2026-08-04 04:02:50,4,tech,1175,899,26,7,17,475,8,5.56,21.13,Medio
2747,2748,2026-04-11 10:12:17,10,tech,4708,3608,104,51,61,241,4,5.99,22.06,Corto
2748,2749,2026-04-15 08:08:00,8,tech,2312,1578,53,20,26,387,4,6.27,21.61,Medio
2749,2750,2026-05-01 17:00:00,17,tech,1328,873,22,5,13,511,5,4.58,16.72,Medio
2750,2751,2026-05-29 12:02:01,12,tech,1783,1464,41,10,26,385,5,5.26,19.74,Medio
2751,2752,2026-03-29 12:46:32,12,design,1443,1095,90,2,5,252,3,8.86,12.6,Corto
2752,2753,2026-08-18 11:13:23,11,design,6557,4716,289,20,11,349,8,6.79,9.69,Corto
2753,2754,2026-05-31 20:10:35,20,tech,2504,1955,74,24,33,529,5,6.7,22.2,Medio
2754,2755,2026-04-25 07:20:32,7,tech,8639,6687,248,37,123,493,4,6.1,20.64,Medio
2755,2756,2026-07-31 12:55:26,12,tech,1682,1131,43,8,15,319,7,5.84,17.24,Corto
2756,2757,2026-03-28 06:36:21,6,tech,1509,1403,36,8,17,381,3,4.35,14.54,Medio
2757,2758,2026-07-11 19:58:02,19,design,7919,5523,408,14,19,364,7,7.98,11.15,Corto
2758,2759,2026-06-28 18:36:40,18,design,19730,18355,1639,75,50,355,6,9.61,12.74,Corto
2759,2760,2026-08-10 13:58:27,13,design,757,701,39,5,2,209,8,6.56,10.7,Corto
2760,2761,2026-07-11 14:50:37,14,tech,1274,1109,33,8,13,458,7,4.87,15.24,Medio
2761,2762,2026-04-16 19:05:18,19,tech,360,338,6,2,3,342,4,3.25,11.24,Corto
2762,2763,2026-06-08 16:08:23,16,tech,1276,1142,39,12,19,456,6,6.13,20.93,Medio
2763,2764,2026-04-16 20:07:58,20,tech,720,606,17,7,6,365,4,4.95,15.35,Corto
2764,2765,2026-07-24 09:53:01,9,tech,16078,11282,440,122,124,413,7,6.08,17.02,Medio
2765,2766,2026-04-03 09:40:57,9,design,29901,26367,2113,110,58,367,4,8.65,11.44,Corto
2766,2767,2026-08-12 21:54:53,21,design,959,884,47,4,2,328,8,6.0,8.94,Corto
2767,2768,2026-02-24 17:05:10,17,tech,10125,8424,201,124,123,359,2,5.32,19.95,Corto
2768,2769,2026-08-01 11:33:21,11,business,540,427,6,2,2,92,8,2.34,7.03,Muy Corto
2769,2770,2026-06-28 18:48:55,18,business,1212,1038,19,5,9,185,6,3.18,10.69,Muy Corto
2770,2771,2026-02-22 10:32:55,10,design,31272,28000,1599,198,91,283,2,6.74,11.14,Corto
2771,2772,2026-07-26 14:46:34,14,tech,1817,1487,42,18,20,470,7,5.38,18.43,Medio
2772,2773,2026-02-25 10:18:09,10,design,9321,7160,365,23,26,270,2,5.78,9.29,Corto
2773,2774,2026-03-13 07:12:09,7,design,981,810,51,5,2,288,3,7.16,10.74,Corto
2774,2775,2026-06-16 07:16:24,7,business,5021,4420,72,27,39,193,6,3.12,11.13,Muy Corto
2775,2776,2026-03-24 06:43:15,6,tech,330,223,6,1,3,385,3,4.48,15.25,Medio
2776,2777,2026-04-30 08:44:11,8,design,782,705,43,2,1,225,4,6.52,8.37,Corto
2777,2778,2026-04-03 09:26:44,9,design,2786,2024,104,8,7,355,4,5.88,9.49,Corto
2778,2779,2026-07-13 15:12:46,15,tech,3380,2897,97,24,48,483,7,5.83,19.92,Medio
2779,2780,2026-03-16 05:36:40,5,tech,3273,2735,99,39,48,378,3,6.8,23.36,Medio
2780,2781,2026-04-03 21:34:44,21,business,4634,3465,63,25,34,178,4,3.52,12.55,Muy Corto
2781,2782,2026-03-28 17:52:43,17,design,29564,23176,1271,62,70,337,3,6.05,8.97,Corto
2782,2783,2026-04-05 23:13:31,23,design,5487,3890,218,15,10,315,4,6.25,9.2,Corto
2783,2784,2026-06-26 08:43:30,8,tech,556,409,15,2,4,495,6,5.13,13.45,Medio
2784,2785,2026-03-06 19:33:10,19,business,713,564,13,1,2,170,3,2.84,5.85,Muy Corto
2785,2786,2026-05-21 09:29:13,9,tech,11307,9251,264,135,145,499,5,5.88,21.23,Medio
2786,2787,2026-02-28 15:47:25,15,tech,14158,9969,286,102,179,416,2,5.69,21.33,Medio
2787,2788,2026-07-26 10:28:10,10,design,25771,20492,1220,160,51,273,7,6.98,11.07,Corto
2788,2789,2026-08-01 09:54:05,9,tech,577,376,8,5,7,269,8,5.32,22.34,Corto
2789,2790,2026-06-25 22:28:21,22,tech,11409,9934,200,55,100,408,6,3.57,12.28,Medio
2790,2791,2026-05-16 15:14:29,15,tech,6586,5084,162,29,92,339,5,5.57,19.94,Corto
2791,2792,2026-03-26 17:02:25,17,design,2218,2044,112,6,6,311,3,6.07,9.0,Corto
2792,2793,2026-08-11 12:06:28,12,design,17263,12512,809,34,37,396,8,7.03,9.92,Medio
2793,2794,2026-03-03 08:04:23,8,design,21238,17995,1321,72,52,191,3,8.03,11.25,Muy Corto
2794,2795,2026-05-14 19:17:15,19,business,13287,8671,165,46,57,151,5,3.09,9.28,Muy Corto
2795,2796,2026-05-20 18:43:37,18,design,1243,1043,73,3,4,356,5,7.67,11.22,Corto
2796,2797,2026-08-19 16:20:09,16,tech,459,398,8,4,6,491,8,4.52,18.09,Medio
2797,2798,2026-07-06 11:39:40,11,tech,5657,5176,131,72,97,368,7,5.8,23.09,Corto
2798,2799,2026-04-06 13:46:05,13,business,5572,3753,79,18,26,142,4,3.28,9.57,Muy Corto
2799,2800,2026-07-21 19:49:08,19,tech,297,253,7,3,2,352,7,4.74,13.83,Corto
2800,2801,2026-06-07 11:35:59,11,design,1442,1118,86,2,6,397,6,8.41,12.7,Medio
2801,2802,2026-05-24 23:28:00,23,tech,2894,1960,39,13,27,488,5,4.03,15.66,Medio
2802,2803,2026-04-08 19:18:33,19,design,4742,3404,248,13,13,354,4,8.05,11.87,Corto
2803,2804,2026-08-04 09:43:58,9,design,1128,1067,57,5,6,299,8,6.37,11.72,Corto
2804,2805,2026-06-04 07:08:47,7,tech,2565,1970,54,24,37,437,6,5.84,22.64,Medio
2805,2806,2026-04-09 13:31:55,13,tech,6729,4510,158,34,64,395,4,5.68,17.87,Medio
2806,2807,2026-06-09 13:58:05,13,tech,767,521,20,3,9,293,6,6.14,19.96,Corto
2807,2808,2026-05-30 10:50:49,10,design,1438,999,80,4,3,397,5,8.71,12.01,Medio
2808,2809,2026-06-09 12:27:21,12,tech,11650,8560,291,124,109,477,6,6.12,19.38,Medio
2809,2810,2026-03-16 17:03:09,17,tech,18857,14958,354,171,120,355,3,4.31,13.36,Corto
2810,2811,2026-03-11 10:35:20,10,design,9130,6812,602,27,32,251,3,9.7,14.18,Corto
2811,2812,2026-04-01 09:51:59,9,design,3215,2531,160,10,11,249,4,7.15,11.38,Corto
2812,2813,2026-04-10 10:28:36,10,business,1215,1053,26,9,8,120,4,4.08,11.97,Muy Corto
2813,2814,2026-03-22 08:19:33,8,design,9419,6198,402,40,15,265,3,7.37,11.0,Corto
2814,2815,2026-07-15 19:27:20,19,business,1437,1009,29,3,9,168,7,4.06,11.2,Muy Corto
2815,2816,2026-04-10 11:22:13,11,design,5707,5137,455,17,25,309,4,9.67,14.07,Corto
2816,2817,2026-03-07 11:31:42,11,tech,5494,4273,157,51,68,477,3,6.46,21.18,Medio
2817,2818,2026-08-12 19:18:32,19,business,1446,1311,14,7,8,138,8,2.21,8.09,Muy Corto
2818,2819,2026-08-01 14:06:34,14,design,9792,7509,586,44,41,244,8,8.94,14.52,Corto
2819,2820,2026-04-14 16:24:52,16,design,6602,5535,371,23,23,240,4,7.53,11.69,Corto
2820,2821,2026-04-13 10:55:11,10,business,26091,24101,672,104,142,164,4,3.81,9.23,Muy Corto
2821,2822,2026-05-16 08:59:38,8,design,1749,1499,111,5,6,241,5,8.14,11.94,Corto
2822,2823,2026-06-04 08:29:54,8,tech,24913,18500,511,202,337,439,6,5.68,21.7,Medio
2823,2824,2026-08-07 18:10:40,18,tech,6351,4335,109,41,60,500,8,4.84,17.37,Medio
2824,2825,2026-07-03 17:32:14,17,design,825,723,44,5,2,306,7,7.05,11.07,Corto
2825,2826,2026-05-29 16:02:54,16,business,1633,1455,26,8,9,163,5,2.96,8.93,Muy Corto
2826,2827,2026-03-30 17:22:13,17,tech,5223,4454,153,41,77,319,3,6.08,20.95,Corto
2827,2828,2026-05-26 18:37:34,18,tech,20116,17656,495,223,149,337,5,4.91,14.61,Corto
2828,2829,2026-04-02 21:59:36,21,business,279,196,4,0,1,101,4,2.55,6.12,Muy Corto
2829,2830,2026-03-29 10:09:34,10,tech,25120,19152,765,214,171,502,3,6.0,15.61,Medio
2830,2831,2026-06-07 09:36:05,9,design,6221,4172,252,13,12,329,6,6.64,9.59,Corto
2831,2832,2026-05-14 20:08:01,20,tech,1020,953,24,11,9,365,5,4.62,14.69,Corto
2832,2833,2026-06-28 17:27:05,17,design,9951,6513,478,30,16,394,6,8.05,11.15,Medio
2833,2834,2026-03-25 20:43:18,20,business,3775,3551,67,21,25,147,3,3.18,9.88,Muy Corto
2834,2835,2026-05-15 08:51:34,8,tech,2448,1822,67,26,22,330,5,6.31,19.05,Corto
2835,2836,2026-08-11 18:45:25,18,design,2636,1745,93,11,6,269,8,6.3,10.6,Corto
2836,2837,2026-06-22 18:26:52,18,tech,16883,15261,599,223,159,367,6,6.43,18.1,Corto
2837,2838,2026-07-24 13:00:22,13,design,5892,4394,315,14,21,352,7,7.97,12.27,Corto
2838,2839,2026-04-08 20:05:46,20,tech,1722,1353,37,8,18,325,4,4.66,15.74,Corto
2839,2840,2026-04-07 18:30:52,18,tech,631,587,18,3,10,442,4,5.28,18.74,Medio
2840,2841,2026-04-22 16:48:06,16,business,3322,2798,80,23,21,162,4,4.43,12.15,Muy Corto
2841,2842,2026-08-14 14:25:21,14,design,1474,1264,107,9,6,323,8,9.65,15.11,Corto
2842,2843,2026-07-26 08:16:14,8,tech,838,725,27,4,6,397,7,5.1,12.55,Medio
2843,2844,2026-06-09 08:53:42,8,design,6272,5644,465,19,26,293,6,9.04,13.27,Corto
2844,2845,2026-06-18 10:34:28,10,tech,1444,1265,33,8,16,406,6,4.51,15.26,Medio
2845,2846,2026-06-18 08:59:28,8,tech,5787,5392,114,61,105,289,6,5.19,22.22,Corto
2846,2847,2026-04-25 10:07:36,10,business,11407,9567,228,60,40,172,4,3.43,8.24,Muy Corto
2847,2848,2026-03-07 08:02:52,8,design,11654,10424,609,37,48,313,3,6.66,10.95,Corto
2848,2849,2026-08-12 18:44:34,18,business,675,526,9,1,3,178,8,2.47,7.03,Muy Corto
2849,2850,2026-05-29 09:42:36,9,design,5698,3896,329,24,8,331,5,9.27,12.55,Corto
2850,2851,2026-08-16 16:58:56,16,tech,1893,1603,46,21,29,375,8,5.99,22.58,Medio
2851,2852,2026-05-10 00:13:17,0,tech,1162,896,20,6,13,476,5,4.35,16.52,Medio
2852,2853,2026-08-01 18:39:46,18,tech,5167,4894,184,38,62,217,8,5.8,17.0,Corto
2853,2854,2026-04-05 07:22:32,7,design,3081,2384,205,16,9,197,4,9.65,14.3,Muy Corto
2854,2855,2026-07-24 13:50:44,13,tech,2720,2550,56,16,49,337,7,4.75,20.08,Corto
2855,2856,2026-08-12 11:35:13,11,tech,4304,3505,81,44,66,475,8,5.45,22.4,Medio
2856,2857,2026-03-08 18:40:32,18,tech,7333,6813,259,85,131,326,3,6.97,24.17,Corto
2857,2858,2026-05-12 14:42:50,14,tech,460,370,12,4,5,121,5,5.68,18.38,Muy Corto
2858,2859,2026-06-26 12:47:54,12,tech,886,837,23,4,12,388,6,4.66,16.13,Medio
2859,2860,2026-05-20 14:11:20,14,design,857,603,42,2,3,260,5,7.79,12.27,Corto
2860,2861,2026-05-13 18:25:18,18,tech,1911,1637,33,11,25,531,5,4.22,16.92,Medio
2861,2862,2026-03-11 08:35:33,8,tech,8112,6348,182,66,93,388,3,5.37,18.75,Medio
2862,2863,2026-07-09 15:22:51,15,design,1008,882,66,1,2,241,7,7.82,9.75,Corto
2863,2864,2026-03-19 16:55:11,16,tech,624,502,19,7,4,443,3,5.98,15.74,Medio
2864,2865,2026-06-18 09:18:10,9,tech,1879,1675,36,23,31,648,6,5.37,22.45,Largo
2865,2866,2026-04-17 11:23:08,11,design,7764,6568,388,31,16,278,4,6.62,9.74,Corto
2866,2867,2026-05-19 15:25:08,15,business,732,637,14,2,5,219,5,3.3,9.73,Corto
2867,2868,2026-06-22 17:15:05,17,tech,5680,4447,172,64,38,154,6,6.16,16.46,Muy Corto
2868,2869,2026-06-16 10:46:16,10,tech,8720,8162,174,67,114,516,6,4.35,16.59,Medio
2869,2870,2026-02-23 19:13:07,19,business,852,808,21,6,6,79,2,4.08,11.51,Muy Corto
2870,2871,2026-06-17 09:12:50,9,business,7415,5609,107,17,32,139,6,2.78,7.68,Muy Corto
2871,2872,2026-05-05 09:03:49,9,business,33308,28127,283,167,243,158,5,2.46,10.29,Muy Corto
2872,2873,2026-05-24 16:13:40,16,design,11501,10656,953,25,51,279,5,9.66,13.71,Corto
2873,2874,2026-06-11 15:50:13,15,design,10803,9526,648,67,20,290,6,7.72,11.3,Corto
2874,2875,2026-07-25 16:37:23,16,tech,6128,5565,123,35,76,497,7,4.2,15.65,Medio
2875,2876,2026-05-06 12:45:50,12,tech,877,670,13,5,9,259,5,4.03,15.67,Corto
2876,2877,2026-07-06 07:00:56,7,design,3490,2960,155,21,12,363,7,6.35,11.32,Corto
2877,2878,2026-05-22 08:11:48,8,tech,2369,1843,39,16,31,355,5,4.67,19.05,Corto
2878,2879,2026-06-11 20:52:36,20,tech,3426,2749,102,37,51,604,6,6.91,23.94,Largo
2879,2880,2026-08-18 11:44:53,11,design,3078,2549,182,7,15,278,8,8.0,12.95,Corto
2880,2881,2026-03-22 15:18:32,15,tech,11946,9983,328,56,105,442,3,4.9,13.94,Medio
2881,2882,2026-04-13 18:08:48,18,tech,7326,5466,125,55,88,367,4,4.9,19.19,Corto
2882,2883,2026-04-09 16:07:52,16,tech,5440,4434,168,63,36,510,4,6.02,15.97,Medio
2883,2884,2026-04-10 08:54:19,8,design,5501,3660,306,27,21,283,4,9.67,15.9,Corto
2884,2885,2026-03-16 01:57:07,1,tech,267,209,6,1,1,354,3,3.83,8.61,Corto
2885,2886,2026-07-20 09:57:32,9,tech,2765,2461,57,34,44,260,7,5.49,22.15,Corto
2886,2887,2026-07-17 09:59:23,9,tech,1220,1007,26,7,13,523,7,4.57,15.69,Medio
2887,2888,2026-06-28 12:03:57,12,business,3142,2395,48,9,21,175,6,3.26,10.52,Muy Corto
2888,2889,2026-04-10 19:04:39,19,tech,906,802,24,10,11,399,4,5.61,18.95,Medio
2889,2890,2026-05-03 09:48:01,9,business,54325,42799,1104,406,270,229,5,4.16,11.42,Corto
2890,2891,2026-06-22 10:37:34,10,tech,4260,3527,139,23,68,563,6,6.52,21.97,Largo
2891,2892,2026-06-05 06:12:22,6,tech,6972,5173,142,63,71,416,6,5.34,18.6,Medio
2892,2893,2026-06-18 19:08:03,19,tech,5898,5229,176,57,91,192,6,6.2,21.65,Muy Corto
2893,2894,2026-04-17 12:23:55,12,tech,405,349,11,3,6,282,4,5.73,20.34,Corto
2894,2895,2026-07-11 15:39:29,15,tech,2038,1544,43,17,20,579,7,5.18,17.55,Largo
2895,2896,2026-08-12 12:31:28,12,design,1630,1350,82,4,5,325,8,6.74,10.22,Corto
2896,2897,2026-02-22 16:39:48,16,tech,2849,2422,94,21,34,567,2,6.15,18.58,Largo
2897,2898,2026-05-24 09:46:59,9,business,1173,873,15,5,7,139,5,3.09,10.42,Muy Corto
2898,2899,2026-04-01 10:14:38,10,tech,481,420,13,4,4,312,4,5.0,14.52,Corto
2899,2900,2026-05-23 12:51:43,12,design,5552,4702,369,20,24,277,5,8.78,13.63,Corto
2900,2901,2026-07-21 11:38:30,11,design,4354,2894,149,12,12,320,7,5.98,10.12,Corto
2901,2902,2026-06-11 07:58:34,7,tech,3636,2870,78,25,35,190,6,4.81,15.96,Muy Corto
2902,2903,2026-08-14 11:26:14,11,design,26792,23413,1572,61,60,309,8,7.23,9.81,Corto
2903,2904,2026-06-07 08:11:55,8,tech,1869,1687,35,17,16,432,6,4.03,13.69,Medio
2904,2905,2026-06-28 19:19:15,19,tech,16792,12704,254,78,164,331,6,3.9,14.78,Corto
2905,2906,2026-06-17 10:15:32,10,business,9051,7530,102,49,30,132,6,2.4,7.14,Muy Corto
2906,2907,2026-05-17 17:39:16,17,tech,7107,5493,123,29,74,339,5,4.11,15.13,Corto
2907,2908,2026-04-14 07:12:27,7,tech,7215,6763,186,89,105,362,4,5.62,20.43,Corto
2908,2909,2026-04-11 10:19:04,10,tech,3360,2806,109,14,25,378,4,5.27,13.01,Medio
2909,2910,2026-07-06 10:39:11,10,tech,67695,63540,2213,484,517,235,7,5.06,13.04,Corto
2910,2911,2026-05-30 13:23:32,13,business,432,295,7,2,1,219,5,3.39,7.8,Corto
2911,2912,2026-05-02 15:54:11,15,design,11404,9101,779,62,31,296,5,9.58,14.01,Corto
2912,2913,2026-04-20 09:42:12,9,tech,2998,2187,47,24,23,585,4,4.3,14.95,Largo
2913,2914,2026-05-07 10:39:08,10,design,939,688,54,4,3,262,5,8.87,13.66,Corto
2914,2915,2026-05-23 18:30:02,18,design,2142,1553,139,8,4,201,5,9.72,13.07,Muy Corto
2915,2916,2026-03-24 08:19:52,8,tech,2050,1441,49,9,17,269,3,5.2,15.34,Corto
2916,2917,2026-04-26 15:52:05,15,tech,798,596,20,6,10,519,4,6.04,20.81,Medio
2917,2918,2026-03-11 17:33:11,17,tech,20716,15306,568,122,151,386,3,5.49,14.79,Medio
2918,2919,2026-02-28 20:48:23,20,tech,15265,12898,479,171,241,452,2,6.91,23.96,Medio
2919,2920,2026-06-15 06:28:54,6,tech,12853,8982,355,108,100,444,6,6.27,17.67,Medio
2920,2921,2026-03-23 13:17:42,13,tech,14126,10157,220,101,178,601,3,4.91,20.16,Largo
2921,2922,2026-06-21 06:16:54,6,business,209,185,5,1,1,197,6,3.78,9.19,Muy Corto
2922,2923,2026-04-11 10:51:50,10,tech,8401,6160,133,81,65,566,4,4.53,15.86,Largo
2923,2924,2026-03-02 15:27:44,15,tech,1314,989,34,8,13,375,3,5.56,17.19,Medio
2924,2925,2026-08-14 12:17:24,12,design,205,183,9,0,0,266,8,4.92,4.92,Corto
2925,2926,2026-07-30 17:20:40,17,tech,1352,1013,35,14,9,571,7,5.73,16.09,Largo
2926,2927,2026-07-31 12:48:51,12,tech,3398,3145,92,32,30,445,7,4.9,14.63,Medio
2927,2928,2026-05-19 19:47:15,19,tech,2585,1835,52,24,26,510,5,5.56,19.4,Medio
2928,2929,2026-04-11 10:35:50,10,design,513,421,31,2,2,320,4,8.31,13.06,Corto
2929,2930,2026-07-30 14:00:51,14,tech,21225,14053,446,95,218,365,7,5.4,18.29,Corto
2930,2931,2026-03-10 10:05:33,10,design,12269,11303,651,45,51,307,3,6.61,10.96,Corto
2931,2932,2026-04-25 08:26:11,8,design,2935,2375,188,12,13,359,4,8.97,14.32,Corto
2932,2933,2026-07-03 11:30:48,11,design,5320,4045,314,28,22,269,7,9.0,14.88,Corto
2933,2934,2026-07-27 13:37:36,13,design,7705,6717,414,36,25,371,7,7.07,11.28,Corto
2934,2935,2026-07-16 17:15:28,17,tech,13625,10174,299,69,101,433,7,4.61,13.59,Medio
2935,2936,2026-07-30 10:51:38,10,design,7034,6679,370,48,30,337,7,6.71,12.01,Corto
2936,2937,2026-05-12 18:43:19,18,design,1167,912,81,2,4,274,5,9.54,13.27,Corto
2937,2938,2026-03-12 12:27:55,12,tech,4671,3741,86,34,35,507,3,4.14,13.42,Medio
2938,2939,2026-07-07 06:50:16,6,tech,807,539,17,2,10,509,7,5.38,19.48,Medio
2939,2940,2026-04-17 17:41:39,17,business,4119,3590,79,27,30,152,4,3.79,11.89,Muy Corto
2940,2941,2026-05-21 13:02:31,13,business,5934,4784,120,35,28,128,5,3.83,10.12,Muy Corto
2941,2942,2026-05-26 13:32:33,13,design,11207,9243,685,69,36,215,5,8.55,13.51,Corto
2942,2943,2026-06-15 19:34:41,19,tech,446,422,12,5,5,508,6,5.21,17.06,Medio
2943,2944,2026-05-26 16:34:51,16,tech,1982,1817,39,23,33,454,5,5.23,21.74,Medio
2944,2945,2026-08-19 16:14:09,16,tech,1475,1388,31,11,19,247,8,4.39,16.35,Corto
2945,2946,2026-04-14 08:00:36,8,tech,5470,3599,123,32,70,542,4,6.25,22.53,Medio
2946,2947,2026-06-19 13:46:45,13,design,3229,2446,177,15,7,330,6,8.14,11.98,Corto
2947,2948,2026-05-12 09:10:48,9,tech,2876,2715,82,34,42,309,5,5.82,20.41,Corto
2948,2949,2026-06-18 07:26:07,7,tech,447,401,13,3,7,595,6,5.74,20.2,Largo
2949,2950,2026-07-03 17:01:22,17,tech,2206,1988,62,25,33,287,7,6.04,21.43,Corto
2950,2951,2026-05-13 11:09:28,11,design,5269,4762,239,16,23,288,5,5.84,10.23,Corto
2951,2952,2026-08-06 18:07:20,18,design,2871,2117,181,11,6,294,8,9.35,12.9,Corto
2952,2953,2026-05-07 13:01:02,13,tech,4988,4510,131,25,36,411,5,4.26,11.51,Medio
2953,2954,2026-05-11 18:42:07,18,design,11840,9945,600,76,48,306,5,7.28,12.95,Corto
2954,2955,2026-06-15 00:41:08,0,business,650,449,9,4,3,155,6,3.56,10.91,Muy Corto
2955,2956,2026-04-24 15:26:02,15,tech,999,711,18,7,12,387,4,5.2,19.97,Medio
2956,2957,2026-07-17 16:00:19,16,tech,11429,7438,158,58,145,426,7,4.85,20.84,Medio
2957,2958,2026-08-09 18:57:21,18,design,7424,5159,372,26,10,302,8,7.91,10.78,Corto
2958,2959,2026-04-28 09:50:57,9,business,28463,19333,273,162,139,156,4,2.97,10.52,Muy Corto
2959,2960,2026-03-28 16:45:25,16,tech,13867,9524,202,50,129,273,3,4.0,15.06,Corto
2960,2961,2026-08-01 07:54:23,7,business,1571,1182,27,4,7,135,8,3.21,8.38,Muy Corto
2961,2962,2026-04-25 17:09:02,17,tech,1043,727,19,4,9,306,4,4.4,14.72,Corto
2962,2963,2026-04-30 23:55:45,23,tech,3698,2701,83,20,39,227,4,5.26,17.59,Corto
2963,2964,2026-05-31 08:34:12,8,business,27151,18001,440,59,176,181,5,3.75,11.58,Muy Corto
2964,2965,2026-04-27 11:30:28,11,design,5420,5097,396,23,12,338,4,8.46,11.46,Corto
2965,2966,2026-02-28 14:17:13,14,business,3234,2857,63,19,27,187,2,3.82,12.43,Muy Corto
2966,2967,2026-06-29 10:25:00,10,tech,5434,4172,95,47,54,356,6,4.7,17.14,Corto
2967,2968,2026-06-15 09:49:58,9,business,3338,3134,43,26,21,138,6,2.87,10.05,Muy Corto
2968,2969,2026-02-25 10:55:43,10,tech,2456,2185,81,31,43,325,2,7.09,25.13,Corto
2969,2970,2026-05-26 15:54:42,15,design,2268,1942,147,9,6,311,5,8.34,11.89,Corto
2970,2971,2026-08-16 18:47:06,18,tech,956,772,17,10,10,308,8,4.79,17.75,Corto
2971,2972,2026-03-06 09:21:11,9,business,3068,2393,55,12,23,197,3,3.76,11.99,Muy Corto
2972,2973,2026-04-06 11:45:01,11,tech,4765,4073,83,30,62,568,4,4.3,17.16,Largo
2973,2974,2026-06-18 18:41:13,18,tech,12498,8789,221,53,102,273,6,4.28,14.21,Corto
2974,2975,2026-06-18 09:23:53,9,design,2997,2278,142,16,7,292,6,7.24,11.5,Corto
2975,2976,2026-03-09 08:01:20,8,tech,746,618,16,4,6,486,3,4.21,12.94,Medio
2976,2977,2026-06-24 17:30:48,17,tech,51938,40636,955,204,455,268,6,3.97,13.32,Corto
2977,2978,2026-04-13 21:10:31,21,tech,2702,1817,39,11,19,446,4,3.8,12.93,Medio
2978,2979,2026-04-21 08:59:50,8,design,404,340,23,2,1,325,4,7.65,11.47,Corto
2979,2980,2026-06-10 15:47:28,15,design,601,511,42,1,1,243,6,8.61,10.57,Corto
2980,2981,2026-04-09 10:11:50,10,tech,5735,5012,163,38,53,332,4,5.07,14.74,Corto
2981,2982,2026-05-02 06:31:15,6,tech,1018,711,15,10,7,376,5,4.5,15.61,Medio
2982,2983,2026-05-05 22:40:55,22,business,3012,2631,78,11,11,133,5,3.8,7.98,Muy Corto
2983,2984,2026-07-02 16:11:23,16,business,1020,671,13,2,6,157,7,3.13,10.28,Muy Corto
2984,2985,2026-04-03 11:48:22,11,design,6696,5022,342,39,23,319,4,8.04,13.58,Corto
2985,2986,2026-06-13 21:31:08,21,tech,19404,14163,461,192,141,117,6,5.61,16.64,Muy Corto
2986,2987,2026-04-06 14:33:45,14,design,5135,3570,262,7,20,395,4,8.1,12.61,Medio
2987,2988,2026-05-16 14:04:33,14,tech,11311,7738,187,49,152,437,5,5.01,20.66,Medio
2988,2989,2026-05-02 06:48:41,6,tech,6743,4647,122,40,77,159,5,5.14,19.32,Muy Corto
2989,2990,2026-03-20 22:30:31,22,business,1092,719,12,3,7,182,3,3.06,11.13,Muy Corto
2990,2991,2026-06-30 14:21:45,14,tech,24593,20179,468,122,377,362,6,4.79,19.68,Corto
2991,2992,2026-06-09 10:40:16,10,tech,4773,4445,92,48,84,342,6,5.04,21.51,Corto
2992,2993,2026-06-07 17:08:05,17,tech,614,537,16,6,8,340,6,5.59,19.37,Corto
2993,2994,2026-03-17 10:03:00,10,tech,4280,3617,72,46,38,330,3,4.31,15.48,Corto
2994,2995,2026-05-25 16:04:39,16,tech,444,340,12,3,3,338,5,5.29,14.12,Corto
2995,2996,2026-02-24 16:24:26,16,tech,2649,2071,45,21,18,517,2,4.06,13.18,Medio
2996,2997,2026-05-13 16:56:05,16,design,2142,1422,92,4,7,347,5,7.24,11.53,Corto
2997,2998,2026-08-06 16:21:28,16,design,1372,1111,66,6,4,268,8,6.84,10.98,Corto
2998,2999,2026-05-27 13:59:00,13,business,836,702,7,5,4,116,5,2.28,8.4,Muy Corto
2999,3000,2026-08-09 20:13:04,20,tech,6302,4829,178,69,45,532,8,6.05,16.86,Medio
3000,3001,2026-07-24 10:26:40,10,business,7043,6332,105,34,59,153,7,3.13,11.26,Muy Corto
3001,3002,2026-06-08 15:39:24,15,business,6343,4259,125,31,29,164,6,4.34,11.29,Muy Corto
3002,3003,2026-03-21 08:53:19,8,business,3654,2777,52,19,27,173,3,3.53,12.39,Muy Corto
3003,3004,2026-05-16 10:14:49,10,design,2129,1978,173,15,9,329,5,9.96,15.42,Corto
3004,3005,2026-07-07 18:20:15,18,business,321,230,3,1,1,106,7,2.17,6.52,Muy Corto
3005,3006,2026-08-02 17:44:48,17,tech,2650,2343,47,29,42,442,8,5.04,21.3,Medio
3006,3007,2026-07-28 08:55:46,8,business,6688,5904,147,25,41,210,7,3.61,9.74,Corto
3007,3008,2026-06-15 11:28:34,11,design,10087,6563,351,33,27,322,6,6.26,10.65,Corto
3008,3009,2026-02-23 14:32:45,14,design,9687,7813,636,48,43,308,2,9.31,15.0,Corto
3009,3010,2026-05-20 09:59:24,9,tech,3141,2506,91,20,22,445,5,5.31,13.85,Medio
3010,3011,2026-03-05 16:19:17,16,design,2352,1737,102,12,9,354,3,7.08,12.78,Corto
3011,3012,2026-05-23 08:57:44,8,design,4336,2868,190,15,12,375,5,7.57,12.06,Medio
3012,3013,2026-02-23 15:08:30,15,tech,3812,3477,110,24,40,334,2,5.0,15.13,Corto
3013,3014,2026-05-07 17:50:42,17,design,7965,5967,497,44,12,306,5,9.27,12.89,Corto
3014,3015,2026-06-10 11:02:12,11,business,7824,5946,149,21,50,156,6,3.7,10.65,Muy Corto
3015,3016,2026-04-16 18:00:29,18,design,8799,5744,362,20,27,326,4,7.12,11.46,Corto
3016,3017,2026-06-13 16:44:28,16,tech,15673,13409,406,148,250,264,6,6.0,22.36,Corto
3017,3018,2026-02-22 11:11:33,11,tech,5624,4690,99,27,92,450,2,4.65,20.11,Medio
3018,3019,2026-03-18 19:57:32,19,tech,1084,986,32,11,14,333,3,5.78,19.07,Corto
3019,3020,2026-03-21 04:00:42,4,design,1662,1134,69,4,6,311,3,6.97,11.73,Corto
3020,3021,2026-06-22 03:22:58,3,design,211,179,14,1,0,296,6,8.38,10.06,Corto
3021,3022,2026-08-10 23:41:31,23,tech,9000,8133,204,87,127,462,8,5.14,19.28,Medio
3022,3023,2026-08-14 10:44:28,10,tech,11520,8550,326,54,103,199,8,5.65,15.98,Muy Corto
3023,3024,2026-03-03 11:55:45,11,business,58355,55273,678,218,280,136,3,2.13,6.86,Muy Corto
3024,3025,2026-05-24 00:52:22,0,tech,2131,1705,43,14,26,407,5,4.87,18.01,Medio
3025,3026,2026-02-23 16:16:39,16,design,1682,1382,83,9,4,352,2,6.95,10.93,Corto
3026,3027,2026-07-20 09:27:07,9,design,4823,4518,397,19,14,259,7,9.52,12.95,Corto
3027,3028,2026-05-10 15:33:40,15,design,385,348,28,1,1,418,5,8.62,11.49,Medio
3028,3029,2026-05-31 16:20:55,16,tech,540,411,12,4,6,490,5,5.35,18.49,Medio
3029,3030,2026-05-06 19:32:08,19,tech,410,273,9,3,3,447,5,5.49,16.48,Medio
3030,3031,2026-03-29 14:42:00,14,design,2333,1593,113,7,4,272,3,7.78,10.86,Corto
3031,3032,2026-05-23 15:00:37,15,tech,2199,1666,33,10,28,435,5,4.26,17.83,Medio
3032,3033,2026-07-06 11:04:57,11,design,10228,9103,777,38,50,320,7,9.5,14.6,Corto
3033,3034,2026-06-15 06:13:34,6,design,896,607,41,3,3,302,6,7.74,12.69,Corto
3034,3035,2026-07-11 14:14:06,14,business,1913,1559,15,14,9,155,7,2.44,9.17,Muy Corto
3035,3036,2026-04-17 17:55:01,17,design,2813,2384,202,14,8,249,4,9.4,13.51,Corto
3036,3037,2026-04-26 14:56:37,14,tech,2878,2528,74,20,21,406,4,4.55,12.74,Medio
3037,3038,2026-07-23 15:04:38,15,design,326,251,12,0,0,244,7,4.78,4.78,Corto
3038,3039,2026-04-19 12:39:59,12,design,32447,27648,1637,75,139,303,4,6.69,11.03,Corto
3039,3040,2026-05-09 11:10:48,11,design,52712,34791,2740,221,160,316,5,8.97,14.1,Corto
3040,3041,2026-04-10 12:20:27,12,tech,6530,5670,203,45,57,655,4,5.38,14.8,Largo
3041,3042,2026-04-06 05:44:28,5,design,5451,4142,288,20,10,263,4,7.68,10.82,Corto
3042,3043,2026-03-23 12:28:23,12,tech,7951,5651,155,60,69,583,3,5.03,16.76,Largo
3043,3044,2026-05-01 09:00:43,9,tech,4750,3141,104,36,42,313,5,5.79,18.59,Corto
3044,3045,2026-07-10 17:20:30,17,tech,282,185,6,2,3,471,7,5.95,20.54,Medio
3045,3046,2026-02-23 13:34:54,13,business,17038,12372,170,111,75,201,2,2.88,9.81,Muy Corto
3046,3047,2026-05-29 11:43:19,11,business,14053,11807,226,58,97,166,5,3.23,10.45,Muy Corto
3047,3048,2026-04-24 12:17:32,12,tech,1798,1393,44,7,13,504,4,4.59,12.63,Medio
3048,3049,2026-08-03 23:37:12,23,tech,494,461,13,5,5,334,8,4.99,15.84,Corto
3049,3050,2026-03-20 08:01:03,8,tech,4488,4001,141,35,34,457,3,5.25,13.82,Medio
3050,3051,2026-04-19 12:24:11,12,design,5251,4096,323,31,22,303,4,9.18,15.21,Corto
3051,3052,2026-07-11 09:16:25,9,business,831,756,14,7,6,216,7,3.57,11.9,Corto
3052,3053,2026-07-04 13:19:28,13,design,5990,5103,330,31,24,285,7,7.54,12.66,Corto
3053,3054,2026-05-26 13:10:16,13,tech,719,559,13,6,8,257,5,4.83,18.07,Corto
3054,3055,2026-06-09 15:26:43,15,business,1903,1247,27,11,7,153,6,3.61,10.18,Muy Corto
3055,3056,2026-04-09 22:51:16,22,tech,14242,10309,383,136,84,310,4,5.85,15.51,Corto
3056,3057,2026-05-16 11:59:12,11,tech,2106,1775,60,14,17,371,5,5.13,14.2,Corto
3057,3058,2026-06-23 12:23:55,12,business,4827,4036,74,32,17,133,6,3.05,8.37,Muy Corto
3058,3059,2026-04-16 18:24:26,18,tech,3018,2831,96,20,27,174,4,5.05,13.85,Muy Corto
3059,3060,2026-05-30 23:59:34,23,tech,507,422,15,3,7,236,5,5.92,19.67,Corto
3060,3061,2026-06-22 18:07:01,18,design,60717,46646,2421,360,268,311,6,6.54,12.87,Corto
3061,3062,2026-07-23 06:48:16,6,tech,6803,6393,201,56,87,376,7,5.38,17.53,Medio
3062,3063,2026-06-12 12:40:34,12,business,1723,1417,23,6,11,136,6,2.82,9.53,Muy Corto
3063,3064,2026-02-21 08:35:36,8,design,90751,83005,6762,472,357,178,2,9.15,13.86,Muy Corto
3064,3065,2026-05-24 11:29:11,11,design,2166,1986,105,12,8,302,5,6.29,10.93,Corto
3065,3066,2026-06-22 20:26:23,20,business,305,239,2,0,1,138,6,1.26,4.18,Muy Corto
3066,3067,2026-05-05 20:36:04,20,tech,2800,2050,47,16,22,529,5,4.15,14.0,Medio
3067,3068,2026-05-12 17:14:34,17,design,7867,6786,481,30,33,259,5,8.02,12.75,Corto
3068,3069,2026-06-14 17:55:39,17,design,128672,87099,6952,298,469,263,6,8.86,13.66,Corto
3069,3070,2026-03-14 19:12:55,19,design,5788,4646,342,33,22,383,3,8.54,13.99,Medio
3070,3071,2026-05-13 09:11:49,9,tech,6924,6522,219,36,118,263,5,5.72,20.04,Corto
3071,3072,2026-03-17 11:54:39,11,tech,38681,27167,596,156,299,435,3,3.87,13.3,Medio
3072,3073,2026-07-12 16:38:52,16,design,3079,2045,141,15,9,301,7,8.07,13.35,Corto
3073,3074,2026-08-09 09:30:27,9,tech,1399,1122,35,10,14,535,8,5.26,16.67,Medio
3074,3075,2026-02-26 14:08:29,14,tech,1119,737,25,5,6,487,2,4.88,12.62,Medio
3075,3076,2026-02-28 17:40:02,17,tech,1633,1207,39,11,19,399,2,5.72,19.47,Medio
3076,3077,2026-05-22 23:27:50,23,business,12784,11626,169,46,91,205,5,2.63,9.3,Corto
3077,3078,2026-07-07 09:28:15,9,business,939,744,18,4,6,144,7,3.76,11.02,Muy Corto
3078,3079,2026-03-20 00:51:46,0,design,2391,2264,150,18,10,285,3,7.86,13.34,Corto
3079,3080,2026-03-26 10:16:49,10,tech,6138,5286,190,32,63,368,3,5.39,15.55,Corto
3080,3081,2026-03-30 11:11:49,11,tech,40371,37663,1303,309,404,413,3,5.35,15.32,Medio
3081,3082,2026-06-02 20:10:08,20,tech,15392,10551,359,61,119,536,6,5.11,14.74,Medio
3082,3083,2026-04-20 09:16:34,9,design,3230,2251,197,11,12,306,4,9.77,14.97,Corto
3083,3084,2026-06-16 14:42:42,14,business,26155,24150,413,86,99,117,6,2.48,6.41,Muy Corto
3084,3085,2026-05-27 18:38:22,18,design,12297,8265,598,26,49,190,5,8.14,13.24,Muy Corto
3085,3086,2026-03-21 11:50:37,11,tech,5286,4548,119,60,57,464,3,5.19,17.92,Medio
3086,3087,2026-03-02 12:05:15,12,tech,1471,1287,39,13,14,464,3,5.13,15.77,Medio
3087,3088,2026-07-24 11:43:08,11,tech,18836,13670,537,122,171,540,7,6.07,17.51,Medio
3088,3089,2026-04-10 16:56:10,16,tech,7691,6558,156,92,94,376,4,5.22,19.46,Medio
3089,3090,2026-05-21 01:08:05,1,tech,558,473,9,5,9,357,5,4.86,21.35,Corto
3090,3091,2026-06-19 20:06:35,20,tech,2526,1891,74,22,15,317,6,5.87,14.91,Corto
3091,3092,2026-03-04 13:25:59,13,tech,696,564,11,2,7,498,3,3.55,13.3,Medio
3092,3093,2026-07-07 09:51:01,9,design,3323,3130,201,10,15,226,7,7.22,11.53,Corto
3093,3094,2026-05-12 08:27:49,8,business,2168,1904,36,7,9,147,5,2.73,7.14,Muy Corto
3094,3095,2026-04-08 10:51:59,10,design,18374,12596,973,57,29,240,4,8.41,11.38,Corto
3095,3096,2026-06-05 14:15:21,14,design,710,527,32,3,1,366,6,6.83,9.87,Corto
3096,3097,2026-05-29 17:40:56,17,business,10555,7106,127,51,61,119,5,3.36,11.53,Muy Corto
3097,3098,2026-07-02 18:03:34,18,tech,917,812,24,9,15,423,7,5.91,22.17,Medio
3098,3099,2026-03-26 12:41:59,12,tech,5736,3798,129,41,55,601,3,5.92,19.3,Largo
3099,3100,2026-03-14 09:54:25,9,design,13125,10265,900,35,47,348,3,9.57,13.79,Corto
3100,3101,2026-07-29 17:15:15,17,tech,5475,3888,131,53,72,305,7,6.58,23.64,Corto
3101,3102,2026-03-17 07:10:31,7,business,4294,3190,93,23,19,168,3,4.23,10.56,Muy Corto
3102,3103,2026-05-23 15:25:15,15,tech,2116,1628,34,18,22,212,5,4.55,17.32,Corto
3103,3104,2026-08-02 15:01:37,15,tech,738,660,14,7,9,389,8,4.55,17.27,Medio
3104,3105,2026-04-30 10:51:18,10,design,24193,20351,1041,81,79,343,4,5.9,9.81,Corto
3105,3106,2026-06-05 07:31:10,7,business,1737,1162,28,9,7,236,6,3.79,10.33,Corto
3106,3107,2026-05-06 08:57:14,8,design,10519,9515,623,41,32,264,5,7.31,10.96,Corto
3107,3108,2026-04-22 00:55:42,0,business,828,557,12,5,3,175,4,3.59,10.05,Muy Corto
3108,3109,2026-05-27 16:20:31,16,tech,3729,2774,90,18,31,281,5,5.01,14.78,Corto
3109,3110,2026-07-10 09:46:20,9,tech,12226,11438,335,92,180,429,7,5.31,18.74,Medio
3110,3111,2026-05-19 07:53:08,7,design,16971,15746,1325,97,70,268,5,9.48,14.44,Corto
3111,3112,2026-06-16 05:56:02,5,tech,249,189,6,1,1,382,6,4.23,9.52,Medio
3112,3113,2026-05-30 09:11:59,9,design,13194,12037,685,73,64,251,5,6.83,12.37,Corto
3113,3114,2026-03-15 09:52:46,9,business,1474,1046,24,4,6,114,3,3.25,8.41,Muy Corto
3114,3115,2026-03-23 14:02:09,14,design,2852,2396,154,10,8,313,3,7.18,10.77,Corto
3115,3116,2026-03-08 19:05:56,19,tech,4866,3778,148,32,64,291,3,6.46,20.86,Corto
3116,3117,2026-04-17 17:57:10,17,tech,13099,12316,401,83,239,347,4,5.87,21.48,Corto
3117,3118,2026-06-21 07:37:03,7,design,1581,1076,61,5,4,194,6,6.51,10.5,Muy Corto
3118,3119,2026-05-23 15:57:22,15,tech,4955,3454,132,29,42,473,5,5.88,16.91,Medio
3119,3120,2026-06-27 12:19:43,12,design,2994,2646,216,14,13,351,6,9.18,14.21,Corto
3120,3121,2026-06-10 11:15:11,11,design,1983,1344,96,8,4,307,6,8.04,11.9,Corto
3121,3122,2026-07-30 14:25:30,14,tech,817,736,23,8,9,378,7,5.43,17.26,Medio
3122,3123,2026-02-27 09:13:13,9,design,2747,1859,137,12,10,329,2,8.55,14.25,Corto
3123,3124,2026-05-06 16:05:57,16,tech,3194,2363,84,19,29,411,5,5.59,16.59,Medio
3124,3125,2026-06-25 23:12:49,23,tech,5883,5246,195,33,74,321,6,5.76,17.52,Corto
3125,3126,2026-05-31 18:01:22,18,business,14570,11856,310,51,92,107,5,3.82,10.54,Muy Corto
3126,3127,2026-05-03 16:22:15,16,tech,15210,12445,431,126,135,259,5,5.56,16.19,Corto
3127,3128,2026-08-02 10:36:45,10,tech,19089,12474,433,137,231,91,8,6.42,22.68,Muy Corto
3128,3129,2026-06-02 17:06:45,17,design,4230,3459,236,11,7,252,6,7.34,9.71,Corto
3129,3130,2026-06-25 16:13:08,16,design,11180,9387,586,44,31,193,6,7.04,10.76,Muy Corto
3130,3131,2026-04-06 19:20:30,19,business,2249,1926,55,16,19,169,4,4.67,14.07,Muy Corto
3131,3132,2026-04-24 09:01:03,9,design,20532,17568,1201,82,87,303,4,7.8,12.67,Corto
3132,3133,2026-07-25 11:49:48,11,design,1074,810,69,5,4,340,7,9.63,14.94,Corto
3133,3134,2026-02-21 06:32:39,6,design,1004,832,50,4,3,302,2,6.85,10.82,Corto
3134,3135,2026-02-27 09:29:17,9,design,1225,1070,74,5,4,268,2,7.76,11.78,Corto
3135,3136,2026-07-20 13:25:29,13,tech,8561,7904,193,55,88,405,7,4.25,14.13,Medio
3136,3137,2026-06-09 20:08:31,20,business,4679,3188,56,21,20,121,6,3.04,9.41,Muy Corto
3137,3138,2026-06-09 11:12:47,11,tech,3093,2844,74,42,42,324,6,5.56,20.32,Corto
3138,3139,2026-06-21 17:41:43,17,tech,3171,2426,94,14,44,234,6,6.27,20.69,Corto
3139,3140,2026-04-26 15:05:53,15,tech,2050,1907,65,19,21,404,4,5.51,16.2,Medio
3140,3141,2026-08-09 18:13:29,18,tech,16436,13868,388,102,180,526,8,4.83,16.12,Medio
3141,3142,2026-07-02 19:43:59,19,tech,14845,9978,369,51,152,263,7,5.73,17.93,Corto
3142,3143,2026-04-26 18:25:07,18,design,7322,6765,393,24,21,304,4,6.47,9.71,Corto
3143,3144,2026-05-05 14:30:13,14,design,635,450,28,2,1,376,5,6.89,9.78,Medio
3144,3145,2026-06-17 19:28:43,19,design,1990,1415,80,9,4,228,6,6.57,10.46,Corto
3145,3146,2026-03-16 17:15:41,17,business,33966,30730,668,188,285,116,3,3.71,12.04,Muy Corto
3146,3147,2026-05-23 16:35:20,16,tech,5411,4833,160,52,80,264,5,6.04,20.86,Corto
3147,3148,2026-07-04 18:59:37,18,business,2937,2362,50,13,16,104,7,3.34,9.74,Muy Corto
3148,3149,2026-03-04 08:35:05,8,tech,11537,9913,383,65,131,587,3,5.84,17.06,Largo
3149,3150,2026-02-24 20:56:16,20,business,6731,4916,87,45,25,122,2,3.19,9.5,Muy Corto
3150,3151,2026-04-21 18:40:58,18,design,3379,2656,141,13,14,353,4,6.33,11.48,Corto
3151,3152,2026-06-10 14:15:21,14,design,3346,2276,128,5,12,278,6,6.37,10.72,Corto
3152,3153,2026-08-10 14:30:53,14,business,910,802,22,5,5,137,8,3.99,10.22,Muy Corto
3153,3154,2026-05-12 16:08:08,16,tech,722,629,21,7,10,443,5,6.04,20.51,Medio
3154,3155,2026-07-26 10:24:09,10,tech,2176,1948,56,14,29,320,7,5.08,17.66,Corto
3155,3156,2026-04-21 08:39:55,8,tech,6351,4996,103,69,95,507,4,5.34,22.8,Medio
3156,3157,2026-05-10 15:26:25,15,tech,9789,9193,284,55,80,521,5,4.56,12.44,Medio
3157,3158,2026-06-25 14:22:04,14,tech,9962,8289,317,106,151,385,6,6.92,23.51,Medio
3158,3159,2026-05-16 10:42:32,10,design,2043,1582,99,12,4,287,5,7.27,11.31,Corto
3159,3160,2026-03-30 17:20:09,17,tech,992,929,23,10,12,257,3,4.84,17.12,Corto
3160,3161,2026-03-29 07:10:24,7,business,1603,1373,30,5,5,212,3,2.91,6.55,Corto
3161,3162,2026-02-21 09:39:18,9,design,5107,3642,309,25,18,267,2,9.67,15.18,Corto
3162,3163,2026-06-14 13:42:53,13,design,478,334,18,0,1,333,6,5.69,7.78,Corto
3163,3164,2026-06-15 10:12:51,10,business,6027,4308,102,37,42,137,6,4.2,13.6,Muy Corto
3164,3165,2026-04-22 04:04:35,4,tech,581,455,13,4,5,384,4,4.84,15.16,Medio
3165,3166,2026-03-22 15:10:14,15,business,2451,1814,52,15,17,155,3,4.63,13.67,Muy Corto
3166,3167,2026-03-08 18:31:35,18,business,5625,4967,61,22,36,113,3,2.4,8.8,Muy Corto
3167,3168,2026-07-31 23:37:45,23,tech,977,791,17,7,8,319,7,4.05,13.78,Corto
3168,3169,2026-04-23 09:45:16,9,design,3943,3060,157,16,14,271,4,6.11,10.88,Corto
3169,3170,2026-06-22 09:33:01,9,tech,3799,2649,83,29,29,536,6,5.32,16.27,Medio
3170,3171,2026-07-30 11:51:12,11,tech,288,259,5,2,2,405,7,3.47,11.2,Medio
3171,3172,2026-07-27 20:00:17,20,tech,10096,8048,212,58,72,468,7,4.25,12.67,Medio
3172,3173,2026-04-20 10:28:56,10,design,2128,1515,126,8,8,354,4,9.37,14.65,Corto
3173,3174,2026-06-03 13:58:46,13,tech,4051,3740,136,47,66,446,6,6.66,22.78,Medio
3174,3175,2026-05-09 16:07:08,16,tech,3759,3454,132,28,32,388,5,5.56,14.48,Medio
3175,3176,2026-06-27 06:43:48,6,tech,634,534,18,6,8,314,6,5.99,19.85,Corto
3176,3177,2026-06-26 10:10:34,10,tech,2626,2008,41,14,32,384,6,4.33,17.58,Medio
3177,3178,2026-06-30 11:41:41,11,tech,30873,29308,750,416,396,457,6,5.33,19.05,Medio
3178,3179,2026-05-03 15:33:00,15,tech,5031,4663,102,61,84,545,5,5.3,21.83,Medio
3179,3180,2026-04-22 09:03:25,9,tech,5588,3839,150,39,62,399,4,6.54,20.89,Medio
3180,3181,2026-05-13 22:52:16,22,tech,4061,2857,77,38,32,448,5,5.15,16.98,Medio
3181,3182,2026-03-22 12:21:13,12,business,1965,1699,17,14,15,100,3,2.71,11.36,Muy Corto
3182,3183,2026-05-12 14:03:38,14,tech,213,190,5,1,2,233,5,4.21,13.16,Corto
3183,3184,2026-05-27 15:23:30,15,tech,903,848,24,8,8,412,5,4.72,14.15,Medio
3184,3185,2026-07-07 17:52:27,17,tech,8251,7007,156,94,119,448,7,5.27,21.18,Medio
3185,3186,2026-03-14 03:35:19,3,tech,4177,2938,62,22,41,336,3,4.25,16.27,Corto
3186,3187,2026-07-14 10:21:43,10,design,5347,4446,225,17,14,249,7,5.76,9.11,Corto
3187,3188,2026-07-10 15:18:02,15,tech,5501,4063,99,60,40,271,7,4.9,16.22,Corto
3188,3189,2026-05-24 11:42:12,11,design,4174,3779,255,13,9,364,5,7.33,10.03,Corto
3189,3190,2026-03-25 09:36:00,9,tech,7080,6498,148,87,75,398,3,4.77,16.87,Medio
3190,3191,2026-05-10 10:18:37,10,tech,15125,12609,435,159,220,234,5,6.46,22.45,Corto
3191,3192,2026-05-21 13:48:23,13,tech,513,350,7,3,3,257,5,3.71,12.29,Corto
3192,3193,2026-07-22 08:52:57,8,design,685,482,37,0,1,290,7,7.88,9.34,Corto
3193,3194,2026-05-14 12:21:27,12,design,3839,3631,185,26,8,282,5,6.03,9.72,Corto
3194,3195,2026-06-25 12:27:49,12,tech,7116,5482,110,70,86,149,6,4.85,19.66,Muy Corto
3195,3196,2026-04-22 12:58:54,12,tech,36631,28957,1103,407,369,435,4,6.49,19.63,Medio
3196,3197,2026-07-23 12:01:38,12,business,4939,4452,86,35,23,158,7,3.23,9.21,Muy Corto
3197,3198,2026-03-27 16:10:38,16,tech,2315,1659,52,8,25,406,3,5.12,17.12,Medio
3198,3199,2026-05-28 15:07:56,15,business,5420,4334,90,18,31,140,5,3.21,9.46,Muy Corto
3199,3200,2026-02-24 18:43:51,18,business,1946,1756,44,14,16,113,2,4.21,12.98,Muy Corto
3200,3201,2026-07-31 15:40:30,15,business,3296,2246,26,19,14,63,7,2.63,9.53,Muy Corto
3201,3202,2026-07-13 10:50:46,10,tech,20634,18874,495,121,353,444,7,5.13,20.15,Medio
3202,3203,2026-04-07 11:44:48,11,tech,2423,1729,43,11,16,356,4,4.05,12.43,Corto
3203,3204,2026-08-14 16:50:18,16,tech,3345,2349,72,23,45,296,8,5.96,22.31,Corto
3204,3205,2026-05-18 17:36:36,17,business,2931,1906,32,16,11,173,5,3.1,9.65,Muy Corto
3205,3206,2026-08-16 17:57:31,17,design,1502,1044,73,5,2,302,8,7.66,10.44,Corto
3206,3207,2026-04-06 15:38:51,15,tech,4045,3335,112,26,45,450,4,5.49,17.27,Medio
3207,3208,2026-03-04 15:17:54,15,design,33184,28591,2295,81,144,292,3,8.81,13.19,Corto
3208,3209,2026-08-06 09:48:50,9,tech,8202,5977,150,61,89,428,8,5.02,18.5,Medio
3209,3210,2026-03-26 20:49:00,20,design,916,713,56,4,1,297,3,8.56,11.22,Corto
3210,3211,2026-03-11 12:45:46,12,design,1256,1189,90,6,4,233,3,8.41,12.28,Corto
3211,3212,2026-03-25 00:00:01,0,tech,3055,2714,79,24,41,505,3,5.31,18.53,Medio
3212,3213,2026-03-02 01:01:48,1,design,808,610,34,4,2,212,3,6.56,10.82,Corto
3213,3214,2026-03-27 19:21:28,19,tech,4810,3252,76,21,36,408,3,4.09,13.78,Medio
3214,3215,2026-05-06 08:13:00,8,business,18422,13577,343,61,112,114,5,3.8,10.92,Muy Corto
3215,3216,2026-07-20 16:58:52,16,tech,5247,4880,173,29,94,317,7,6.07,21.33,Corto
3216,3217,2026-08-06 16:08:25,16,business,2209,2081,24,9,20,105,8,2.55,10.57,Muy Corto
3217,3218,2026-05-09 08:46:28,8,design,2900,2330,189,15,9,273,5,9.14,13.78,Corto
3218,3219,2026-08-10 08:06:40,8,business,61827,54656,1425,173,428,146,8,3.71,10.14,Muy Corto
3219,3220,2026-04-26 06:31:51,6,design,18368,17166,1436,64,39,323,4,8.97,11.67,Corto
3220,3221,2026-06-17 10:27:42,10,design,3735,2589,192,7,13,321,6,8.19,12.51,Corto
3221,3222,2026-05-15 15:03:14,15,business,1803,1537,21,11,7,165,5,2.54,7.87,Muy Corto
3222,3223,2026-03-23 09:14:23,9,design,26804,20144,1023,93,73,305,3,5.9,9.82,Corto
3223,3224,2026-05-01 08:58:53,8,design,3095,2138,169,16,10,230,5,9.12,14.64,Corto
3224,3225,2026-05-12 14:06:02,14,tech,1454,948,20,11,12,430,5,4.54,16.88,Medio
3225,3226,2026-08-01 08:57:36,8,business,1788,1167,23,10,9,111,8,3.6,11.57,Muy Corto
3226,3227,2026-07-29 18:53:27,18,tech,12491,10483,241,63,172,342,7,4.54,17.83,Corto
3227,3228,2026-04-11 18:27:00,18,business,21743,19273,541,192,114,175,4,4.39,11.52,Muy Corto
3228,3229,2026-08-05 16:41:54,16,tech,2086,1808,43,23,20,372,8,4.76,16.32,Corto
3229,3230,2026-06-04 15:23:09,15,business,2982,2706,70,18,22,157,6,4.07,11.75,Muy Corto
3230,3231,2026-07-03 14:05:51,14,tech,4633,3203,101,26,41,546,7,5.25,16.64,Medio
3231,3232,2026-07-24 12:07:04,12,business,6319,5926,176,45,34,142,7,4.3,10.6,Muy Corto
3232,3233,2026-03-23 14:52:30,14,tech,32379,23726,796,171,464,402,3,6.03,21.88,Medio
3233,3234,2026-05-14 08:11:05,8,tech,3360,2422,63,30,23,408,5,4.79,15.15,Medio
3234,3235,2026-08-15 10:11:17,10,design,13728,8965,532,32,26,277,8,6.58,9.68,Corto
3235,3236,2026-04-20 19:42:39,19,business,2009,1572,45,15,6,148,4,4.2,9.73,Muy Corto
3236,3237,2026-04-02 03:05:35,3,tech,658,485,16,6,7,326,4,5.98,19.79,Corto
3237,3238,2026-06-11 10:50:00,10,tech,854,696,24,5,6,402,6,5.03,13.22,Medio
3238,3239,2026-08-04 09:47:20,9,tech,10984,7367,234,73,111,294,8,5.67,19.19,Corto
3239,3240,2026-06-01 16:20:57,16,business,1134,940,21,8,8,126,6,3.94,12.45,Muy Corto
3240,3241,2026-04-05 18:48:01,18,tech,24389,20933,571,149,398,447,4,5.34,20.79,Medio
3241,3242,2026-02-22 20:55:48,20,design,8997,6430,514,49,29,224,2,9.21,14.65,Corto
3242,3243,2026-05-19 03:27:36,3,tech,3884,2802,68,36,33,421,5,4.89,16.99,Medio
3243,3244,2026-06-10 18:05:24,18,design,2013,1435,128,4,7,310,6,9.69,13.94,Corto
3244,3245,2026-07-17 09:29:18,9,tech,3260,2926,60,35,32,286,7,4.34,15.58,Corto
3245,3246,2026-03-09 18:50:48,18,tech,4629,4201,110,40,47,584,3,4.69,15.38,Largo
3246,3247,2026-05-26 13:17:17,13,tech,3210,2705,62,28,48,380,5,5.1,20.63,Medio
3247,3248,2026-05-11 05:46:22,5,business,7167,6237,174,28,59,159,5,4.18,12.15,Muy Corto
3248,3249,2026-05-25 00:28:51,0,design,1158,765,50,4,3,260,5,7.45,11.76,Corto
3249,3250,2026-07-03 17:13:22,17,tech,3699,3362,91,30,46,298,7,4.97,17.22,Corto
3250,3251,2026-05-26 06:24:33,6,tech,4313,3584,124,21,51,306,5,5.47,17.19,Corto
3251,3252,2026-04-20 18:28:14,18,business,4156,2722,77,19,20,140,4,4.26,11.5,Muy Corto
3252,3253,2026-05-18 14:25:28,14,design,4243,3870,291,26,14,284,5,8.55,13.1,Corto
3253,3254,2026-07-10 09:40:35,9,business,8406,6246,69,44,37,165,7,2.4,8.66,Muy Corto
3254,3255,2026-04-27 08:27:59,8,business,1620,1103,28,6,5,114,4,3.54,8.34,Muy Corto
3255,3256,2026-05-02 07:31:01,7,tech,2656,1762,46,23,15,295,5,4.77,14.64,Corto
3256,3257,2026-02-27 20:20:26,20,tech,1145,959,28,6,7,445,2,4.28,11.26,Medio
3257,3258,2026-04-01 08:05:19,8,tech,41474,33183,1056,266,499,260,4,5.49,18.42,Corto
3258,3259,2026-07-02 16:47:42,16,tech,1516,1283,27,18,24,430,7,5.38,22.68,Medio
3259,3260,2026-03-02 19:35:29,19,design,1964,1626,137,8,8,296,3,9.41,14.33,Corto
3260,3261,2026-04-09 13:32:59,13,business,1441,1166,26,6,6,159,4,3.26,8.4,Muy Corto
3261,3262,2026-07-09 19:02:51,19,business,1314,952,12,3,9,111,7,2.52,10.08,Muy Corto
3262,3263,2026-08-15 15:47:18,15,business,10231,9591,175,66,64,142,8,3.18,9.92,Muy Corto
3263,3264,2026-03-21 11:20:39,11,tech,1958,1547,43,11,22,219,3,4.91,17.0,Corto
3264,3265,2026-05-19 14:30:57,14,tech,1595,1306,30,13,14,380,5,4.36,14.85,Medio
3265,3266,2026-02-25 14:27:58,14,business,1786,1255,16,6,9,151,2,2.47,8.92,Muy Corto
3266,3267,2026-05-26 07:25:46,7,tech,650,495,18,3,6,384,5,5.45,15.76,Medio
3267,3268,2026-03-17 15:15:50,15,design,2534,2330,175,18,7,393,3,8.58,13.0,Medio
3268,3269,2026-05-12 05:27:28,5,tech,6360,5892,229,35,91,451,5,6.03,18.62,Medio
3269,3270,2026-06-12 14:48:10,14,tech,2939,2566,73,36,33,417,6,5.53,18.75,Medio
3270,3271,2026-05-26 13:41:28,13,business,6909,6347,119,37,34,182,5,2.99,8.49,Muy Corto
3271,3272,2026-05-20 09:16:15,9,design,27662,23756,1737,182,83,265,5,8.43,13.17,Corto
3272,3273,2026-04-15 17:28:43,17,design,8238,5928,435,21,12,222,4,7.89,10.37,Corto
3273,3274,2026-08-02 16:13:45,16,tech,3563,2859,80,18,54,295,8,5.32,20.43,Corto
3274,3275,2026-07-01 13:22:23,13,design,2696,2427,177,12,10,331,7,8.2,12.57,Corto
3275,3276,2026-06-24 14:32:42,14,business,7194,5503,55,38,40,171,6,2.42,9.58,Muy Corto
3276,3277,2026-06-26 08:37:08,8,business,26647,21311,300,210,116,159,6,2.94,9.7,Muy Corto
3277,3278,2026-07-07 12:11:16,12,design,2115,1912,125,11,7,236,7,7.48,11.77,Corto
3278,3279,2026-03-06 18:55:49,18,tech,1298,1231,31,10,10,499,3,4.14,12.27,Medio
3279,3280,2026-08-10 13:29:47,13,business,2609,1814,33,11,13,153,8,3.14,9.98,Muy Corto
3280,3281,2026-07-27 06:13:30,6,tech,6685,5101,137,34,66,428,7,4.65,15.7,Medio
3281,3282,2026-04-19 20:58:35,20,design,7894,7266,402,42,35,262,4,6.59,11.7,Corto
3282,3283,2026-04-26 23:49:55,23,tech,1242,1045,34,12,12,367,4,5.55,17.03,Corto
3283,3284,2026-05-11 18:04:07,18,tech,1427,1183,31,17,11,508,5,4.99,15.81,Medio
3284,3285,2026-04-09 08:30:29,8,business,9866,6506,126,64,26,170,4,3.32,9.07,Muy Corto
3285,3286,2026-04-21 18:35:54,18,business,4282,3316,43,15,33,153,4,2.74,11.07,Muy Corto
3286,3287,2026-05-22 10:37:34,10,tech,5364,4938,99,48,55,297,5,4.09,14.8,Corto
3287,3288,2026-07-05 18:34:11,18,tech,4098,3803,121,36,61,377,7,5.73,19.8,Medio
3288,3289,2026-04-12 04:28:54,4,tech,276,212,7,1,3,408,4,5.19,16.51,Medio
3289,3290,2026-04-17 10:16:10,10,design,1506,1067,75,7,4,371,4,8.06,12.65,Corto
3290,3291,2026-06-26 10:18:40,10,design,6750,4777,270,28,20,320,6,6.66,11.35,Corto
3291,3292,2026-05-19 16:35:54,16,design,15782,10403,675,80,22,299,5,7.47,11.26,Corto
3292,3293,2026-04-16 22:34:27,22,tech,1551,1099,24,6,19,309,4,4.46,18.2,Corto
3293,3294,2026-04-26 08:31:48,8,design,1470,1221,78,6,2,363,4,7.04,9.66,Corto
3294,3295,2026-07-11 09:20:39,9,tech,6527,5265,139,72,80,534,7,5.53,20.27,Medio
3295,3296,2026-06-15 09:33:45,9,business,17489,14378,280,100,142,211,6,3.63,12.63,Corto
3296,3297,2026-03-01 23:21:03,23,tech,1712,1391,54,8,11,421,3,5.25,12.51,Medio
3297,3298,2026-04-25 15:03:45,15,tech,5259,4317,93,38,46,431,4,4.1,14.2,Medio
3298,3299,2026-03-08 08:59:34,8,business,1164,1093,21,5,7,135,3,3.02,8.87,Muy Corto
3299,3300,2026-05-18 13:56:35,13,business,846,765,22,3,3,120,5,3.66,7.58,Muy Corto
3300,3301,2026-03-03 16:38:27,16,design,5733,4134,232,32,14,374,3,6.72,11.42,Corto
3301,3302,2026-06-28 09:51:09,9,tech,2453,1668,56,10,21,310,6,5.22,15.83,Corto
3302,3303,2026-07-24 19:20:28,19,design,7625,6615,449,50,15,325,7,7.77,11.63,Corto
3303,3304,2026-03-20 08:07:04,8,business,3155,2705,54,26,14,158,3,3.48,9.98,Muy Corto
3304,3305,2026-04-06 08:43:49,8,design,41990,28128,2020,209,134,255,4,8.4,13.96,Corto
3305,3306,2026-07-01 08:36:01,8,tech,1372,939,27,13,17,504,7,6.07,22.9,Medio
3306,3307,2026-03-08 03:44:28,3,tech,119,78,2,0,1,470,3,3.85,12.82,Medio
3307,3308,2026-06-27 15:26:41,15,tech,2922,2056,67,12,25,479,6,5.06,15.32,Medio
3308,3309,2026-05-10 19:04:18,19,tech,1010,790,18,9,14,394,5,5.19,21.01,Medio
3309,3310,2026-06-15 18:30:09,18,business,8834,6501,160,62,40,144,6,4.03,11.2,Muy Corto
3310,3311,2026-07-20 17:44:23,17,tech,11335,9125,292,55,178,393,7,5.75,21.22,Medio
3311,3312,2026-03-13 13:00:07,13,tech,802,705,23,6,6,419,3,4.96,13.48,Medio
3312,3313,2026-06-07 01:30:56,1,design,951,844,49,3,1,349,6,6.28,8.18,Corto
3313,3314,2026-05-01 08:45:06,8,design,6276,4619,302,17,15,229,5,7.23,10.61,Corto
3314,3315,2026-05-09 18:21:12,18,tech,1293,924,24,13,13,358,5,5.41,19.48,Corto
3315,3316,2026-03-15 11:52:12,11,design,5247,4745,282,22,21,378,3,6.85,11.34,Medio
3316,3317,2026-05-13 17:24:26,17,design,3708,3112,210,24,6,266,5,7.71,11.38,Corto
3317,3318,2026-03-29 14:54:57,14,tech,440,347,12,4,5,394,3,6.05,19.6,Medio
3318,3319,2026-06-17 09:36:35,9,tech,3732,3328,84,24,54,364,6,4.87,18.39,Corto
3319,3320,2026-06-23 15:31:12,15,design,2483,1731,128,10,10,328,6,8.55,14.33,Corto
3320,3321,2026-04-15 17:28:34,17,business,1014,668,17,6,4,125,4,4.04,10.93,Muy Corto
3321,3322,2026-05-19 16:07:36,16,tech,591,526,18,6,9,392,5,6.27,21.67,Medio
3322,3323,2026-04-10 19:05:31,19,tech,4534,4022,90,24,33,510,4,3.65,11.19,Medio
3323,3324,2026-07-08 18:06:44,18,design,885,822,43,5,2,302,7,6.08,9.61,Corto
3324,3325,2026-08-19 15:02:50,15,tech,1799,1202,25,14,13,248,8,4.33,15.39,Corto
3325,3326,2026-04-09 10:39:59,10,business,2806,2457,36,7,20,146,4,2.56,9.12,Muy Corto
3326,3327,2026-06-28 08:59:00,8,design,1252,980,74,2,2,381,6,7.96,10.0,Medio
3327,3328,2026-05-31 17:29:55,17,tech,1635,1222,38,10,12,255,5,4.91,14.24,Corto
3328,3329,2026-03-13 16:51:30,16,design,206,184,10,1,0,355,3,5.98,7.61,Corto
3329,3330,2026-07-29 03:52:08,3,design,314,204,13,1,0,272,7,6.86,8.33,Corto
3330,3331,2026-08-19 14:19:21,14,tech,6872,6080,173,43,79,426,8,4.85,16.07,Medio
3331,3332,2026-07-05 13:32:14,13,tech,6715,4889,191,69,94,170,7,7.24,24.93,Muy Corto
3332,3333,2026-05-19 15:36:29,15,design,997,760,52,4,4,262,5,7.89,13.16,Corto
3333,3334,2026-07-21 17:20:41,17,tech,15550,14198,524,194,139,311,7,6.04,16.99,Corto
3334,3335,2026-06-06 16:46:25,16,design,6281,5389,277,25,16,333,6,5.9,9.37,Corto
3335,3336,2026-07-14 16:41:29,16,tech,1927,1524,51,11,29,490,7,5.97,21.46,Medio
3336,3337,2026-07-19 16:36:10,16,design,9807,8165,725,18,25,346,7,9.41,12.21,Corto
3337,3338,2026-07-16 16:00:39,16,business,4689,3804,110,24,31,127,7,4.34,11.93,Muy Corto
3338,3339,2026-07-05 15:54:29,15,business,15367,10056,177,88,88,153,7,3.51,12.26,Muy Corto
3339,3340,2026-04-17 10:37:10,10,tech,2874,2075,74,12,36,266,4,5.88,19.76,Corto
3340,3341,2026-07-02 18:31:33,18,design,1156,892,74,6,2,218,7,9.19,12.78,Corto
3341,3342,2026-07-21 21:59:57,21,tech,36901,30559,820,431,366,323,7,5.29,17.91,Corto
3342,3343,2026-04-27 10:49:30,10,tech,3834,3638,126,42,66,352,4,6.43,22.59,Corto
3343,3344,2026-03-05 13:57:35,13,tech,5685,4724,180,66,60,674,3,6.48,19.56,Largo
3344,3345,2026-04-28 00:20:37,0,tech,8493,8057,274,42,85,405,4,4.98,13.93,Medio
3345,3346,2026-05-30 18:10:14,18,tech,1538,1065,23,12,8,544,5,4.04,12.68,Medio
3346,3347,2026-03-25 09:36:48,9,tech,12011,9490,323,105,97,461,3,5.53,16.01,Medio
3347,3348,2026-06-08 08:49:27,8,tech,5550,4072,107,54,74,555,6,5.77,22.47,Largo
3348,3349,2026-08-09 18:28:21,18,tech,4556,3969,122,29,58,145,8,5.27,17.69,Muy Corto
3349,3350,2026-05-19 18:02:51,18,tech,2044,1457,48,11,21,293,5,5.49,17.84,Corto
3350,3351,2026-03-02 23:50:03,23,design,5240,4045,324,13,23,262,3,8.9,13.84,Corto
3351,3352,2026-07-05 11:04:30,11,business,2550,2420,67,9,14,152,7,3.72,8.88,Muy Corto
3352,3353,2026-06-12 21:05:18,21,design,1076,809,49,2,3,305,6,6.67,10.01,Corto
3353,3354,2026-04-21 19:24:48,19,tech,9207,8375,201,81,130,343,4,4.92,18.69,Corto
3354,3355,2026-03-06 10:07:33,10,tech,7419,6410,180,64,98,272,3,5.34,19.03,Corto
3355,3356,2026-08-02 16:47:58,16,tech,3535,2528,81,34,31,441,8,5.78,18.39,Medio
3356,3357,2026-08-18 17:21:40,17,tech,4173,3645,92,29,53,547,8,4.77,17.34,Largo
3357,3358,2026-06-12 13:03:34,13,tech,2953,2413,67,14,28,394,6,4.52,14.38,Medio
3358,3359,2026-04-30 17:14:39,17,tech,4551,3484,78,22,65,419,4,4.74,19.69,Medio
3359,3360,2026-05-30 07:32:38,7,tech,4523,3267,89,20,57,402,5,5.08,19.13,Medio
3360,3361,2026-08-09 04:30:16,4,business,1458,1193,18,9,11,98,8,3.19,11.9,Muy Corto
3361,3362,2026-05-21 17:07:09,17,tech,4306,3491,86,46,45,424,5,5.07,18.05,Medio
3362,3363,2026-08-18 08:32:52,8,business,2210,1555,35,5,11,168,8,3.28,9.2,Muy Corto
3363,3364,2026-03-28 16:40:44,16,design,1841,1625,127,5,3,249,3,8.31,10.52,Corto
3364,3365,2026-04-29 12:10:57,12,design,782,676,53,4,3,319,4,8.88,13.76,Corto
3365,3366,2026-07-10 21:28:07,21,business,3869,3431,65,16,25,115,7,3.09,9.59,Muy Corto
3366,3367,2026-08-14 07:54:48,7,tech,1382,1233,30,11,14,366,8,4.46,15.09,Corto
3367,3368,2026-04-23 11:21:43,11,design,6339,5143,261,10,16,262,4,5.58,8.34,Corto
3368,3369,2026-03-10 09:04:10,9,tech,13807,9816,384,135,194,583,3,7.26,25.22,Largo
3369,3370,2026-08-02 19:01:39,19,design,1273,1192,81,7,4,310,8,7.72,11.83,Corto
3370,3371,2026-08-19 05:44:33,5,design,1218,793,64,1,4,318,8,8.7,12.61,Corto
3371,3372,2026-06-12 11:26:43,11,tech,1079,720,20,3,9,395,6,4.44,14.44,Medio
3372,3373,2026-02-25 09:50:29,9,tech,5002,4588,168,42,76,307,2,6.23,20.58,Corto
3373,3374,2026-05-06 15:21:14,15,design,528,498,36,1,1,328,5,7.63,9.64,Corto
3374,3375,2026-06-27 13:57:57,13,tech,4258,3655,120,47,33,434,6,5.47,15.65,Medio
3375,3376,2026-06-25 17:49:13,17,tech,121858,87494,3226,444,806,352,6,5.12,13.09,Corto
3376,3377,2026-08-18 16:24:24,16,business,419371,392690,8132,3556,3766,124,8,3.94,13.37,Muy Corto
3377,3378,2026-07-22 09:58:19,9,tech,10358,7651,216,69,72,233,7,4.67,13.96,Corto
3378,3379,2026-02-26 10:27:07,10,business,8568,7748,186,36,40,159,2,3.38,8.39,Muy Corto
3379,3380,2026-04-24 08:34:30,8,tech,12183,10631,309,154,117,377,4,5.46,17.51,Medio
3380,3381,2026-05-11 08:27:49,8,tech,546,454,13,2,6,607,5,4.63,15.2,Largo
3381,3382,2026-06-24 07:33:36,7,business,3760,2563,71,12,21,91,6,4.06,11.2,Muy Corto
3382,3383,2026-07-08 14:20:19,14,tech,16165,15195,387,199,275,249,7,5.67,22.26,Corto
3383,3384,2026-03-01 16:04:11,16,tech,2641,2420,64,22,26,348,3,4.63,14.88,Corto
3384,3385,2026-04-20 08:22:02,8,tech,1333,1033,34,14,13,406,4,5.91,18.78,Medio
3385,3386,2026-03-12 10:24:32,10,tech,790,722,23,7,7,480,3,5.12,14.82,Medio
3386,3387,2026-06-14 17:17:55,17,design,17831,14360,1209,37,81,310,6,9.24,13.96,Corto
3387,3388,2026-08-03 10:14:39,10,tech,3994,2766,94,36,42,499,8,6.22,20.75,Medio
3388,3389,2026-04-09 16:24:19,16,tech,2853,2130,54,31,18,416,4,4.84,15.12,Medio
3389,3390,2026-05-09 18:40:05,18,tech,4653,4400,136,57,58,388,5,5.7,18.82,Medio
3390,3391,2026-08-02 18:07:27,18,tech,1405,1102,43,10,16,378,8,6.26,19.15,Medio
3391,3392,2026-04-14 08:24:51,8,design,6828,5841,387,44,31,342,4,7.91,13.88,Corto
3392,3393,2026-03-17 19:16:25,19,tech,791,675,18,9,8,462,3,5.19,17.48,Medio
3393,3394,2026-02-23 20:35:48,20,business,2236,1865,32,10,16,196,2,3.11,10.72,Muy Corto
3394,3395,2026-06-28 16:23:52,16,tech,5389,3590,94,43,36,408,6,4.82,15.43,Medio
3395,3396,2026-04-28 10:17:31,10,design,17985,16380,1197,72,47,312,4,8.03,11.36,Corto
3396,3397,2026-04-27 10:04:28,10,tech,12160,10251,271,115,136,393,4,5.09,17.74,Medio
3397,3398,2026-04-12 23:10:45,23,design,5298,3581,206,27,15,378,4,6.93,12.12,Medio
3398,3399,2026-02-27 10:17:48,10,tech,1553,1137,31,7,22,311,2,5.28,20.67,Corto
3399,3400,2026-03-16 12:09:36,12,tech,494,331,11,4,4,383,3,5.74,17.82,Medio
3400,3401,2026-02-25 18:56:36,18,tech,6117,4607,142,59,86,330,2,6.23,23.14,Corto
3401,3402,2026-03-21 18:45:23,18,design,8496,7530,381,36,40,271,3,6.07,11.22,Corto
3402,3403,2026-06-15 09:56:28,9,tech,1231,1075,31,9,20,376,6,5.58,21.12,Medio
3403,3404,2026-04-21 07:04:00,7,tech,4958,3675,122,27,31,533,4,4.9,13.01,Medio
3404,3405,2026-07-20 18:44:01,18,tech,3760,2778,100,14,42,386,7,5.62,17.71,Medio
3405,3406,2026-07-11 01:49:37,1,tech,473,357,10,5,5,223,7,5.6,19.61,Corto
3406,3407,2026-04-21 19:34:03,19,tech,13059,12035,298,126,179,229,4,5.01,18.56,Corto
3407,3408,2026-06-27 12:12:27,12,tech,2884,2508,95,35,48,478,6,7.1,24.68,Medio
3408,3409,2026-07-07 15:15:08,15,business,975,796,21,7,4,151,7,4.02,10.18,Muy Corto
3409,3410,2026-04-11 15:36:49,15,tech,1594,1399,55,16,17,399,4,6.29,18.23,Medio
3410,3411,2026-08-12 17:21:39,17,tech,1624,1056,23,8,16,361,8,4.45,17.33,Corto
3411,3412,2026-03-10 14:50:02,14,tech,996,727,21,5,9,316,3,4.81,15.54,Corto
3412,3413,2026-08-15 18:28:02,18,design,1558,1176,90,7,3,227,8,8.5,12.07,Corto
3413,3414,2026-08-16 17:57:36,17,tech,2745,2470,57,18,32,202,8,4.33,15.59,Muy Corto
3414,3415,2026-04-26 18:35:01,18,tech,2572,2033,64,25,23,385,4,5.51,17.12,Medio
3415,3416,2026-05-01 17:29:43,17,design,1258,826,45,4,4,297,5,6.42,11.26,Corto
3416,3417,2026-03-31 18:45:52,18,tech,10845,8532,194,92,157,439,3,5.19,21.31,Medio
3417,3418,2026-04-30 10:07:25,10,tech,3406,2777,65,38,45,346,4,5.33,20.78,Corto
3418,3419,2026-04-29 20:37:46,20,design,3787,3441,240,12,9,345,4,7.59,10.46,Corto
3419,3420,2026-06-20 08:47:00,8,design,11552,10668,649,38,51,369,6,6.92,11.33,Corto
3420,3421,2026-08-09 10:36:46,10,design,6210,5587,338,40,14,297,8,7.02,10.92,Corto
3421,3422,2026-06-10 13:46:08,13,design,1830,1599,139,7,5,250,6,9.44,12.95,Corto
3422,3423,2026-07-05 12:56:18,12,design,2513,1977,114,9,8,210,7,6.63,10.82,Corto
3423,3424,2026-04-25 21:08:20,21,design,23064,16658,1265,34,51,228,4,8.1,10.86,Corto
3424,3425,2026-03-16 08:27:36,8,design,8130,6733,455,30,14,281,3,7.41,10.2,Corto
3425,3426,2026-07-26 10:21:49,10,design,32616,28876,1887,84,77,323,7,7.09,9.83,Corto
3426,3427,2026-05-09 06:50:33,6,business,3062,2163,23,9,11,207,5,1.99,6.8,Corto
3427,3428,2026-07-12 20:08:22,20,design,658,528,47,3,2,324,7,9.85,14.2,Corto
3428,3429,2026-05-18 10:45:26,10,business,2127,1400,18,6,13,118,5,2.64,10.43,Muy Corto
3429,3430,2026-03-15 15:44:03,15,design,758,612,53,2,3,348,3,9.48,13.89,Corto
3430,3431,2026-06-23 10:11:36,10,tech,2188,1969,53,23,21,462,6,4.93,15.9,Medio
3431,3432,2026-06-10 13:27:20,13,business,1576,1178,33,6,7,145,6,3.9,9.59,Muy Corto
3432,3433,2026-03-27 09:41:23,9,tech,6012,3911,121,55,49,591,3,5.75,18.74,Largo
3433,3434,2026-06-28 12:03:14,12,design,1744,1185,105,8,5,283,6,9.96,14.94,Corto
3434,3435,2026-05-25 01:08:57,1,design,3278,2486,165,12,5,227,5,7.32,10.18,Corto
3435,3436,2026-07-17 14:20:15,14,tech,5433,4398,135,51,76,452,7,5.96,21.53,Medio
3436,3437,2026-03-14 09:06:56,9,tech,9482,6178,132,90,87,480,3,5.0,19.23,Medio
3437,3438,2026-03-19 08:47:03,8,business,5945,4076,70,14,26,94,3,2.7,8.19,Muy Corto
3438,3439,2026-03-11 16:57:49,16,design,1489,1074,62,5,3,256,3,6.52,9.87,Corto
3439,3440,2026-06-23 13:09:47,13,business,9653,8018,100,50,35,157,6,2.31,7.23,Muy Corto
3440,3441,2026-04-02 11:23:31,11,tech,11096,10380,402,78,146,435,4,6.03,18.13,Medio
3441,3442,2026-03-12 22:26:37,22,business,2945,2133,42,8,9,127,3,2.77,6.84,Muy Corto
3442,3443,2026-02-21 10:52:15,10,tech,4859,3944,156,21,73,404,2,6.34,20.89,Medio
3443,3444,2026-07-25 19:54:35,19,business,3370,2957,87,17,19,142,7,4.16,10.38,Muy Corto
3444,3445,2026-05-11 19:28:53,19,tech,7218,6347,160,57,51,443,5,4.22,12.54,Medio
3445,3446,2026-08-11 19:37:46,19,tech,7896,5253,205,34,100,516,8,6.45,21.72,Medio
3446,3447,2026-07-29 14:11:44,14,tech,785,734,17,4,9,168,7,4.09,14.31,Muy Corto
3447,3448,2026-04-14 08:42:26,8,tech,957,739,23,10,12,506,4,6.09,21.52,Medio
3448,3449,2026-07-14 15:17:33,15,business,5517,4179,55,16,31,216,7,2.44,8.78,Corto
3449,3450,2026-05-03 14:46:09,14,business,1388,1052,20,4,7,167,5,2.95,8.75,Muy Corto
3450,3451,2026-05-31 19:25:06,19,design,4911,3316,237,6,11,297,5,7.66,10.52,Corto
3451,3452,2026-05-16 14:49:41,14,design,1034,972,56,5,2,228,5,6.48,9.47,Corto
3452,3453,2026-03-23 10:17:46,10,tech,5744,4688,154,29,59,363,3,5.16,15.83,Corto
3453,3454,2026-04-28 10:49:24,10,tech,1786,1312,37,10,20,512,4,5.11,18.06,Medio
3454,3455,2026-05-05 23:21:10,23,design,4902,4265,230,14,15,283,5,6.07,9.52,Corto
3455,3456,2026-06-09 06:27:02,6,business,2170,1939,24,8,15,119,6,2.42,9.08,Muy Corto
3456,3457,2026-05-08 17:53:49,17,tech,34804,27223,973,165,258,398,5,5.13,13.58,Medio
3457,3458,2026-05-17 12:04:39,12,tech,27775,24593,822,257,353,521,5,5.82,19.01,Medio
3458,3459,2026-06-27 19:06:14,19,tech,10021,7150,176,106,91,354,6,5.22,18.57,Corto
3459,3460,2026-05-02 11:36:46,11,design,1571,1217,76,7,2,333,5,6.98,9.86,Corto
3460,3461,2026-05-08 08:49:57,8,tech,6880,5790,166,30,65,263,5,4.51,13.92,Corto
3461,3462,2026-07-21 19:35:43,19,tech,10587,9860,381,111,128,349,7,6.29,18.75,Corto
3462,3463,2026-04-01 19:08:55,19,design,1477,1028,62,4,4,278,4,6.81,10.7,Corto
3463,3464,2026-03-17 10:19:39,10,tech,25918,17046,631,139,195,337,3,5.66,16.12,Corto
3464,3465,2026-08-11 11:55:43,11,business,6862,5171,81,26,36,141,8,2.77,9.15,Muy Corto
3465,3466,2026-07-21 15:47:02,15,tech,2628,2038,68,18,36,457,7,5.99,21.0,Medio
3466,3467,2026-03-29 14:21:49,14,tech,2921,1923,72,21,28,366,3,6.29,19.76,Corto
3467,3468,2026-03-03 03:58:19,3,tech,736,692,22,7,10,320,3,5.64,18.79,Corto
3468,3469,2026-04-24 12:34:46,12,design,9681,8212,516,37,47,293,4,7.31,12.66,Corto
3469,3470,2026-03-07 12:19:45,12,design,790,545,42,3,3,291,3,8.81,14.31,Corto
3470,3471,2026-06-23 05:12:27,5,design,3970,3757,231,16,11,244,6,6.87,10.19,Corto
3471,3472,2026-07-06 11:40:27,11,tech,1291,1080,24,11,11,532,7,4.26,14.44,Medio
3472,3473,2026-06-06 20:03:04,20,tech,20723,17212,408,256,305,367,6,5.63,22.5,Corto
3473,3474,2026-04-17 15:32:36,15,business,2504,1864,44,10,10,172,4,3.43,8.8,Muy Corto
3474,3475,2026-04-02 11:10:14,11,tech,4073,3225,101,34,47,302,4,5.64,19.01,Corto
3475,3476,2026-06-02 09:44:57,9,business,16279,15232,212,135,69,124,6,2.73,8.56,Muy Corto
3476,3477,2026-03-22 20:18:40,20,business,961,909,18,8,6,161,3,3.52,10.78,Muy Corto
3477,3478,2026-04-23 09:00:06,9,tech,3019,2059,69,30,31,489,4,6.31,21.22,Medio
3478,3479,2026-06-02 10:11:32,10,tech,826,538,19,5,8,409,6,5.95,19.14,Medio
3479,3480,2026-04-21 22:42:09,22,design,5661,4679,353,37,15,345,4,8.66,13.27,Corto
3480,3481,2026-06-08 09:30:48,9,tech,22871,21716,653,279,341,361,6,5.86,20.71,Corto
3481,3482,2026-07-12 09:50:05,9,tech,78472,67648,2218,675,817,474,7,5.48,16.93,Medio
3482,3483,2026-02-27 09:56:19,9,tech,1083,899,35,11,10,241,2,6.23,17.69,Corto
3483,3484,2026-05-11 10:08:29,10,design,2057,1618,120,6,6,352,5,8.16,11.87,Corto
3484,3485,2026-03-26 18:35:11,18,tech,6347,5898,145,42,52,418,3,4.05,12.36,Medio
3485,3486,2026-06-19 06:18:26,6,design,5474,3881,321,17,21,278,6,9.25,14.35,Corto
3486,3487,2026-03-30 15:20:11,15,design,20544,16684,1145,93,66,202,3,7.82,12.26,Muy Corto
3487,3488,2026-07-21 16:54:38,16,business,671,574,11,3,3,163,7,2.96,8.19,Muy Corto
3488,3489,2026-04-16 07:19:57,7,tech,997,833,24,7,6,456,4,4.44,12.0,Medio
3489,3490,2026-04-05 14:01:58,14,tech,1074,743,26,7,11,448,4,5.92,19.11,Medio
3490,3491,2026-05-19 15:20:25,15,design,7081,5412,362,19,14,246,5,7.3,10.16,Corto
3491,3492,2026-07-03 11:42:27,11,business,12936,10788,265,75,49,145,7,3.61,8.87,Muy Corto
3492,3493,2026-05-11 11:32:12,11,design,3954,3321,206,9,16,301,5,6.96,11.14,Corto
3493,3494,2026-06-17 18:40:54,18,tech,22049,19948,565,236,227,291,6,5.15,16.67,Corto
3494,3495,2026-03-07 17:49:35,17,design,1471,997,77,6,3,212,3,8.63,12.54,Corto
3495,3496,2026-07-03 11:41:05,11,design,3792,2965,219,9,8,233,7,7.96,10.76,Corto
3496,3497,2026-08-04 10:14:41,10,design,7742,6442,489,32,27,344,8,8.51,12.93,Corto
3497,3498,2026-06-07 20:47:35,20,design,18631,12453,1024,85,29,270,6,9.14,12.82,Corto
3498,3499,2026-07-20 09:31:47,9,tech,6913,5689,225,61,69,459,7,6.24,17.95,Medio
3499,3500,2026-03-07 18:54:17,18,tech,4054,3817,122,44,74,275,3,6.29,23.32,Corto
3500,3501,2026-06-07 13:16:55,13,tech,2626,2167,54,30,24,489,6,4.98,16.89,Medio
3501,3502,2026-05-26 04:38:35,4,design,465,387,28,3,2,324,5,8.53,14.47,Corto
3502,3503,2026-07-31 10:30:45,10,business,2252,1606,27,9,12,143,7,2.99,9.9,Muy Corto
3503,3504,2026-08-02 00:06:40,0,design,10016,7549,609,44,36,235,8,9.13,14.21,Corto
3504,3505,2026-04-17 07:17:15,7,tech,879,631,21,8,10,477,4,6.18,21.08,Medio
3505,3506,2026-07-24 16:41:35,16,tech,2002,1719,52,24,16,282,7,5.35,16.06,Corto
3506,3507,2026-02-21 12:35:19,12,design,10483,9622,606,37,27,297,2,6.96,10.08,Corto
3507,3508,2026-06-07 18:41:13,18,business,13251,9493,116,86,58,170,6,2.74,9.73,Muy Corto
3508,3509,2026-05-04 21:24:46,21,tech,724,555,20,4,6,275,5,5.41,15.14,Corto
3509,3510,2026-03-02 19:53:34,19,tech,3086,2187,51,12,35,393,3,4.48,17.33,Medio
3510,3511,2026-06-15 12:34:25,12,tech,14646,13435,531,142,108,197,6,5.81,14.61,Muy Corto
3511,3512,2026-05-13 09:59:19,9,design,1793,1665,86,3,4,309,5,5.59,7.81,Corto
3512,3513,2026-07-10 19:56:23,19,business,6559,6096,63,49,34,139,7,2.4,8.71,Muy Corto
3513,3514,2026-03-12 15:38:53,15,business,3535,2848,83,27,12,192,3,4.28,10.08,Muy Corto
3514,3515,2026-07-31 13:05:33,13,design,2364,2075,168,10,12,267,7,9.16,14.65,Corto
3515,3516,2026-04-17 14:59:55,14,tech,10524,8103,241,119,92,323,4,5.58,17.93,Corto
3516,3517,2026-06-29 09:24:18,9,design,2311,1733,134,6,7,220,6,8.48,12.35,Corto
3517,3518,2026-03-16 11:19:34,11,business,14533,11515,181,112,105,118,3,3.46,12.76,Muy Corto
3518,3519,2026-05-06 18:21:13,18,business,56088,47986,1333,377,375,157,5,4.35,12.17,Muy Corto
3519,3520,2026-03-09 06:32:53,6,design,1830,1640,120,12,6,353,3,8.41,13.17,Corto
3520,3521,2026-04-16 13:20:57,13,tech,2165,1710,46,16,31,428,4,5.44,20.94,Medio
3521,3522,2026-07-21 13:56:35,13,design,298,277,14,2,1,278,7,6.14,10.83,Corto
3522,3523,2026-07-17 19:13:57,19,business,4102,3598,107,19,19,163,7,4.03,9.31,Muy Corto
3523,3524,2026-03-23 16:35:56,16,design,3844,3341,243,9,18,270,3,8.08,12.66,Corto
3524,3525,2026-06-10 16:03:50,16,design,16118,12437,1033,69,37,368,6,9.16,12.91,Corto
3525,3526,2026-06-10 07:54:57,7,tech,16431,11675,358,149,127,352,6,5.43,16.87,Corto
3526,3527,2026-08-03 09:53:21,9,tech,3973,2889,99,19,29,360,8,5.09,14.09,Corto
3527,3528,2026-07-09 19:50:06,19,business,10634,7520,110,50,49,188,7,2.78,9.34,Muy Corto
3528,3529,2026-06-04 17:02:39,17,business,71963,47313,945,210,438,188,6,3.37,11.18,Muy Corto
3529,3530,2026-03-22 15:58:45,15,tech,28656,20809,658,287,300,314,3,5.98,20.21,Corto
3530,3531,2026-06-01 08:22:58,8,tech,13993,10179,349,53,134,516,6,5.27,16.04,Medio
3531,3532,2026-08-07 10:45:45,10,design,30946,21414,1255,88,61,432,8,6.56,9.78,Medio
3532,3533,2026-08-13 11:01:29,11,tech,4784,3793,113,32,70,619,8,5.67,21.12,Largo
3533,3534,2026-06-07 08:56:44,8,tech,1931,1603,57,18,28,363,6,6.43,22.02,Corto
3534,3535,2026-07-12 09:40:59,9,tech,358,293,8,2,4,280,7,4.78,16.38,Corto
3535,3536,2026-08-05 12:36:58,12,tech,3086,2449,84,25,27,532,8,5.55,16.33,Medio
3536,3537,2026-03-03 09:20:08,9,tech,13617,12081,333,113,160,288,3,5.02,17.09,Corto
3537,3538,2026-08-09 06:07:10,6,tech,27147,19185,541,264,245,469,8,5.47,18.54,Medio
3538,3539,2026-03-27 08:45:41,8,design,16309,12854,821,92,34,258,3,7.37,11.37,Corto
3539,3540,2026-04-10 13:38:25,13,design,8695,7556,417,32,25,313,4,6.27,9.86,Corto
3540,3541,2026-08-19 13:36:36,13,tech,512,383,11,1,4,523,8,4.18,12.27,Medio
3541,3542,2026-03-27 12:10:22,12,business,3375,2386,50,10,17,128,3,3.23,9.47,Muy Corto
3542,3543,2026-06-29 18:48:43,18,tech,14607,10941,360,133,177,578,6,6.12,21.09,Largo
3543,3544,2026-04-11 10:22:18,10,tech,19173,14544,358,194,128,457,4,4.68,14.84,Medio
3544,3545,2026-03-20 11:17:50,11,business,4990,3767,66,29,24,179,3,3.16,9.93,Muy Corto
3545,3546,2026-05-26 00:03:54,0,tech,3684,2991,72,24,57,428,5,5.12,20.86,Medio
3546,3547,2026-05-18 05:38:56,5,tech,3061,2485,70,21,42,185,5,5.35,19.72,Muy Corto
3547,3548,2026-08-16 12:04:54,12,business,2259,1789,30,11,17,181,8,3.24,11.74,Muy Corto
3548,3549,2026-06-21 10:16:13,10,design,4746,3956,314,9,17,394,6,8.59,12.29,Medio
3549,3550,2026-05-20 07:55:52,7,design,5579,4359,225,17,25,330,5,6.13,11.31,Corto
3550,3551,2026-08-19 17:35:37,17,design,9000,7533,652,46,33,346,8,9.7,14.6,Corto
3551,3552,2026-05-12 09:35:46,9,business,5766,4849,102,33,38,157,5,3.57,11.1,Muy Corto
3552,3553,2026-03-04 11:21:24,11,tech,1940,1767,48,9,23,172,3,4.53,15.17,Muy Corto
3553,3554,2026-05-30 18:44:26,18,tech,3701,3116,68,23,34,429,5,4.01,13.86,Medio
3554,3555,2026-05-28 10:47:48,10,tech,2026,1594,51,13,19,472,5,5.21,16.0,Medio
3555,3556,2026-03-27 13:39:37,13,business,2254,1473,39,7,8,146,3,3.67,8.89,Muy Corto
3556,3557,2026-02-26 05:33:43,5,tech,906,820,29,8,11,329,2,5.85,18.17,Corto
3557,3558,2026-04-27 10:53:27,10,design,8197,7209,376,45,31,291,4,6.27,11.15,Corto
3558,3559,2026-06-23 13:13:17,13,tech,1537,1265,30,12,17,261,6,4.66,16.92,Corto
3559,3560,2026-04-20 13:47:59,13,tech,3180,2536,91,18,44,30,4,6.03,20.31,Muy Corto
3560,3561,2026-06-19 17:40:49,17,design,4770,3461,306,21,17,281,6,9.94,15.2,Corto
3561,3562,2026-06-15 07:01:39,7,design,25712,20758,1838,80,92,284,6,9.68,13.94,Corto
3562,3563,2026-02-27 12:17:43,12,business,2251,1878,35,14,10,163,2,3.14,9.11,Muy Corto
3563,3564,2026-06-18 15:30:05,15,tech,1640,1371,32,15,17,318,6,4.67,16.63,Corto
3564,3565,2026-07-15 17:39:37,17,business,3851,3497,46,28,22,126,7,2.75,9.55,Muy Corto
3565,3566,2026-08-19 10:33:49,10,design,6264,5498,344,11,22,305,8,6.86,10.26,Corto
3566,3567,2026-07-08 13:22:49,13,design,18247,12988,957,75,72,250,7,8.5,14.11,Corto
3567,3568,2026-05-18 18:50:25,18,tech,1995,1368,32,11,24,321,5,4.9,19.59,Corto
3568,3569,2026-04-09 16:13:32,16,tech,1978,1538,32,16,24,471,4,4.68,18.73,Medio
3569,3570,2026-05-29 10:07:09,10,design,25087,23033,1811,63,105,356,5,8.59,12.6,Corto
3570,3571,2026-03-26 16:22:10,16,business,244,190,3,0,1,114,3,2.11,5.79,Muy Corto
3571,3572,2026-03-17 09:18:13,9,design,5517,3871,329,24,8,212,3,9.33,12.63,Corto
3572,3573,2026-02-21 08:52:09,8,design,3212,2974,165,18,16,344,2,6.69,12.27,Corto
3573,3574,2026-05-31 13:52:52,13,design,2339,1723,93,7,5,278,5,6.09,9.34,Corto
3574,3575,2026-04-15 08:06:29,8,tech,3665,3155,80,24,41,441,4,4.6,15.97,Medio
3575,3576,2026-02-23 11:38:43,11,tech,1909,1351,47,17,14,351,2,5.77,16.8,Corto
3576,3577,2026-07-24 10:30:47,10,tech,1139,1034,34,5,15,258,7,5.22,16.83,Corto
3577,3578,2026-08-17 11:00:06,11,tech,1339,1226,43,9,13,509,8,5.3,14.93,Medio
3578,3579,2026-06-12 14:19:21,14,design,2788,1823,144,4,10,317,6,8.67,13.17,Corto
3579,3580,2026-07-03 13:33:14,13,business,2422,1891,28,10,9,148,7,2.49,7.4,Muy Corto
3580,3581,2026-05-24 08:09:17,8,tech,4513,4135,92,58,44,291,5,4.69,16.35,Corto
3581,3582,2026-03-08 15:17:21,15,tech,1259,954,34,13,10,260,3,5.97,17.4,Corto
3582,3583,2026-07-19 00:07:37,0,business,741,490,5,2,2,131,7,1.84,5.92,Muy Corto
3583,3584,2026-03-25 15:51:13,15,design,10146,9539,489,65,44,217,3,6.27,11.54,Corto
3584,3585,2026-07-23 17:35:25,17,tech,3278,2346,56,22,21,426,7,4.22,13.3,Medio
3585,3586,2026-02-23 16:54:45,16,design,1731,1641,98,3,5,302,2,6.46,9.14,Corto
3586,3587,2026-05-16 15:47:59,15,tech,4545,3717,139,35,55,377,5,6.16,19.34,Medio
3587,3588,2026-06-21 13:01:00,13,business,3211,2671,27,19,20,142,6,2.47,9.85,Muy Corto
3588,3589,2026-07-10 11:40:38,11,tech,1789,1608,64,9,25,410,7,6.09,18.66,Medio
3589,3590,2026-03-26 11:54:09,11,design,10234,9228,504,58,46,205,3,6.59,11.96,Corto
3590,3591,2026-04-14 10:35:14,10,business,44194,41553,800,373,191,146,4,3.28,9.19,Muy Corto
3591,3592,2026-06-17 11:21:37,11,design,587,446,25,3,1,342,6,6.5,10.09,Corto
3592,3593,2026-04-03 09:45:06,9,tech,2112,1402,31,10,17,145,4,4.14,14.76,Muy Corto
3593,3594,2026-04-28 11:20:26,11,tech,2312,1506,56,9,20,658,4,5.64,16.73,Largo
3594,3595,2026-04-04 13:58:58,13,design,2730,2091,120,5,10,245,4,6.46,10.52,Corto
3595,3596,2026-07-05 11:49:04,11,tech,4053,3396,125,40,65,369,7,6.77,23.7,Corto
3596,3597,2026-06-06 17:13:30,17,design,3012,2439,213,16,7,295,6,9.68,13.65,Corto
3597,3598,2026-07-14 17:13:53,17,tech,4346,3371,97,48,48,429,7,5.73,19.96,Medio
3598,3599,2026-05-10 11:33:54,11,design,5514,3655,290,29,11,346,5,9.03,13.52,Corto
3599,3600,2026-06-04 09:09:53,9,design,21573,16613,1247,92,80,299,6,8.54,13.57,Corto
3600,3601,2026-07-06 11:13:44,11,tech,9781,8444,175,56,90,420,7,3.8,13.25,Medio
3601,3602,2026-06-04 08:47:32,8,design,5664,4902,412,22,21,169,6,9.28,13.63,Muy Corto
3602,3603,2026-07-24 11:28:08,11,tech,11026,8205,209,122,126,376,7,5.57,20.78,Medio
3603,3604,2026-06-30 09:34:24,9,tech,4705,3961,137,35,79,414,6,6.34,22.95,Medio
3604,3605,2026-04-17 07:19:54,7,tech,793,572,13,8,9,355,4,5.24,20.45,Corto
3605,3606,2026-04-30 05:37:19,5,business,2382,1831,27,6,16,143,4,2.68,9.78,Muy Corto
3606,3607,2026-03-29 07:41:40,7,tech,2090,1951,58,12,30,288,3,5.13,17.73,Corto
3607,3608,2026-07-11 23:44:32,23,tech,5433,4903,137,68,74,393,7,5.69,20.42,Medio
3608,3609,2026-04-07 11:02:35,11,tech,8123,7498,291,53,135,483,4,6.39,21.11,Medio
3609,3610,2026-03-26 16:06:55,16,design,8959,7984,439,21,30,290,3,6.14,9.56,Corto
3610,3611,2026-08-05 08:32:18,8,tech,12313,10808,386,80,140,436,8,5.61,16.89,Medio
3611,3612,2026-07-29 16:41:14,16,business,7498,5904,123,31,25,99,7,3.03,7.57,Muy Corto
3612,3613,2026-03-04 17:49:30,17,tech,16484,11701,383,122,216,517,3,6.16,22.21,Medio
3613,3614,2026-03-27 15:10:38,15,design,21659,18540,1075,42,48,300,3,6.28,8.78,Corto
3614,3615,2026-04-13 09:34:15,9,design,4931,4604,351,18,10,271,4,8.23,10.93,Corto
3615,3616,2026-08-06 08:54:33,8,tech,3335,2192,47,11,41,659,8,4.52,19.11,Largo
3616,3617,2026-04-29 15:13:52,15,tech,1156,959,21,8,17,399,4,4.8,19.71,Medio
3617,3618,2026-08-03 17:27:35,17,tech,6629,5532,204,62,100,461,8,6.62,22.63,Medio
3618,3619,2026-03-05 16:59:59,16,tech,2051,1765,40,10,18,433,3,3.85,12.69,Medio
3619,3620,2026-05-09 09:11:45,9,tech,6715,4819,155,52,90,420,5,6.16,22.47,Medio
3620,3621,2026-03-04 19:14:27,19,tech,3218,2369,55,13,23,354,3,3.84,12.28,Corto
3621,3622,2026-07-16 17:56:18,17,tech,5151,3926,115,27,64,357,7,5.25,18.72,Corto
3622,3623,2026-05-26 11:56:39,11,design,36054,23678,2111,167,83,321,5,9.97,14.54,Corto
3623,3624,2026-03-25 18:52:39,18,design,4642,3903,326,16,10,298,3,9.02,12.04,Corto
3624,3625,2026-06-26 16:41:20,16,design,7103,6320,368,21,31,195,6,6.65,11.08,Muy Corto
3625,3626,2026-08-13 18:57:29,18,design,2060,1871,99,9,3,253,8,5.93,8.5,Corto
3626,3627,2026-05-27 17:37:20,17,design,5637,4149,230,14,8,310,5,6.07,8.44,Corto
3627,3628,2026-03-05 17:56:05,17,tech,25989,24512,922,192,241,345,3,5.53,14.76,Corto
3628,3629,2026-06-24 15:54:57,15,design,6661,4769,278,11,23,339,6,6.54,10.61,Corto
3629,3630,2026-06-01 13:38:25,13,tech,1391,1039,28,14,19,507,6,5.87,22.71,Medio
3630,3631,2026-08-02 12:14:11,12,business,500,340,4,1,3,185,8,2.35,9.41,Muy Corto
3631,3632,2026-03-09 11:32:50,11,business,6239,4827,92,40,26,126,3,3.27,9.53,Muy Corto
3632,3633,2026-05-24 16:31:46,16,design,1146,1045,75,4,6,312,5,8.13,13.3,Corto
3633,3634,2026-03-07 17:39:56,17,business,2921,2456,37,12,16,170,3,2.65,8.67,Muy Corto
3634,3635,2026-04-30 01:23:45,1,tech,9382,6297,210,73,59,439,4,5.43,15.47,Medio
3635,3636,2026-08-17 17:33:29,17,tech,1877,1243,41,18,17,296,8,6.11,20.03,Corto
3636,3637,2026-05-25 20:24:17,20,business,6134,5626,103,55,37,176,5,3.47,11.0,Muy Corto
3637,3638,2026-03-08 14:39:33,14,tech,1543,1440,51,14,21,313,3,5.97,19.1,Corto
3638,3639,2026-05-31 12:34:59,12,tech,4734,3765,93,30,37,426,5,4.25,13.52,Medio
3639,3640,2026-03-20 03:11:52,3,design,1323,1010,69,4,2,377,3,7.43,10.0,Medio
3640,3641,2026-06-24 09:46:48,9,tech,20287,16717,641,150,264,490,6,6.31,20.06,Medio
3641,3642,2026-05-03 13:56:52,13,tech,2619,1834,71,14,26,430,5,6.05,18.27,Medio
3642,3643,2026-07-28 15:31:45,15,tech,1238,889,20,6,10,346,7,4.05,13.95,Corto
3643,3644,2026-06-01 09:35:56,9,tech,22033,15466,517,147,265,437,6,6.01,20.85,Medio
3644,3645,2026-03-07 12:29:04,12,tech,1378,1276,31,18,13,346,3,4.86,16.22,Corto
3645,3646,2026-02-25 11:52:58,11,tech,1578,1466,41,16,16,411,2,4.98,15.89,Medio
3646,3647,2026-05-03 17:07:16,17,design,9337,7388,484,20,16,253,5,7.04,9.37,Corto
3647,3648,2026-05-27 16:34:55,16,tech,438,408,8,5,4,386,5,4.17,14.71,Medio
3648,3649,2026-07-23 13:22:50,13,tech,2669,1931,62,16,32,558,7,5.7,19.78,Largo
3649,3650,2026-03-19 12:52:25,12,design,5180,3717,195,14,15,302,3,6.03,9.98,Corto
3650,3651,2026-03-07 10:58:11,10,tech,3308,2770,76,41,27,376,3,5.2,16.46,Medio
3651,3652,2026-05-14 09:24:57,9,design,123235,103647,5753,519,294,318,5,6.33,9.82,Corto
3652,3653,2026-06-11 22:41:58,22,tech,11609,7680,256,86,84,382,6,5.55,16.56,Medio
3653,3654,2026-05-07 09:00:03,9,tech,15485,11358,382,76,104,358,5,4.95,13.37,Corto
3654,3655,2026-05-06 13:32:14,13,business,7446,6457,83,55,26,147,5,2.54,7.91,Muy Corto
3655,3656,2026-05-17 13:16:45,13,tech,8264,6562,132,48,92,469,5,4.15,16.15,Medio
3656,3657,2026-07-07 15:31:20,15,design,1144,781,57,5,2,269,7,8.19,11.91,Corto
3657,3658,2026-07-20 09:39:27,9,tech,8465,7413,206,64,120,535,7,5.26,19.18,Medio
3658,3659,2026-07-23 19:20:35,19,business,1042,699,8,3,5,135,7,2.29,8.58,Muy Corto
3659,3660,2026-06-19 21:39:39,21,design,1167,814,42,3,2,298,6,5.77,8.6,Corto
3660,3661,2026-07-19 12:56:42,12,business,21674,20067,206,99,197,198,7,2.5,10.85,Muy Corto
3661,3662,2026-04-13 10:05:48,10,design,1613,1164,78,7,6,379,4,7.82,13.23,Medio
3662,3663,2026-03-22 14:48:53,14,design,2074,1579,106,3,9,306,3,7.47,12.03,Corto
3663,3664,2026-08-04 18:17:27,18,business,14434,9407,186,30,79,147,8,3.14,9.97,Muy Corto
3664,3665,2026-08-02 11:44:12,11,business,17471,14466,422,64,96,182,8,4.02,10.0,Muy Corto
3665,3666,2026-04-06 09:17:17,9,business,1695,1233,33,9,5,98,4,3.81,8.84,Muy Corto
3666,3667,2026-08-19 13:31:08,13,tech,3914,2930,82,20,58,363,8,5.46,21.37,Corto
3667,3668,2026-06-02 14:30:16,14,tech,846,602,23,4,10,401,6,6.15,19.77,Medio
3668,3669,2026-06-11 08:23:39,8,tech,12979,11856,442,61,122,388,6,5.27,14.02,Medio
3669,3670,2026-04-19 19:48:51,19,design,5289,4218,367,27,9,280,4,9.55,12.97,Corto
3670,3671,2026-06-13 12:46:27,12,business,1621,1232,22,7,6,176,6,2.84,7.95,Muy Corto
3671,3672,2026-08-14 00:40:55,0,tech,3469,3247,103,42,61,417,8,6.34,23.38,Medio
3672,3673,2026-04-06 10:10:40,10,business,2948,2296,64,15,10,227,4,3.88,8.89,Corto
3673,3674,2026-08-16 08:18:48,8,tech,5892,4140,133,35,76,493,8,5.89,21.28,Medio
3674,3675,2026-08-13 06:25:47,6,business,1023,815,20,7,3,170,8,3.68,8.83,Muy Corto
3675,3676,2026-02-27 16:12:10,16,tech,796,713,23,8,6,270,2,5.19,14.45,Corto
3676,3677,2026-07-26 17:24:01,17,tech,40958,30852,1175,418,326,332,7,6.22,17.68,Corto
3677,3678,2026-05-11 16:35:27,16,tech,4240,3715,133,50,73,512,5,6.89,24.68,Medio
3678,3679,2026-03-29 00:11:54,0,tech,1207,834,32,8,8,444,3,5.76,15.35,Medio
3679,3680,2026-06-10 19:50:07,19,tech,68531,63871,1909,505,692,300,6,4.86,14.82,Corto
3680,3681,2026-05-02 23:38:31,23,business,8863,7420,211,29,31,159,5,3.65,7.75,Muy Corto
3681,3682,2026-08-04 16:55:50,16,design,18345,16913,1363,129,37,340,8,9.04,12.86,Corto
3682,3683,2026-05-20 09:44:16,9,tech,5547,3969,81,35,43,432,5,4.01,14.24,Medio
3683,3684,2026-04-23 12:48:49,12,tech,802,705,25,8,5,252,4,5.39,13.76,Corto
3684,3685,2026-07-25 08:10:59,8,business,3738,2935,82,22,16,148,7,4.09,10.15,Muy Corto
3685,3686,2026-07-21 07:29:47,7,design,11459,9618,649,25,24,332,7,7.26,9.78,Corto
3686,3687,2026-03-06 09:50:50,9,design,3195,2406,127,16,11,289,3,6.4,11.6,Corto
3687,3688,2026-03-12 08:31:13,8,design,5682,4200,364,28,10,303,3,9.57,13.24,Corto
3688,3689,2026-08-07 13:47:10,13,tech,5333,4087,117,32,35,291,8,4.5,12.85,Corto
3689,3690,2026-06-02 18:21:33,18,design,6223,5197,304,30,24,307,6,6.89,11.85,Corto
3690,3691,2026-05-23 18:43:56,18,business,11647,8355,249,53,36,169,5,4.05,8.96,Muy Corto
3691,3692,2026-05-13 14:36:07,14,tech,1573,1309,27,6,17,241,5,3.82,14.29,Corto
3692,3693,2026-07-08 09:33:32,9,business,1272,1035,13,7,8,176,7,2.71,10.14,Muy Corto
3693,3694,2026-02-25 15:44:09,15,tech,1933,1394,28,9,20,498,2,4.09,16.07,Medio
3694,3695,2026-08-06 06:54:14,6,tech,8525,7855,206,57,121,350,8,4.89,17.85,Corto
3695,3696,2026-06-17 18:49:02,18,business,3854,3252,93,18,13,120,6,3.81,8.27,Muy Corto
3696,3697,2026-08-10 09:37:13,9,business,10153,8433,180,33,58,158,8,3.21,9.2,Muy Corto
3697,3698,2026-04-06 11:20:43,11,design,7800,6081,330,48,35,274,4,6.79,13.19,Corto
3698,3699,2026-04-23 09:15:21,9,tech,14115,9378,230,70,115,650,4,4.43,15.25,Largo
3699,3700,2026-06-25 19:08:22,19,design,5516,4843,266,14,16,282,6,6.11,9.29,Corto
3700,3701,2026-07-13 17:08:52,17,tech,9866,8143,194,74,100,584,7,4.52,15.84,Largo
3701,3702,2026-06-27 00:06:41,0,business,6478,4299,121,26,35,163,6,4.23,11.75,Muy Corto
3702,3703,2026-08-08 11:19:10,11,tech,6459,4286,136,57,74,455,8,6.23,22.31,Medio
3703,3704,2026-06-27 12:51:12,12,tech,199,161,5,1,2,360,6,4.97,15.53,Corto
3704,3705,2026-07-16 10:29:30,10,business,1560,1058,13,5,4,181,7,2.08,6.14,Muy Corto
3705,3706,2026-06-17 09:59:13,9,design,11570,8977,517,26,31,292,6,6.39,9.68,Corto
3706,3707,2026-03-19 20:42:20,20,tech,918,640,18,5,6,328,3,4.53,13.44,Corto
3707,3708,2026-03-18 19:19:47,19,tech,18497,12795,417,184,143,436,3,5.81,17.95,Medio
3708,3709,2026-07-25 22:01:47,22,design,2504,2205,132,15,11,216,7,7.17,12.7,Corto
3709,3710,2026-04-12 13:52:38,13,tech,3604,2662,97,38,38,546,4,6.5,20.77,Medio
3710,3711,2026-05-29 08:11:34,8,design,5176,3715,321,21,19,295,5,9.72,14.99,Corto
3711,3712,2026-08-14 10:35:22,10,design,3579,2637,179,15,11,255,8,7.77,12.4,Corto
3712,3713,2026-08-10 12:37:17,12,design,16120,10704,783,37,32,291,8,7.96,11.09,Corto
3713,3714,2026-07-17 15:30:12,15,design,1116,829,43,4,3,268,7,6.03,10.01,Corto
3714,3715,2026-05-03 00:40:11,0,tech,2583,1697,46,22,19,224,5,5.13,16.85,Corto
3715,3716,2026-08-15 10:44:43,10,tech,729,662,15,5,13,458,8,4.98,21.0,Medio
3716,3717,2026-06-03 10:11:13,10,tech,2793,2406,80,35,23,439,6,5.74,16.79,Medio
3717,3718,2026-03-28 16:55:33,16,tech,4253,2781,83,26,51,448,3,5.75,21.4,Medio
3718,3719,2026-04-05 16:31:09,16,tech,682,619,24,4,11,346,4,6.3,20.68,Corto
3719,3720,2026-04-15 20:54:11,20,tech,9122,7475,241,87,125,388,4,6.06,21.26,Medio
3720,3721,2026-07-25 14:24:43,14,design,8704,8159,690,34,39,264,7,9.35,13.95,Corto
3721,3722,2026-07-06 16:08:11,16,tech,2382,1650,59,18,14,239,7,5.52,14.73,Corto
3722,3723,2026-03-15 20:34:21,20,design,6936,4745,401,9,10,318,3,8.85,10.9,Corto
3723,3724,2026-04-10 19:47:02,19,tech,1261,1017,26,7,11,467,4,4.33,13.96,Medio
3724,3725,2026-03-11 09:54:56,9,design,2227,1926,118,4,6,286,3,6.65,9.45,Corto
3725,3726,2026-08-11 16:37:22,16,tech,2029,1872,48,21,15,377,8,4.49,13.46,Medio
3726,3727,2026-03-13 09:54:14,9,tech,3170,2433,57,20,47,574,3,5.1,21.09,Largo
3727,3728,2026-08-01 22:50:53,22,design,1471,1395,90,10,3,329,8,7.38,11.04,Corto
3728,3729,2026-03-07 10:19:17,10,design,3595,2541,162,16,12,362,3,7.48,12.67,Corto
3729,3730,2026-07-30 18:54:46,18,design,13348,8799,782,19,24,319,7,9.38,11.93,Corto
3730,3731,2026-03-04 12:31:45,12,tech,3116,2558,57,14,37,295,3,4.22,15.99,Corto
3731,3732,2026-08-19 10:01:18,10,design,3081,2029,175,7,10,304,8,9.46,13.95,Corto
3732,3733,2026-06-29 15:17:15,15,design,1257,1156,89,8,4,371,6,8.74,13.24,Corto
3733,3734,2026-05-24 10:12:05,10,business,5061,3640,64,24,16,124,5,2.86,7.91,Muy Corto
3734,3735,2026-05-25 01:28:26,1,design,3036,2427,177,16,6,354,5,8.2,11.91,Corto
3735,3736,2026-06-16 09:57:32,9,design,2189,1449,127,10,5,301,6,9.8,14.29,Corto
3736,3737,2026-02-23 13:32:23,13,tech,12605,11300,345,97,217,350,2,5.83,21.85,Corto
3737,3738,2026-08-01 15:40:18,15,design,1545,1421,87,6,5,304,8,6.9,10.63,Corto
3738,3739,2026-05-02 20:36:05,20,tech,3210,2346,62,35,43,559,5,5.97,23.27,Largo
3739,3740,2026-04-03 15:34:17,15,tech,890,613,19,3,8,496,4,4.89,15.5,Medio
3740,3741,2026-03-13 11:28:43,11,tech,2026,1727,61,10,22,266,3,5.39,16.04,Corto
3741,3742,2026-05-11 09:06:01,9,tech,9906,8152,300,73,98,413,5,5.78,16.88,Medio
3742,3743,2026-05-27 07:32:05,7,tech,3932,2837,78,32,39,486,5,5.25,18.26,Medio
3743,3744,2026-07-29 16:59:47,16,tech,1616,1525,34,22,28,535,7,5.51,22.69,Medio
3744,3745,2026-03-29 22:41:33,22,business,35984,25142,555,183,145,136,3,3.51,9.73,Muy Corto
3745,3746,2026-07-13 19:16:58,19,design,3362,2729,151,20,7,297,7,6.52,10.52,Corto
3746,3747,2026-07-24 07:49:52,7,business,3220,2206,58,21,16,184,7,4.31,12.24,Muy Corto
3747,3748,2026-07-28 09:33:46,9,design,67923,63190,3949,349,159,334,7,7.05,10.47,Corto
3748,3749,2026-04-10 19:53:14,19,business,591,545,8,4,3,140,4,2.75,8.81,Muy Corto
3749,3750,2026-07-19 16:25:22,16,design,798,732,49,1,3,328,7,7.24,10.52,Corto
3750,3751,2026-04-03 10:36:31,10,business,4396,4155,95,14,35,131,4,3.47,10.37,Muy Corto
3751,3752,2026-04-04 08:19:09,8,tech,2334,2142,55,18,31,620,4,4.86,17.51,Largo
3752,3753,2026-05-26 08:07:46,8,tech,10577,8600,223,95,111,552,5,4.99,17.34,Largo
3753,3754,2026-03-23 00:50:23,0,tech,21391,19796,727,147,382,292,3,6.34,22.08,Corto
3754,3755,2026-06-20 16:39:53,16,tech,1548,1038,31,12,14,178,6,5.49,18.4,Muy Corto
3755,3756,2026-04-28 14:07:58,14,tech,895,732,21,8,13,412,4,5.74,21.45,Medio
3756,3757,2026-02-22 17:03:23,17,tech,8330,7644,261,107,64,554,2,5.65,15.71,Largo
3757,3758,2026-04-08 17:02:15,17,design,9560,7250,386,53,30,319,4,6.47,11.56,Corto
3758,3759,2026-07-15 10:20:41,10,tech,14449,11990,371,88,200,352,7,5.5,19.37,Corto
3759,3760,2026-07-17 10:52:21,10,tech,7507,5120,155,46,100,399,7,5.88,22.25,Medio
3760,3761,2026-07-01 08:34:49,8,tech,7060,5528,179,66,50,505,7,5.34,15.25,Medio
3761,3762,2026-04-07 13:53:17,13,business,3259,2499,35,16,19,162,4,2.8,10.04,Muy Corto
3762,3763,2026-07-12 17:35:32,17,business,1315,986,24,6,4,142,7,3.45,8.11,Muy Corto
3763,3764,2026-07-13 12:17:48,12,tech,1277,1183,33,6,18,413,7,4.82,16.99,Medio
3764,3765,2026-08-12 10:21:40,10,tech,3418,2828,112,41,39,174,8,6.79,20.79,Muy Corto
3765,3766,2026-03-13 08:30:06,8,business,19115,12752,339,111,68,140,3,4.06,10.41,Muy Corto
3766,3767,2026-07-18 21:41:00,21,business,878,618,11,3,3,162,7,2.75,7.61,Muy Corto
3767,3768,2026-07-14 12:59:34,12,design,5549,4165,344,28,20,249,7,9.41,14.79,Corto
3768,3769,2026-04-12 08:54:01,8,tech,3744,3001,70,41,39,411,4,5.0,18.19,Medio
3769,3770,2026-05-12 08:21:43,8,tech,3922,2912,102,33,42,402,5,6.08,19.57,Medio
3770,3771,2026-08-08 12:49:59,12,design,8596,5987,330,26,17,337,8,6.23,9.52,Corto
3771,3772,2026-05-28 14:06:53,14,tech,15134,13182,380,181,125,399,5,5.2,15.96,Medio
3772,3773,2026-06-22 11:45:09,11,design,1950,1739,124,5,6,292,6,7.76,11.04,Corto
3773,3774,2026-03-13 22:53:54,22,design,7522,5195,454,28,17,304,3,9.61,13.51,Corto
3774,3775,2026-04-25 17:19:50,17,tech,1735,1315,34,16,11,292,4,4.64,14.14,Corto
3775,3776,2026-06-09 14:57:25,14,business,2395,1678,30,9,9,157,6,2.86,8.22,Muy Corto
3776,3777,2026-06-12 10:33:01,10,design,603,536,36,1,2,344,6,7.28,10.45,Corto
3777,3778,2026-03-07 09:10:06,9,tech,2123,1678,38,16,16,411,3,4.17,13.71,Medio
3778,3779,2026-06-23 11:40:31,11,business,5111,3509,65,22,15,123,6,2.91,7.78,Muy Corto
3779,3780,2026-03-30 10:02:21,10,design,2933,2394,165,11,10,304,3,7.77,12.07,Corto
3780,3781,2026-05-04 16:55:43,16,business,5321,3509,84,17,24,174,5,3.56,9.8,Muy Corto
3781,3782,2026-07-18 20:22:32,20,design,3669,3201,209,10,16,364,7,7.34,11.78,Corto
3782,3783,2026-03-13 12:59:41,12,business,1803,1287,32,5,10,160,3,3.65,10.26,Muy Corto
3783,3784,2026-02-20 18:13:01,18,tech,975,884,26,8,13,543,2,5.32,18.33,Medio
3784,3785,2026-04-22 12:45:15,12,tech,1548,1094,39,12,13,291,4,5.85,17.46,Corto
3785,3786,2026-05-21 19:38:04,19,tech,1023,905,32,9,15,359,5,6.19,20.77,Corto
3786,3787,2026-03-19 09:40:25,9,tech,493,402,15,5,4,385,3,5.97,16.67,Medio
3787,3788,2026-06-26 23:17:06,23,tech,3273,2988,103,44,44,384,6,6.39,21.12,Medio
3788,3789,2026-03-24 16:17:15,16,design,1389,907,57,3,4,229,3,7.06,11.14,Corto
3789,3790,2026-05-06 18:59:40,18,tech,6408,5807,183,60,60,414,5,5.22,15.55,Medio
3790,3791,2026-03-01 14:07:44,14,design,15367,11311,909,78,57,379,3,9.23,14.83,Medio
3791,3792,2026-06-05 13:22:40,13,tech,2959,2805,61,23,49,418,6,4.74,19.43,Medio
3792,3793,2026-06-05 12:16:34,12,business,3608,3118,60,30,20,155,6,3.53,10.9,Muy Corto
3793,3794,2026-08-09 10:41:42,10,tech,14471,9661,262,126,112,341,8,5.18,17.2,Corto
3794,3795,2026-08-04 13:38:00,13,tech,901,615,24,6,5,314,8,5.69,14.31,Corto
3795,3796,2026-04-01 15:33:41,15,design,415,309,21,1,0,265,4,7.12,8.09,Corto
3796,3797,2026-02-28 08:07:45,8,tech,1867,1651,40,9,31,296,2,4.85,19.62,Corto
3797,3798,2026-05-06 08:29:14,8,tech,8183,6496,224,42,121,454,5,5.96,20.94,Medio
3798,3799,2026-04-16 11:40:01,11,tech,5616,4457,156,63,77,601,4,6.64,22.98,Largo
3799,3800,2026-06-12 17:39:07,17,design,25789,22876,1538,122,81,357,6,7.61,11.69,Corto
3800,3801,2026-03-02 08:43:29,8,tech,6418,5151,167,58,96,314,3,6.23,22.66,Corto
3801,3802,2026-03-22 18:29:02,18,design,964,695,49,1,1,345,3,7.34,8.78,Corto
3802,3803,2026-05-09 20:41:24,20,design,1570,1388,76,9,6,346,5,6.56,11.53,Corto
3803,3804,2026-02-27 09:22:03,9,design,5250,4081,262,14,11,353,2,7.03,9.95,Corto
3804,3805,2026-06-17 08:04:36,8,design,1702,1455,83,8,7,334,6,6.74,11.75,Corto
3805,3806,2026-08-10 14:15:48,14,tech,5479,4016,100,42,36,489,8,4.43,13.84,Medio
3806,3807,2026-07-29 11:21:04,11,tech,3056,2383,71,30,45,449,7,6.13,23.12,Medio
3807,3808,2026-04-23 11:42:42,11,design,111492,84791,6943,459,173,350,4,8.93,11.99,Corto
3808,3809,2026-05-08 15:50:34,15,tech,1891,1299,27,13,12,448,5,4.0,13.47,Medio
3809,3810,2026-07-11 11:12:41,11,tech,2924,2201,85,11,18,477,7,5.18,12.4,Medio
3810,3811,2026-07-12 23:01:33,23,business,3623,2400,33,16,11,128,7,2.5,7.71,Muy Corto
3811,3812,2026-03-08 18:36:35,18,business,4930,3764,102,32,17,184,3,4.01,9.72,Muy Corto
3812,3813,2026-05-02 10:04:07,10,design,4323,3559,264,15,11,325,5,8.15,11.58,Corto
3813,3814,2026-04-03 09:15:26,9,tech,16736,12061,385,86,123,502,4,4.92,14.2,Medio
3814,3815,2026-07-04 14:50:07,14,tech,4331,3045,114,19,29,360,7,5.32,13.86,Corto
3815,3816,2026-03-08 14:54:20,14,design,911,796,41,5,4,362,3,6.28,11.68,Corto
3816,3817,2026-07-20 22:48:56,22,tech,1146,1023,25,11,10,381,7,4.5,14.57,Medio
3817,3818,2026-04-12 18:56:25,18,design,2870,1893,109,9,8,226,4,6.66,11.04,Corto
3818,3819,2026-04-08 10:41:57,10,tech,1373,1118,40,14,14,264,4,6.08,18.6,Corto
3819,3820,2026-03-24 13:41:44,13,design,2893,2664,181,5,9,429,3,7.32,10.25,Medio
3820,3821,2026-03-09 17:26:50,17,tech,436,403,8,3,5,368,3,3.97,14.89,Corto
3821,3822,2026-04-23 04:49:44,4,tech,1729,1602,43,20,31,312,4,5.87,23.16,Corto
3822,3823,2026-07-27 15:28:05,15,design,2409,1811,109,14,10,366,7,7.34,13.53,Corto
3823,3824,2026-05-29 08:04:53,8,design,8666,7734,655,27,21,301,5,9.09,12.04,Corto
3824,3825,2026-08-16 09:59:06,9,business,9192,6757,117,38,49,227,8,3.02,9.78,Corto
3825,3826,2026-05-20 12:23:37,12,tech,2223,1768,41,17,31,447,5,5.03,20.19,Medio
3826,3827,2026-06-22 14:52:15,14,tech,5201,4141,104,23,67,450,6,4.68,17.68,Medio
3827,3828,2026-05-25 18:09:17,18,design,12469,8979,457,63,43,319,5,6.27,11.73,Corto
3828,3829,2026-03-19 09:57:03,9,design,15563,14775,897,67,44,184,3,6.82,10.27,Muy Corto
3829,3830,2026-03-17 11:28:58,11,design,421,346,24,1,1,344,3,7.51,10.4,Corto
3830,3831,2026-06-19 18:58:00,18,tech,2753,2041,51,13,39,325,6,5.05,20.33,Corto
3831,3832,2026-07-01 19:59:51,19,business,6656,4791,93,19,21,163,7,2.78,7.03,Muy Corto
3832,3833,2026-05-26 08:09:33,8,business,5682,4461,92,15,41,110,5,3.32,10.76,Muy Corto
3833,3834,2026-08-19 09:16:54,9,design,19916,13104,822,93,46,374,8,7.33,11.92,Corto
3834,3835,2026-03-03 15:36:13,15,tech,23505,20371,515,128,400,239,3,5.12,20.75,Corto
3835,3836,2026-05-20 13:43:22,13,design,3060,2262,138,12,7,237,5,6.94,10.7,Corto
3836,3837,2026-04-01 14:45:37,14,tech,4808,4548,117,26,90,404,4,5.12,20.69,Medio
3837,3838,2026-04-23 11:31:26,11,business,1879,1769,44,11,13,149,4,3.84,10.85,Muy Corto
3838,3839,2026-08-14 07:36:21,7,business,8876,6475,97,20,50,190,8,2.58,8.91,Muy Corto
3839,3840,2026-07-03 22:35:55,22,business,1230,997,18,5,5,110,7,2.81,7.82,Muy Corto
3840,3841,2026-06-02 14:23:18,14,business,3819,3325,36,12,16,154,6,1.92,6.38,Muy Corto
3841,3842,2026-07-18 10:39:16,10,design,3182,2148,186,15,12,379,7,9.92,15.92,Medio
3842,3843,2026-04-01 07:53:39,7,tech,3832,3263,118,19,37,364,4,5.33,15.02,Corto
3843,3844,2026-06-28 17:04:14,17,design,40276,28151,1614,135,147,329,6,6.74,11.83,Corto
3844,3845,2026-08-12 08:59:43,8,design,20985,17743,1309,138,48,259,8,8.43,12.65,Corto
3845,3846,2026-08-12 17:42:35,17,tech,9213,6260,214,61,119,378,8,6.29,22.52,Medio
3846,3847,2026-08-13 09:56:59,9,design,3762,2999,176,13,10,232,8,6.64,10.27,Corto
3847,3848,2026-07-15 19:59:43,19,design,1284,960,73,4,3,282,7,8.33,11.77,Corto
3848,3849,2026-06-27 10:53:15,10,design,6517,4359,322,10,17,331,6,8.01,11.42,Corto
3849,3850,2026-02-27 22:11:53,22,tech,5344,4571,107,60,57,299,2,4.9,17.57,Corto
3850,3851,2026-03-02 11:14:51,11,tech,24906,16769,593,152,213,345,3,5.71,17.32,Corto
3851,3852,2026-05-08 09:10:44,9,business,2859,2225,55,10,9,120,5,3.33,7.51,Muy Corto
3852,3853,2026-02-22 10:04:47,10,tech,5861,4340,110,64,71,405,2,5.65,21.52,Medio
3853,3854,2026-07-22 15:56:05,15,business,122136,92640,934,461,704,139,7,2.27,9.08,Muy Corto
3854,3855,2026-05-15 22:49:03,22,tech,1841,1412,49,15,15,223,5,5.59,16.22,Corto
3855,3856,2026-03-09 20:39:41,20,tech,746,631,12,8,11,439,3,4.91,20.92,Medio
3856,3857,2026-04-04 17:52:11,17,tech,37329,35286,1073,414,457,383,4,5.51,18.09,Medio
3857,3858,2026-03-01 13:07:01,13,tech,1388,1199,44,11,16,425,3,5.92,18.02,Medio
3858,3859,2026-05-06 17:58:22,17,design,13520,10556,617,83,62,299,5,7.22,13.69,Corto
3859,3860,2026-04-03 17:56:20,17,tech,1941,1757,61,23,24,500,4,6.15,19.64,Medio
3860,3861,2026-03-29 08:04:40,8,tech,6658,4622,180,58,67,351,3,6.6,20.51,Corto
3861,3862,2026-03-01 09:25:59,9,tech,4155,3835,113,51,55,555,3,5.71,19.74,Largo
3862,3863,2026-04-08 13:31:17,13,tech,6542,4692,161,28,75,386,4,5.63,18.61,Medio
3863,3864,2026-02-26 10:06:19,10,tech,8478,5846,174,72,90,373,2,5.75,20.22,Corto
3864,3865,2026-07-20 15:03:18,15,design,13623,9679,833,23,23,304,7,9.08,11.46,Corto
3865,3866,2026-05-19 13:42:27,13,business,559,518,10,1,3,185,5,2.7,7.34,Muy Corto
3866,3867,2026-04-29 10:37:17,10,tech,4774,4220,84,58,74,443,4,5.12,21.52,Medio
3867,3868,2026-06-10 09:52:04,9,tech,5473,3821,101,37,71,394,6,5.47,21.38,Medio
3868,3869,2026-03-28 17:40:03,17,tech,1254,1135,37,7,19,511,3,5.55,19.12,Medio
3869,3870,2026-03-12 10:04:14,10,design,8333,7005,499,30,21,266,3,7.85,11.23,Corto
3870,3871,2026-06-30 06:19:53,6,design,321013,222989,14048,1765,1256,304,6,7.65,13.97,Corto
3871,3872,2026-03-05 12:21:14,12,tech,1166,994,30,6,18,426,3,5.43,19.92,Medio
3872,3873,2026-03-11 09:50:41,9,business,2568,2083,32,11,16,142,3,2.83,9.79,Muy Corto
3873,3874,2026-07-11 15:38:17,15,design,11743,9358,611,64,43,294,7,7.67,12.94,Corto
3874,3875,2026-06-21 14:48:24,14,tech,8609,7119,145,90,107,368,6,4.8,19.12,Corto
3875,3876,2026-05-08 10:09:31,10,business,13648,11151,212,35,87,150,5,3.0,9.4,Muy Corto
3876,3877,2026-03-08 09:26:06,9,business,1980,1522,29,10,13,171,3,3.42,11.37,Muy Corto
3877,3878,2026-05-31 17:09:10,17,tech,3855,3196,99,24,28,321,5,4.72,13.11,Corto
3878,3879,2026-03-07 16:40:02,16,tech,785,579,16,6,7,415,3,5.01,16.58,Medio
3879,3880,2026-03-15 00:44:17,0,tech,1541,1186,31,13,14,385,3,4.89,16.44,Medio
3880,3881,2026-04-24 10:02:31,10,design,437,303,20,1,1,342,4,7.26,10.56,Corto
3881,3882,2026-07-22 14:17:40,14,tech,3278,2804,62,41,29,391,7,4.71,16.33,Medio
3882,3883,2026-05-18 17:14:57,17,design,13621,10999,790,87,38,331,5,8.32,13.11,Corto
3883,3884,2026-07-26 07:18:31,7,tech,50914,33429,1220,216,525,407,7,5.87,18.8,Medio
3884,3885,2026-07-02 13:14:08,13,tech,2738,1853,59,20,35,484,7,6.15,22.61,Medio
3885,3886,2026-03-31 08:00:04,8,design,18740,12473,1101,27,62,295,3,9.54,13.67,Corto
3886,3887,2026-03-16 11:10:56,11,design,1297,974,78,3,3,365,3,8.62,11.7,Corto
3887,3888,2026-03-21 06:12:28,6,tech,1010,657,17,5,5,453,3,4.11,11.72,Medio
3888,3889,2026-06-12 16:39:38,16,tech,2026,1526,37,14,24,470,6,4.91,18.68,Medio
3889,3890,2026-03-16 17:17:31,17,business,7934,5819,77,29,42,164,3,2.54,9.09,Muy Corto
3890,3891,2026-05-20 22:34:21,22,business,3965,2698,56,25,12,176,5,3.45,9.34,Muy Corto
3891,3892,2026-03-14 10:35:52,10,business,6398,5008,86,42,46,170,3,3.47,12.42,Muy Corto
3892,3893,2026-03-19 05:07:09,5,design,1614,1058,69,3,2,274,3,6.99,9.17,Corto
3893,3894,2026-06-23 11:44:40,11,tech,1813,1378,36,15,17,386,6,4.93,16.84,Medio
3894,3895,2026-04-03 19:09:23,19,design,331,243,16,1,1,272,4,7.41,11.52,Corto
3895,3896,2026-03-07 11:38:19,11,tech,1033,956,26,8,18,611,3,5.44,21.13,Largo
3896,3897,2026-06-22 23:04:14,23,tech,925,679,23,6,7,529,6,5.3,15.17,Medio
3897,3898,2026-04-13 09:44:01,9,business,5302,3673,91,33,34,150,4,4.3,13.48,Muy Corto
3898,3899,2026-05-29 08:45:46,8,tech,3427,2773,66,16,48,310,5,4.69,18.54,Corto
3899,3900,2026-06-25 14:34:25,14,design,888,698,49,2,1,355,6,7.45,9.31,Corto
3900,3901,2026-03-26 21:03:11,21,tech,1532,1276,31,15,16,294,3,4.86,17.16,Corto
3901,3902,2026-02-28 20:52:30,20,design,3018,2436,195,8,12,340,2,8.83,13.26,Corto
3902,3903,2026-04-12 15:29:20,15,design,7094,5606,321,44,32,288,4,7.08,13.43,Corto
3903,3904,2026-08-02 18:16:35,18,tech,34922,26084,934,390,478,260,8,6.91,24.22,Corto
3904,3905,2026-07-17 10:37:24,10,design,8286,6565,456,27,26,353,7,7.75,11.76,Corto
3905,3906,2026-05-20 10:30:11,10,tech,13622,11771,428,60,108,495,5,5.06,13.02,Medio
3906,3907,2026-03-31 12:24:33,12,design,7923,5282,280,37,15,213,3,6.29,10.37,Corto
3907,3908,2026-06-15 21:06:28,21,tech,2055,1370,34,10,18,310,6,4.53,15.91,Corto
3908,3909,2026-03-08 04:49:13,4,tech,3450,2362,62,19,40,275,3,5.12,19.39,Corto
3909,3910,2026-05-08 09:57:55,9,design,2328,2062,108,9,10,358,5,6.16,10.86,Corto
3910,3911,2026-03-01 15:44:35,15,business,1791,1340,25,6,11,167,3,3.13,10.22,Muy Corto
3911,3912,2026-06-26 11:43:05,11,tech,15206,14280,383,121,192,368,6,4.87,16.83,Corto
3912,3913,2026-03-13 15:19:52,15,business,898,706,18,2,4,136,3,3.4,8.22,Muy Corto
3913,3914,2026-03-19 14:06:51,14,design,1590,1068,66,4,3,320,3,6.84,9.93,Corto
3914,3915,2026-05-26 11:18:11,11,design,2917,2310,135,12,5,300,5,6.58,9.65,Corto
3915,3916,2026-08-09 10:05:06,10,business,50269,32776,616,292,254,122,8,3.55,11.64,Muy Corto
3916,3917,2026-05-30 15:59:36,15,design,599,405,21,2,1,320,5,5.93,9.14,Corto
3917,3918,2026-03-17 17:21:59,17,tech,4131,3102,112,25,56,281,3,6.22,21.28,Corto
3918,3919,2026-07-19 08:29:27,8,tech,9810,9186,194,120,156,317,7,5.12,20.92,Corto
3919,3920,2026-05-22 21:34:17,21,design,2783,1909,97,5,6,314,5,5.66,8.64,Corto
3920,3921,2026-08-10 03:46:44,3,tech,2805,1998,69,17,38,447,8,6.21,22.07,Medio
3921,3922,2026-03-05 10:58:47,10,design,1144,1086,95,2,2,398,3,9.12,10.96,Medio
3922,3923,2026-07-13 19:03:10,19,tech,7578,6436,254,91,54,387,7,6.2,16.31,Medio
3923,3924,2026-07-05 15:21:12,15,tech,1586,1219,31,10,17,432,7,4.76,16.98,Medio
3924,3925,2026-03-03 06:56:25,6,business,3172,2354,42,9,22,128,3,3.1,10.79,Muy Corto
3925,3926,2026-05-22 11:42:14,11,tech,6044,5496,162,48,82,434,5,5.31,18.38,Medio
3926,3927,2026-03-12 18:55:31,18,tech,2436,2017,43,10,22,316,3,3.72,12.84,Corto
3927,3928,2026-03-12 15:23:42,15,tech,1751,1218,35,17,20,547,3,5.91,21.59,Largo
3928,3929,2026-08-03 13:08:23,13,tech,12628,8315,281,97,130,480,8,6.11,20.55,Medio
3929,3930,2026-03-30 11:51:33,11,tech,5762,4187,110,45,65,296,3,5.25,19.35,Corto
3930,3931,2026-03-02 17:59:36,17,design,4070,3489,257,22,13,285,3,8.37,12.87,Corto
3931,3932,2026-04-30 13:29:09,13,design,7461,6979,463,55,22,295,4,7.74,12.31,Corto
3932,3933,2026-07-11 08:28:43,8,tech,16851,13837,495,98,222,491,7,5.89,19.25,Medio
3933,3934,2026-05-06 08:12:11,8,tech,1920,1617,54,18,13,394,5,5.26,14.22,Medio
3934,3935,2026-05-19 08:45:29,8,business,13892,11094,318,85,78,145,5,4.34,11.56,Muy Corto
3935,3936,2026-03-04 16:10:28,16,business,1233,1149,29,9,8,166,3,4.0,11.23,Muy Corto
3936,3937,2026-04-14 16:07:37,16,tech,2114,1455,48,8,21,404,4,5.29,17.04,Medio
3937,3938,2026-03-11 09:38:03,9,business,35445,24934,326,169,240,156,3,2.95,11.72,Muy Corto
3938,3939,2026-03-04 13:39:54,13,tech,14789,9718,300,63,164,308,3,5.42,19.18,Corto
3939,3940,2026-05-31 05:59:30,5,tech,8601,5992,215,85,79,277,5,6.33,19.81,Corto
3940,3941,2026-06-21 20:13:27,20,design,3702,3047,219,7,15,317,6,7.91,12.04,Corto
3941,3942,2026-03-14 06:55:10,6,design,942,852,62,4,4,290,3,8.22,12.91,Corto
3942,3943,2026-05-19 08:41:09,8,business,2353,2004,51,8,11,111,5,3.49,8.53,Muy Corto
3943,3944,2026-06-11 08:17:14,8,business,801,665,16,5,4,116,6,3.76,10.23,Muy Corto
3944,3945,2026-07-22 10:04:03,10,tech,29483,27937,1081,323,430,455,7,6.56,20.81,Medio
3945,3946,2026-08-19 10:58:49,10,tech,1985,1652,57,17,27,434,8,6.11,20.64,Medio
3946,3947,2026-07-16 09:25:20,9,design,11855,9277,642,23,54,354,7,7.75,12.57,Corto
3947,3948,2026-05-28 08:06:57,8,design,14457,10539,574,84,28,341,5,6.51,10.76,Corto
3948,3949,2026-07-04 18:07:06,18,tech,21073,19126,655,144,307,408,7,5.78,19.28,Medio
3949,3950,2026-06-18 11:03:01,11,tech,12773,10178,338,137,105,374,6,5.7,16.96,Corto
3950,3951,2026-08-13 01:42:26,1,tech,894,673,19,8,7,158,8,5.05,15.9,Muy Corto
3951,3952,2026-06-27 15:58:11,15,tech,4775,4196,164,28,56,242,6,5.91,17.25,Corto
3952,3953,2026-07-01 09:18:20,9,business,3008,1959,37,14,8,74,7,3.01,8.01,Muy Corto
3953,3954,2026-07-15 10:17:42,10,tech,2619,2137,81,16,28,311,7,5.85,17.27,Corto
3954,3955,2026-04-09 12:27:52,12,design,7798,6656,482,41,19,252,4,8.14,11.99,Corto
3955,3956,2026-06-25 08:05:31,8,tech,3763,3067,82,27,52,352,6,5.25,19.76,Corto
3956,3957,2026-07-24 08:42:00,8,tech,18193,13752,365,172,226,354,7,5.55,20.8,Corto
3957,3958,2026-03-01 14:10:57,14,tech,2852,2460,86,23,20,523,3,5.24,13.74,Medio
3958,3959,2026-06-08 10:19:01,10,tech,2917,2224,50,13,42,224,6,4.72,19.69,Corto
3959,3960,2026-03-15 08:54:11,8,tech,1117,1040,37,14,9,443,3,5.77,15.87,Medio
3960,3961,2026-02-22 13:49:55,13,design,9586,7204,620,52,23,198,2,9.65,14.05,Muy Corto
3961,3962,2026-07-15 11:08:06,11,tech,12743,8670,267,55,172,271,7,5.7,21.49,Corto
3962,3963,2026-04-22 08:14:29,8,design,23723,19621,1215,61,62,352,4,6.82,9.96,Corto
3963,3964,2026-04-23 11:01:24,11,design,5063,3349,238,16,18,303,4,8.12,13.32,Corto
3964,3965,2026-04-16 16:00:29,16,tech,6505,5107,129,73,42,408,4,4.78,14.82,Medio
3965,3966,2026-06-01 11:38:44,11,tech,3153,2784,102,27,41,258,6,6.11,19.32,Corto
3966,3967,2026-05-23 15:06:54,15,business,230,187,2,0,1,126,5,1.6,5.35,Muy Corto
3967,3968,2026-06-30 18:39:25,18,business,37920,27277,550,254,243,161,6,3.84,12.87,Muy Corto
3968,3969,2026-07-20 17:32:10,17,tech,5727,5042,166,35,48,524,7,4.94,13.69,Medio
3969,3970,2026-08-14 07:15:01,7,tech,1949,1846,44,27,19,673,8,4.88,16.47,Largo
3970,3971,2026-04-26 10:46:22,10,business,3808,3451,45,16,22,183,4,2.41,8.26,Muy Corto
3971,3972,2026-04-09 08:12:54,8,design,2764,2063,103,6,7,293,4,5.62,8.87,Corto
3972,3973,2026-07-14 12:32:35,12,tech,833,777,28,5,12,447,7,5.79,18.53,Medio
3973,3974,2026-05-15 18:42:03,18,tech,672,526,13,4,6,415,5,4.37,14.64,Medio
3974,3975,2026-05-17 10:28:08,10,tech,6977,6289,226,80,51,334,5,5.68,15.17,Corto
3975,3976,2026-07-06 09:34:24,9,design,3658,3335,298,8,16,208,7,9.66,13.73,Corto
3976,3977,2026-04-12 15:27:59,15,business,1032,859,16,7,7,189,4,3.49,11.64,Muy Corto
3977,3978,2026-08-16 11:24:08,11,tech,419,370,10,2,3,437,8,4.05,11.35,Medio
3978,3979,2026-04-06 09:08:11,9,business,20996,13669,394,109,73,181,4,4.21,10.34,Muy Corto
3979,3980,2026-05-03 08:18:44,8,tech,5554,3715,122,51,62,402,5,6.33,22.13,Medio
3980,3981,2026-04-27 18:58:35,18,tech,9146,7230,161,78,103,279,4,4.73,17.94,Corto
3981,3982,2026-07-31 11:42:25,11,tech,21533,19401,478,247,295,420,7,5.26,19.72,Medio
3982,3983,2026-08-16 08:52:05,8,tech,4225,3644,128,40,44,457,8,5.82,17.56,Medio
3983,3984,2026-04-27 16:10:20,16,tech,631,540,19,2,10,466,4,5.74,19.81,Medio
3984,3985,2026-06-28 21:50:10,21,design,3245,2671,177,11,11,256,6,7.45,11.57,Corto
3985,3986,2026-08-08 18:20:47,18,business,8876,6213,75,44,43,164,8,2.61,9.58,Muy Corto
3986,3987,2026-04-09 18:55:34,18,design,1062,932,77,5,3,254,4,9.12,12.98,Corto
3987,3988,2026-07-03 16:19:44,16,design,16746,11018,862,34,63,329,7,8.7,13.63,Corto
3988,3989,2026-03-25 08:32:01,8,business,7281,6145,113,26,38,158,3,2.88,8.48,Muy Corto
3989,3990,2026-07-08 12:07:12,12,tech,2091,1942,43,18,30,511,7,4.69,18.28,Medio
3990,3991,2026-05-25 15:07:11,15,tech,13173,10349,243,99,167,430,5,4.92,19.08,Medio
3991,3992,2026-04-20 16:13:05,16,business,18060,11961,140,44,78,123,4,2.19,7.86,Muy Corto
3992,3993,2026-06-30 11:04:26,11,tech,8352,6998,171,68,110,434,6,4.99,18.91,Medio
3993,3994,2026-02-27 15:19:45,15,tech,4070,2771,71,14,38,319,2,4.44,15.55,Corto
3994,3995,2026-03-23 10:50:18,10,tech,55885,47452,1511,255,440,397,3,4.65,12.75,Medio
3995,3996,2026-04-15 15:02:37,15,business,1025,799,13,4,3,185,4,2.5,6.63,Muy Corto
3996,3997,2026-07-16 10:37:42,10,design,15776,13562,916,45,70,217,7,7.6,12.21,Corto
3997,3998,2026-07-21 13:07:51,13,tech,6411,4823,169,69,89,461,7,6.78,23.99,Medio
3998,3999,2026-04-01 19:29:59,19,business,706,600,11,3,2,136,4,2.67,6.5,Muy Corto
3999,4000,2026-03-04 12:26:04,12,design,10523,8591,680,65,29,313,3,9.01,13.64,Corto
4000,4001,2026-06-06 18:08:34,18,design,1905,1509,95,4,5,229,6,6.89,10.01,Corto
4001,4002,2026-04-02 06:48:10,6,design,5180,3695,316,18,10,287,4,9.31,12.67,Corto
4002,4003,2026-03-19 16:02:11,16,design,3569,2660,223,17,10,305,3,9.4,13.95,Corto
4003,4004,2026-03-22 13:00:03,13,business,2840,2420,38,14,17,168,3,2.85,9.5,Muy Corto
4004,4005,2026-05-07 08:00:23,8,design,6934,4845,435,16,25,307,5,9.82,14.43,Corto
4005,4006,2026-05-06 03:15:22,3,business,379,355,8,1,1,139,5,2.82,5.63,Muy Corto
4006,4007,2026-04-29 11:34:12,11,design,86297,63204,5220,360,191,357,4,9.13,12.95,Corto
4007,4008,2026-02-20 18:08:00,18,business,12107,9879,261,79,77,152,2,4.22,12.08,Muy Corto
4008,4009,2026-04-16 02:53:38,2,tech,1565,1274,29,8,24,325,4,4.79,19.86,Corto
4009,4010,2026-03-07 18:39:24,18,design,6436,4811,258,33,14,293,3,6.34,10.43,Corto
4010,4011,2026-03-19 10:11:29,10,design,4610,3994,256,22,9,286,3,7.19,10.42,Corto
4011,4012,2026-06-13 12:21:56,12,business,5043,3718,69,35,34,129,6,3.71,12.94,Muy Corto
4012,4013,2026-05-11 11:48:56,11,tech,2336,1718,47,13,33,475,5,5.41,21.13,Medio
4013,4014,2026-04-07 08:35:32,8,tech,2517,1694,60,21,24,570,4,6.2,19.83,Largo
4014,4015,2026-05-27 12:09:31,12,tech,4865,4318,109,27,37,288,5,4.01,11.88,Corto
4015,4016,2026-03-04 23:49:36,23,design,13906,10999,742,80,25,336,3,7.7,11.47,Corto
4016,4017,2026-03-30 10:10:32,10,design,16908,11774,719,32,57,279,3,6.86,11.07,Corto
4017,4018,2026-03-07 10:14:47,10,design,5148,4369,329,22,13,303,3,8.33,11.92,Corto
4018,4019,2026-03-06 06:18:24,6,design,4076,3747,280,17,11,244,3,8.22,11.64,Corto
4019,4020,2026-06-26 17:16:04,17,design,8021,6191,328,12,31,298,6,5.99,10.08,Corto
4020,4021,2026-03-05 06:02:15,6,design,23879,20945,1664,133,46,282,3,8.8,12.24,Corto
4021,4022,2026-07-06 12:45:47,12,tech,11523,7591,209,95,130,410,7,5.72,21.46,Medio
4022,4023,2026-03-17 09:33:41,9,design,1840,1313,97,4,6,225,3,8.15,12.26,Corto
4023,4024,2026-03-20 13:00:04,13,tech,4421,2891,84,37,46,575,3,5.78,20.75,Largo
4024,4025,2026-08-04 16:07:26,16,tech,44838,40036,1376,428,376,386,8,5.45,15.23,Medio
4025,4026,2026-08-08 15:50:51,15,tech,2841,1889,71,16,29,493,8,6.14,19.43,Medio
4026,4027,2026-07-19 09:50:24,9,design,6419,4303,350,21,21,323,7,9.11,13.99,Corto
4027,4028,2026-04-29 05:38:08,5,tech,544,464,13,2,7,415,4,4.74,16.59,Medio
4028,4029,2026-03-24 13:00:40,13,tech,4283,3840,121,56,37,427,3,5.57,16.69,Medio
4029,4030,2026-08-18 08:24:41,8,tech,8877,5984,159,71,48,557,8,4.65,13.82,Largo
4030,4031,2026-07-13 09:06:53,9,tech,2950,2704,93,33,44,279,7,6.29,21.34,Corto
4031,4032,2026-08-10 20:17:36,20,business,6357,6035,130,40,36,172,8,3.41,9.58,Muy Corto
4032,4033,2026-04-22 23:25:42,23,tech,2636,1984,56,27,16,342,4,4.99,14.72,Corto
4033,4034,2026-04-10 18:57:25,18,business,1988,1451,43,11,9,164,4,4.34,10.96,Muy Corto
4034,4035,2026-06-22 14:43:43,14,tech,2846,2161,51,16,41,322,6,5.0,20.5,Corto
4035,4036,2026-08-06 11:14:04,11,design,28363,22595,1807,65,73,346,8,8.61,11.73,Corto
4036,4037,2026-06-06 09:07:47,9,business,16130,11275,153,100,105,111,6,3.18,12.35,Muy Corto
4037,4038,2026-03-31 16:29:44,16,business,3450,2654,77,18,24,120,3,4.48,12.85,Muy Corto
4038,4039,2026-08-08 18:21:30,18,tech,36271,24867,812,163,251,228,8,4.93,13.96,Corto
4039,4040,2026-07-30 10:59:47,10,design,7347,6495,512,22,32,246,7,8.71,13.18,Corto
4040,4041,2026-06-09 20:07:25,20,design,427,398,20,0,2,376,6,5.53,9.05,Medio
4041,4042,2026-05-11 09:28:55,9,tech,8262,6058,164,70,96,351,5,5.45,20.01,Corto
4042,4043,2026-08-03 09:02:26,9,tech,3723,2733,54,33,27,258,8,4.17,14.71,Corto
4043,4044,2026-03-11 09:38:09,9,tech,11594,9930,208,139,117,376,3,4.67,17.12,Medio
4044,4045,2026-04-03 17:40:37,17,business,10199,8432,136,73,83,246,4,3.46,12.95,Corto
4045,4046,2026-06-28 10:12:12,10,business,1374,1255,15,3,10,162,6,2.23,8.53,Muy Corto
4046,4047,2026-06-09 11:16:14,11,tech,1951,1836,43,18,20,255,6,4.41,14.98,Corto
4047,4048,2026-06-26 12:13:14,12,tech,1113,956,29,12,17,432,6,6.07,22.28,Medio
4048,4049,2026-04-14 10:39:38,10,business,567,497,10,4,3,170,4,3.42,10.06,Muy Corto
4049,4050,2026-05-02 02:50:05,2,design,430,284,23,1,1,243,5,8.8,12.32,Corto
4050,4051,2026-04-29 19:58:10,19,tech,1026,967,35,8,8,418,4,5.27,13.55,Medio
4051,4052,2026-07-22 14:40:51,14,tech,6019,4325,116,57,70,452,7,5.62,20.9,Medio
4052,4053,2026-04-20 18:11:37,18,tech,17413,16103,567,100,136,485,4,4.99,12.76,Medio
4053,4054,2026-04-29 12:23:26,12,design,1529,1108,58,5,3,385,4,5.96,9.21,Medio
4054,4055,2026-07-18 10:42:17,10,tech,1525,1409,53,20,17,286,7,6.39,19.09,Corto
4055,4056,2026-05-26 08:37:33,8,design,1877,1678,140,9,9,262,5,9.42,14.78,Corto
4056,4057,2026-05-20 07:59:07,7,design,457,404,27,1,1,242,5,7.18,9.65,Corto
4057,4058,2026-03-18 07:08:11,7,tech,4481,3136,119,32,43,515,3,6.19,18.85,Medio
4058,4059,2026-06-01 15:10:58,15,design,986,880,79,3,3,291,6,9.66,13.07,Corto
4059,4060,2026-04-13 18:47:24,18,tech,5549,4555,179,44,43,424,4,5.84,15.35,Medio
4060,4061,2026-06-04 15:35:40,15,tech,2678,1961,53,22,27,144,6,5.2,18.2,Muy Corto
4061,4062,2026-07-06 13:30:00,13,design,5771,4167,317,18,8,274,7,8.23,10.87,Corto
4062,4063,2026-06-03 11:35:48,11,business,35477,30677,733,284,142,172,6,3.78,9.8,Muy Corto
4063,4064,2026-05-05 09:06:22,9,tech,36438,25598,862,342,351,370,5,6.07,19.68,Corto
4064,4065,2026-05-09 17:00:42,17,design,5978,4551,375,29,18,324,5,9.27,13.95,Corto
4065,4066,2026-02-26 17:42:26,17,design,7122,5119,401,14,22,225,2,8.54,12.37,Corto
4066,4067,2026-06-09 13:59:47,13,tech,2994,2217,50,17,33,455,6,4.51,17.23,Medio
4067,4068,2026-07-29 10:18:40,10,design,7535,5366,337,10,25,296,7,6.93,10.75,Corto
4068,4069,2026-06-14 09:42:23,9,design,1198,932,77,4,2,225,6,8.91,11.7,Corto
4069,4070,2026-04-15 15:43:49,15,tech,1306,1125,40,7,22,592,4,6.13,21.69,Largo
4070,4071,2026-07-17 09:14:49,9,design,2439,2127,142,10,7,282,7,7.48,11.19,Corto
4071,4072,2026-07-26 15:29:17,15,design,1788,1295,65,2,2,311,7,5.33,6.87,Corto
4072,4073,2026-04-29 13:51:50,13,design,3239,2365,151,14,13,237,4,7.53,13.15,Corto
4073,4074,2026-03-31 10:36:02,10,design,5802,4512,321,23,10,333,3,7.85,10.93,Corto
4074,4075,2026-03-30 14:07:21,14,business,3180,2293,39,22,22,207,3,3.62,13.21,Corto
4075,4076,2026-03-23 21:08:46,21,tech,6509,6111,134,85,89,391,3,5.04,19.41,Medio
4076,4077,2026-06-11 19:25:40,19,design,8034,6817,530,14,32,343,6,8.45,12.35,Corto
4077,4078,2026-06-24 17:32:02,17,design,9502,8623,522,44,43,237,6,7.06,12.08,Corto
4078,4079,2026-08-02 13:38:04,13,tech,8943,6793,199,73,63,306,8,4.93,14.65,Corto
4079,4080,2026-07-03 19:21:11,19,tech,786,549,18,3,9,402,7,5.46,18.58,Medio
4080,4081,2026-02-23 07:44:38,7,design,1322,1013,72,3,5,313,2,7.9,12.24,Corto
4081,4082,2026-07-08 15:02:16,15,design,25016,19166,1103,114,54,220,7,6.63,10.39,Corto
4082,4083,2026-05-26 11:53:25,11,design,4668,4076,327,28,12,300,5,9.0,13.13,Corto
4083,4084,2026-06-04 20:10:56,20,tech,332,251,7,2,4,475,6,5.18,18.73,Medio
4084,4085,2026-03-16 14:46:14,14,design,2602,2122,117,12,5,303,3,6.31,9.66,Corto
4085,4086,2026-07-02 08:14:33,8,business,727,597,16,4,5,169,7,4.19,12.06,Muy Corto
4086,4087,2026-03-25 03:37:00,3,business,15440,12159,232,89,94,97,3,3.41,11.02,Muy Corto
4087,4088,2026-03-25 11:07:53,11,design,13247,12358,782,78,52,198,3,7.38,12.22,Muy Corto
4088,4089,2026-04-30 19:15:50,19,design,2732,1811,157,4,9,360,4,9.39,13.53,Corto
4089,4090,2026-07-21 09:55:04,9,design,4270,2817,159,16,6,304,7,6.43,9.62,Corto
4090,4091,2026-03-08 07:32:38,7,business,677,571,15,2,4,114,3,3.68,9.63,Muy Corto
4091,4092,2026-04-23 10:32:33,10,tech,9570,6270,172,69,94,214,4,5.34,19.14,Corto
4092,4093,2026-05-04 16:30:53,16,tech,5280,3698,84,41,51,205,5,4.76,17.74,Corto
4093,4094,2026-07-23 08:11:47,8,business,5647,4422,86,34,35,129,7,3.51,11.35,Muy Corto
4094,4095,2026-03-30 17:51:37,17,design,1653,1348,108,8,3,346,3,8.83,12.17,Corto
4095,4096,2026-07-09 16:40:17,16,design,3132,2252,122,8,11,257,7,6.26,10.75,Corto
4096,4097,2026-03-06 10:20:52,10,design,4342,4000,266,31,17,368,3,7.85,13.15,Corto
4097,4098,2026-05-23 11:07:10,11,tech,1689,1211,45,9,22,297,5,6.28,21.22,Corto
4098,4099,2026-05-15 17:01:43,17,tech,2604,2294,76,18,44,419,5,6.02,21.8,Medio
4099,4100,2026-05-26 17:18:42,17,business,24367,16793,415,160,82,130,5,3.91,10.19,Muy Corto
4100,4101,2026-03-27 17:33:34,17,business,4117,3899,64,14,37,133,3,2.95,10.67,Muy Corto
4101,4102,2026-04-17 10:08:22,10,business,986,722,15,5,7,135,4,3.74,12.6,Muy Corto
4102,4103,2026-07-13 18:40:05,18,tech,10786,9534,358,70,157,364,7,6.14,19.87,Corto
4103,4104,2026-05-05 09:51:14,9,design,2539,2266,170,17,7,269,5,8.56,12.97,Corto
4104,4105,2026-05-12 11:23:17,11,design,3130,2561,208,11,14,287,5,9.1,14.21,Corto
4105,4106,2026-05-11 10:55:26,10,business,2388,1959,23,14,14,198,5,2.6,9.75,Muy Corto
4106,4107,2026-08-10 14:46:24,14,tech,4266,3012,70,43,32,300,8,4.81,16.53,Corto
4107,4108,2026-06-16 09:48:45,9,tech,10608,8154,324,45,85,412,6,5.57,14.52,Medio
4108,4109,2026-05-29 16:58:01,16,tech,1882,1561,58,22,21,409,5,6.47,20.12,Medio
4109,4110,2026-07-02 11:35:31,11,business,901,652,8,4,4,181,7,2.45,8.59,Muy Corto
4110,4111,2026-05-27 09:00:00,9,tech,20285,16955,350,214,331,375,5,5.28,22.73,Medio
4111,4112,2026-06-24 04:01:09,4,tech,939,744,23,4,11,332,6,5.11,17.07,Corto
4112,4113,2026-03-16 10:16:02,10,tech,1052,974,35,12,12,423,3,6.06,18.38,Medio
4113,4114,2026-05-28 20:14:43,20,business,9083,7645,89,59,71,125,5,2.86,11.68,Muy Corto
4114,4115,2026-06-03 16:16:12,16,tech,17222,11998,273,178,162,277,6,5.11,19.01,Corto
4115,4116,2026-04-29 16:07:17,16,tech,15825,11621,434,72,170,376,4,5.82,17.92,Medio
4116,4117,2026-06-24 12:38:39,12,tech,15667,11925,367,138,232,349,6,6.18,23.27,Corto
4117,4118,2026-07-28 12:12:51,12,design,2733,2266,181,14,6,327,7,8.87,12.58,Corto
4118,4119,2026-05-08 15:24:52,15,business,980,680,11,6,5,134,5,3.24,11.03,Muy Corto
4119,4120,2026-02-26 17:19:37,17,tech,36098,28998,715,393,324,508,2,4.94,16.83,Medio
4120,4121,2026-06-04 12:41:24,12,tech,15201,11794,327,158,221,419,6,5.99,23.12,Medio
4121,4122,2026-07-22 16:43:43,16,tech,6175,5730,225,70,80,405,7,6.54,19.98,Medio
4122,4123,2026-07-28 12:13:50,12,tech,2588,2014,72,13,27,271,7,5.56,16.88,Corto
4123,4124,2026-03-29 12:38:37,12,business,12169,9873,154,61,61,150,3,2.8,8.97,Muy Corto
4124,4125,2026-06-07 08:50:59,8,tech,14357,13076,500,104,107,347,6,5.44,13.55,Corto
4125,4126,2026-04-24 16:03:29,16,business,349,263,5,1,1,158,4,2.66,6.46,Muy Corto
4126,4127,2026-04-13 09:49:00,9,design,9326,8644,647,56,25,322,4,8.42,12.39,Corto
4127,4128,2026-04-20 11:46:03,11,tech,16391,12530,484,106,184,384,4,6.18,18.99,Medio
4128,4129,2026-05-12 20:15:01,20,tech,38573,36447,1083,302,416,477,5,4.94,15.42,Medio
4129,4130,2026-07-31 17:12:40,17,tech,11619,9846,350,77,170,318,7,6.06,20.5,Corto
4130,4131,2026-08-10 18:55:34,18,tech,6686,5158,160,64,65,371,8,5.6,18.15,Corto
4131,4132,2026-07-23 22:02:50,22,design,4820,3331,199,9,18,208,7,6.78,11.38,Corto
4132,4133,2026-07-18 23:35:14,23,tech,7487,6640,226,33,129,362,7,5.84,20.93,Corto
4133,4134,2026-06-22 14:53:38,14,tech,6469,4355,121,42,48,417,6,4.85,15.45,Medio
4134,4135,2026-06-17 14:18:14,14,business,2302,1988,33,14,11,170,6,2.92,8.9,Muy Corto
4135,4136,2026-07-14 15:52:32,15,tech,9292,6768,203,38,62,432,7,4.48,12.57,Medio
4136,4137,2026-07-19 09:48:56,9,design,5370,3930,245,29,17,366,7,7.4,12.65,Corto
4137,4138,2026-04-19 06:05:35,6,tech,376,267,8,2,2,418,4,4.49,11.99,Medio
4138,4139,2026-05-29 22:09:21,22,design,4553,3046,180,15,17,324,5,6.96,12.34,Corto
4139,4140,2026-06-24 20:24:23,20,tech,6320,5074,103,26,89,290,6,4.3,18.11,Corto
4140,4141,2026-05-18 07:11:13,7,business,2950,2096,21,18,11,181,5,2.39,8.64,Muy Corto
4141,4142,2026-04-25 11:31:28,11,tech,5754,5411,145,47,93,425,4,5.27,19.9,Medio
4142,4143,2026-04-04 08:50:06,8,tech,2596,2177,81,28,18,353,4,5.83,15.48,Corto
4143,4144,2026-03-14 13:53:34,13,design,6024,5255,470,14,27,411,3,9.72,14.12,Medio
4144,4145,2026-04-11 18:59:52,18,tech,890,758,17,11,15,496,4,5.67,23.88,Medio
4145,4146,2026-04-24 18:07:52,18,design,551,370,26,2,2,258,4,8.11,13.51,Corto
4146,4147,2026-05-22 12:08:21,12,design,3339,2749,159,5,15,321,5,6.51,10.88,Corto
4147,4148,2026-08-01 09:35:18,9,tech,3730,2548,99,34,45,357,8,6.99,23.35,Corto
4148,4149,2026-04-15 15:13:19,15,tech,1798,1224,27,17,14,457,4,4.74,16.91,Medio
4149,4150,2026-04-15 22:37:33,22,tech,2867,2314,85,22,23,302,4,5.62,15.43,Corto
4150,4151,2026-07-18 07:41:39,7,design,260,177,10,0,0,385,7,5.65,5.65,Medio
4151,4152,2026-02-23 16:08:40,16,tech,11585,10850,369,55,212,307,2,5.86,21.06,Corto
4152,4153,2026-03-14 17:36:54,17,tech,4471,3495,116,30,65,413,3,6.04,21.63,Medio
4153,4154,2026-07-31 16:18:25,16,tech,4011,3177,67,33,51,328,7,4.75,19.11,Corto
4154,4155,2026-03-04 13:24:27,13,design,9295,7357,564,40,23,283,3,8.52,12.34,Corto
4155,4156,2026-05-19 15:25:21,15,tech,2041,1865,56,14,17,682,5,4.66,13.3,Largo
4156,4157,2026-04-27 05:30:13,5,design,6305,5682,299,20,21,304,4,5.98,9.63,Corto
4157,4158,2026-05-13 15:01:55,15,tech,3795,2825,85,17,25,567,5,4.5,12.5,Largo
4158,4159,2026-03-16 18:50:27,18,business,1259,1142,16,8,6,104,3,2.63,8.41,Muy Corto
4159,4160,2026-06-10 17:52:59,17,tech,1282,1141,30,9,21,515,6,5.26,20.51,Medio
4160,4161,2026-08-16 17:05:10,17,design,412,313,17,1,1,298,8,6.07,9.27,Corto
4161,4162,2026-03-26 00:06:54,0,tech,6906,5992,149,77,59,452,3,4.76,15.5,Medio
4162,4163,2026-06-01 08:17:23,8,tech,12005,8084,317,70,156,308,6,6.72,22.82,Corto
4163,4164,2026-05-08 10:48:02,10,design,69443,50980,3110,370,274,297,5,7.36,13.3,Corto
4164,4165,2026-07-23 17:50:07,17,tech,1466,959,29,12,14,531,7,5.74,19.71,Medio
4165,4166,2026-06-27 14:51:16,14,design,4628,3281,169,18,15,314,6,6.16,11.0,Corto
4166,4167,2026-02-22 17:11:15,17,design,31211,25581,1690,184,114,297,2,7.77,13.05,Corto
4167,4168,2026-05-18 09:14:51,9,tech,7167,5655,120,80,52,419,5,4.46,15.14,Medio
4168,4169,2026-06-29 00:53:11,0,design,4383,3666,287,20,18,315,6,8.87,13.94,Corto
4169,4170,2026-05-15 08:16:45,8,design,16898,13372,1173,49,34,228,5,9.39,12.27,Corto
4170,4171,2026-04-11 18:24:55,18,tech,5827,4043,149,21,74,267,4,6.04,20.41,Corto
4171,4172,2026-03-24 16:23:04,16,business,1372,908,19,4,7,181,3,3.3,10.02,Muy Corto
4172,4173,2026-06-25 15:08:54,15,design,2493,1959,166,10,7,369,6,9.34,13.37,Corto
4173,4174,2026-07-30 09:14:47,9,business,71295,48804,542,352,334,166,7,2.52,9.47,Muy Corto
4174,4175,2026-06-04 18:58:34,18,tech,19324,14619,522,103,118,541,6,5.08,12.85,Medio
4175,4176,2026-05-23 13:12:52,13,business,24342,21751,593,202,117,192,5,4.19,10.74,Muy Corto
4176,4177,2026-03-13 11:59:45,11,tech,6655,5613,200,57,68,299,3,5.79,17.32,Corto
4177,4178,2026-05-17 07:00:36,7,tech,7517,5037,185,40,77,380,5,6.0,19.08,Medio
4178,4179,2026-05-01 21:14:58,21,business,8364,6907,157,24,65,151,5,3.56,11.19,Muy Corto
4179,4180,2026-05-17 11:08:54,11,business,3804,2646,50,19,18,197,5,3.29,10.2,Muy Corto
4180,4181,2026-05-30 18:12:32,18,design,17439,16397,1072,128,71,396,5,7.75,13.12,Medio
4181,4182,2026-05-10 23:29:27,23,tech,6428,4218,148,62,58,349,5,6.35,20.39,Corto
4182,4183,2026-06-03 04:36:50,4,tech,3152,2969,108,26,52,503,6,6.26,21.15,Medio
4183,4184,2026-08-18 17:02:20,17,design,5498,3736,274,24,16,382,8,8.4,13.33,Medio
4184,4185,2026-05-21 09:27:32,9,business,5507,4365,104,29,19,135,5,3.48,8.52,Muy Corto
4185,4186,2026-05-02 18:43:04,18,design,6900,5101,362,13,12,359,5,7.59,10.0,Corto
4186,4187,2026-08-10 18:15:52,18,design,3615,3276,188,15,11,328,8,6.53,10.26,Corto
4187,4188,2026-06-22 19:50:37,19,design,1763,1374,102,6,2,352,6,8.01,10.33,Corto
4188,4189,2026-08-15 10:22:50,10,tech,54478,37204,1107,376,333,267,8,4.88,14.18,Corto
4189,4190,2026-06-21 19:46:02,19,business,9375,6238,148,25,60,199,6,3.74,11.67,Muy Corto
4190,4191,2026-05-13 17:12:23,17,tech,12259,10253,328,73,173,386,5,5.6,19.55,Medio
4191,4192,2026-07-13 17:12:36,17,tech,58390,43321,1690,489,472,267,7,6.12,17.13,Corto
4192,4193,2026-04-19 10:41:49,10,design,7973,6098,356,14,22,306,4,6.43,9.64,Corto
4193,4194,2026-05-12 14:20:24,14,business,1250,1120,21,4,6,182,5,2.77,7.59,Muy Corto
4194,4195,2026-05-07 08:32:45,8,tech,1153,1001,25,10,18,621,5,5.29,20.88,Largo
4195,4196,2026-03-18 22:54:55,22,business,2870,2719,31,26,23,176,3,2.94,11.73,Muy Corto
4196,4197,2026-05-09 19:38:33,19,tech,5383,4938,148,43,65,398,5,5.18,17.01,Medio
4197,4198,2026-05-06 13:05:40,13,tech,3446,3099,108,19,37,514,5,5.29,15.49,Medio
4198,4199,2026-07-20 10:29:53,10,design,1826,1541,131,10,4,283,7,9.41,13.17,Corto
4199,4200,2026-04-07 12:21:24,12,tech,681,557,15,6,7,329,4,5.03,17.06,Corto
4200,4201,2026-07-06 08:45:43,8,tech,4037,3248,128,38,46,370,7,6.53,19.95,Corto
4201,4202,2026-04-14 18:26:07,18,tech,3123,2546,65,15,42,456,4,4.79,18.11,Medio
4202,4203,2026-07-25 12:20:55,12,tech,633,488,10,3,6,520,7,3.89,14.34,Medio
4203,4204,2026-06-16 10:23:58,10,design,23376,16677,1453,44,48,274,6,9.26,12.07,Corto
4204,4205,2026-03-24 17:40:08,17,design,529,497,38,3,1,365,3,8.45,11.67,Corto
4205,4206,2026-03-08 11:39:19,11,business,3314,2560,32,24,22,169,3,3.05,11.88,Muy Corto
4206,4207,2026-07-12 15:39:23,15,tech,1518,1109,30,7,8,414,7,4.06,11.0,Medio
4207,4208,2026-05-24 13:03:15,13,design,579,424,24,2,1,327,5,6.37,9.43,Corto
4208,4209,2026-03-20 10:28:42,10,design,3381,2918,175,10,12,223,3,6.75,10.66,Corto
4209,4210,2026-05-24 16:49:29,16,business,8022,6035,80,43,37,170,5,2.65,9.08,Muy Corto
4210,4211,2026-03-12 13:28:55,13,tech,5492,4235,137,43,34,357,3,5.05,13.72,Corto
4211,4212,2026-05-29 09:54:13,9,business,3225,2899,70,25,11,108,5,3.66,8.9,Muy Corto
4212,4213,2026-04-16 10:55:45,10,tech,2063,1938,49,19,23,426,4,4.7,15.94,Medio
4213,4214,2026-04-16 10:55:59,10,tech,18868,13744,328,148,220,490,4,5.06,19.5,Medio
4214,4215,2026-05-14 10:20:01,10,business,663,588,11,4,4,181,5,3.23,10.03,Muy Corto
4215,4216,2026-04-20 11:15:48,11,design,5541,3833,232,9,8,261,4,6.5,8.66,Corto
4216,4217,2026-08-16 09:39:24,9,business,7977,6673,191,37,65,136,8,4.39,12.87,Muy Corto
4217,4218,2026-02-26 18:27:02,18,tech,5105,4379,98,27,60,452,2,4.22,15.67,Medio
4218,4219,2026-04-07 16:39:10,16,design,2331,1763,138,13,4,337,4,8.79,12.59,Corto
4219,4220,2026-03-17 18:10:27,18,tech,19213,17991,536,182,194,287,3,5.07,15.65,Corto
4220,4221,2026-08-16 12:21:08,12,business,856,638,7,1,5,135,8,2.04,7.99,Muy Corto
4221,4222,2026-03-16 11:32:03,11,tech,8978,7481,236,99,66,451,3,5.36,15.51,Medio
4222,4223,2026-03-14 15:45:38,15,business,4746,4330,50,25,30,114,3,2.42,9.01,Muy Corto
4223,4224,2026-04-23 08:14:39,8,business,63119,43811,622,283,396,127,4,2.97,11.23,Muy Corto
4224,4225,2026-05-04 21:58:12,21,tech,2821,2383,52,34,29,435,5,4.83,17.62,Medio
4225,4226,2026-08-08 17:37:01,17,design,18934,13236,1053,90,35,325,8,8.9,12.79,Corto
4226,4227,2026-08-12 17:47:07,17,tech,3784,3122,83,22,43,328,8,4.74,16.5,Corto
4227,4228,2026-03-30 16:10:34,16,tech,7561,7018,216,66,76,332,3,5.1,15.5,Corto
4228,4229,2026-08-07 08:36:30,8,design,35735,26464,1539,136,76,281,8,6.62,10.17,Corto
4229,4230,2026-08-13 10:04:50,10,design,755,704,55,3,1,368,8,8.38,10.65,Corto
4230,4231,2026-03-13 20:39:02,20,tech,22126,20414,563,253,350,328,3,5.71,21.43,Corto
4231,4232,2026-03-07 01:01:43,1,tech,569,520,19,4,8,332,3,5.96,19.04,Corto
4232,4233,2026-04-05 11:49:54,11,design,1961,1524,116,8,4,323,4,8.4,11.81,Corto
4233,4234,2026-04-26 18:55:42,18,tech,2731,2270,48,12,31,418,4,4.01,15.15,Medio
4234,4235,2026-08-15 09:48:23,9,business,11240,7373,78,41,46,185,8,2.24,8.27,Muy Corto
4235,4236,2026-04-16 18:08:10,18,business,7541,7101,190,22,33,170,4,3.45,7.63,Muy Corto
4236,4237,2026-06-11 13:06:50,13,tech,1895,1620,54,23,23,315,6,6.17,20.37,Corto
4237,4238,2026-04-09 18:17:20,18,tech,4028,2831,86,37,26,352,4,5.26,15.61,Corto
4238,4239,2026-07-05 17:59:40,17,business,732,529,11,4,5,105,7,3.78,12.67,Muy Corto
4239,4240,2026-05-08 14:43:34,14,tech,2212,1555,44,14,30,397,5,5.66,21.86,Medio
4240,4241,2026-03-11 09:09:22,9,design,3656,2773,172,12,12,331,3,7.07,11.4,Corto
4241,4242,2026-04-25 13:28:31,13,business,625,579,7,5,4,179,4,2.76,10.19,Muy Corto
4242,4243,2026-07-20 03:27:23,3,design,1143,833,64,4,4,332,7,8.64,13.45,Corto
4243,4244,2026-06-14 09:03:56,9,business,2843,2199,31,11,10,126,6,2.36,7.05,Muy Corto
4244,4245,2026-08-08 17:53:02,17,tech,317,279,9,2,5,255,8,5.73,20.43,Corto
4245,4246,2026-02-23 20:59:49,20,design,2668,1736,114,11,8,288,2,7.66,12.79,Corto
4246,4247,2026-08-17 14:27:19,14,tech,1755,1593,58,7,24,400,8,5.59,17.45,Medio
4247,4248,2026-03-04 19:56:04,19,design,11022,7397,473,47,15,355,3,7.23,10.56,Corto
4248,4249,2026-07-27 10:39:47,10,design,5287,3983,219,29,10,374,7,6.48,10.42,Corto
4249,4250,2026-07-26 18:45:55,18,design,6748,5108,379,18,23,261,7,8.22,12.43,Corto
4250,4251,2026-07-15 22:07:58,22,tech,1756,1396,42,8,13,359,7,4.51,12.75,Corto
4251,4252,2026-07-16 06:08:10,6,tech,18687,16000,441,114,171,341,7,4.54,14.16,Corto
4252,4253,2026-04-30 12:09:13,12,design,103278,85437,5789,188,373,334,4,7.43,11.15,Corto
4253,4254,2026-06-02 08:27:03,8,tech,6038,5255,139,34,69,441,6,4.61,15.74,Medio
4254,4255,2026-06-27 08:31:56,8,business,6162,5373,79,44,34,163,6,2.92,9.81,Muy Corto
4255,4256,2026-03-03 12:53:12,12,business,2427,2109,56,10,16,194,3,3.89,10.62,Muy Corto
4256,4257,2026-07-14 10:45:41,10,design,8488,7324,638,28,27,351,7,9.46,13.19,Corto
4257,4258,2026-07-10 16:28:54,16,tech,4663,4390,115,24,66,445,7,4.67,16.83,Medio
4258,4259,2026-07-01 23:31:04,23,design,4419,3115,158,13,9,348,7,5.78,9.05,Corto
4259,4260,2026-07-19 12:36:33,12,design,6097,5028,400,32,29,271,7,9.17,15.12,Corto
4260,4261,2026-04-24 15:31:03,15,business,11010,9517,247,39,53,147,4,3.56,8.69,Muy Corto
4261,4262,2026-08-10 14:38:18,14,tech,34289,25539,522,160,470,503,8,4.51,19.27,Medio
4262,4263,2026-03-08 12:08:58,12,tech,1584,1110,42,7,13,461,3,5.59,15.68,Medio
4263,4264,2026-08-07 10:26:04,10,tech,4257,2931,115,29,52,388,8,6.69,22.07,Medio
4264,4265,2026-05-16 12:27:30,12,design,17477,14004,1188,99,82,368,5,9.78,16.0,Corto
4265,4266,2026-05-02 09:26:28,9,tech,18229,12216,264,111,183,300,5,4.57,17.78,Corto
4266,4267,2026-03-13 08:20:35,8,tech,4655,3068,117,22,27,300,3,5.41,13.72,Corto
4267,4268,2026-03-12 10:58:57,10,design,2937,2417,128,17,9,259,3,6.37,11.09,Corto
4268,4269,2026-07-14 10:57:05,10,tech,12877,10247,219,105,201,388,7,5.12,21.93,Medio
4269,4270,2026-05-02 20:02:33,20,tech,1008,752,20,4,9,412,5,4.39,14.36,Medio
4270,4271,2026-03-25 07:18:12,7,design,6901,5165,404,29,20,384,3,8.77,13.17,Medio
4271,4272,2026-06-19 07:16:11,7,design,2256,1792,135,13,9,375,6,8.76,14.45,Medio
4272,4273,2026-07-09 09:25:38,9,business,1339,932,27,6,4,192,7,3.97,8.91,Muy Corto
4273,4274,2026-04-09 11:37:49,11,design,2885,2060,118,5,6,316,4,6.26,9.03,Corto
4274,4275,2026-02-21 10:58:57,10,design,2017,1626,130,10,4,305,2,8.86,12.42,Corto
4275,4276,2026-07-22 23:36:39,23,business,12558,10240,206,65,82,145,7,3.45,10.96,Muy Corto
4276,4277,2026-04-03 05:14:58,5,tech,2258,2129,58,14,32,328,4,4.88,17.38,Corto
4277,4278,2026-07-26 22:21:52,22,tech,2657,2496,90,23,25,438,7,5.53,15.3,Medio
4278,4279,2026-05-26 11:58:23,11,design,32265,25534,1918,92,119,352,5,8.34,12.68,Corto
4279,4280,2026-05-14 22:35:26,22,business,8015,6854,147,64,35,133,5,3.59,9.96,Muy Corto
4280,4281,2026-02-28 18:01:38,18,tech,7502,7055,192,90,132,416,2,5.87,22.79,Medio
4281,4282,2026-04-05 09:17:06,9,tech,2439,2306,65,17,24,409,4,4.6,14.09,Medio
4282,4283,2026-05-02 12:06:46,12,design,792,604,49,1,2,160,5,8.61,11.42,Muy Corto
4283,4284,2026-06-13 19:18:32,19,tech,2325,1840,61,12,21,519,6,5.11,15.05,Medio
4284,4285,2026-08-14 19:04:08,19,tech,75028,57315,1791,573,483,364,8,4.97,13.87,Corto
4285,4286,2026-07-03 23:36:07,23,tech,1726,1212,31,10,23,508,7,5.28,21.04,Medio
4286,4287,2026-06-04 17:11:54,17,business,2148,1814,37,16,14,159,6,3.69,11.74,Muy Corto
4287,4288,2026-03-20 06:30:50,6,business,3268,2799,80,9,27,159,3,4.14,11.86,Muy Corto
4288,4289,2026-05-05 20:16:01,20,tech,996,866,18,8,8,379,5,3.93,13.16,Medio
4289,4290,2026-05-02 10:01:38,10,tech,2359,1617,55,9,22,351,5,5.32,16.51,Corto
4290,4291,2026-04-23 16:52:57,16,tech,4041,2854,77,37,27,512,4,4.94,15.45,Medio
4291,4292,2026-06-05 09:34:29,9,tech,5906,4032,143,51,67,436,6,6.47,21.9,Medio
4292,4293,2026-03-04 18:59:38,18,tech,2649,2394,77,34,36,385,3,6.14,20.93,Medio
4293,4294,2026-05-12 23:40:24,23,design,10589,8522,551,50,42,421,5,7.55,12.76,Medio
4294,4295,2026-06-09 12:18:08,12,tech,625,577,12,8,7,407,6,4.68,17.33,Medio
4295,4296,2026-04-08 12:00:42,12,tech,480,425,9,4,7,481,4,4.71,19.06,Medio
4296,4297,2026-07-29 07:09:18,7,business,4692,3459,53,21,29,128,7,2.98,10.67,Muy Corto
4297,4298,2026-04-05 09:35:06,9,tech,4477,4246,115,63,81,323,4,6.1,23.9,Corto
4298,4299,2026-07-31 08:27:17,8,tech,3156,2568,56,22,37,229,7,4.48,17.13,Corto
4299,4300,2026-05-10 16:12:39,16,business,28199,26033,594,110,167,102,5,3.35,9.1,Muy Corto
4300,4301,2026-06-03 09:31:29,9,business,1275,1084,14,8,7,137,6,2.68,9.41,Muy Corto
4301,4302,2026-05-22 16:13:21,16,design,11041,9878,498,54,25,304,5,5.84,9.25,Corto
4302,4303,2026-08-18 08:34:35,8,business,6133,5726,99,53,26,163,8,3.11,9.06,Muy Corto
4303,4304,2026-07-12 08:43:20,8,tech,2612,1948,51,9,23,345,7,4.26,13.91,Corto
4304,4305,2026-05-21 11:04:34,11,tech,3374,2519,67,17,45,368,5,5.12,19.65,Corto
4305,4306,2026-05-28 21:00:51,21,business,13072,11233,294,91,99,140,5,4.31,12.91,Muy Corto
4306,4307,2026-03-21 00:24:30,0,tech,18461,12001,336,146,208,412,3,5.75,21.53,Medio
4307,4308,2026-03-10 09:34:53,9,business,10814,9313,177,61,55,130,3,3.15,9.25,Muy Corto
4308,4309,2026-02-24 15:06:48,15,business,986,889,24,7,4,142,2,3.94,9.45,Muy Corto
4309,4310,2026-03-04 08:44:42,8,tech,4588,3685,112,22,69,212,3,5.51,20.41,Corto
4310,4311,2026-02-21 09:30:16,9,business,3662,2386,71,9,15,145,2,3.98,9.51,Muy Corto
4311,4312,2026-03-19 09:55:15,9,tech,27514,22725,734,182,304,430,3,5.37,17.14,Medio
4312,4313,2026-03-05 08:16:30,8,tech,455,409,10,3,7,387,3,4.89,19.07,Medio
4313,4314,2026-07-25 14:38:17,14,tech,2562,1991,50,21,26,383,7,4.87,17.18,Medio
4314,4315,2026-07-26 11:42:58,11,tech,2849,2519,51,29,29,385,7,4.33,15.84,Medio
4315,4316,2026-05-20 18:53:40,18,tech,2134,1626,64,14,23,465,5,6.21,18.7,Medio
4316,4317,2026-06-07 11:12:57,11,tech,1696,1328,48,17,23,347,6,6.63,22.59,Corto
4317,4318,2026-06-28 16:11:13,16,design,3998,2640,237,19,6,304,6,9.92,13.67,Corto
4318,4319,2026-08-17 16:17:44,16,business,742,649,12,4,3,156,8,2.93,8.01,Muy Corto
4319,4320,2026-03-13 08:47:38,8,tech,4380,3241,91,38,41,515,3,5.25,17.62,Medio
4320,4321,2026-07-29 10:15:43,10,business,95906,66208,1185,354,360,168,7,2.87,8.28,Muy Corto
4321,4322,2026-05-29 20:38:04,20,design,1405,1130,77,6,4,298,5,7.7,11.77,Corto
4322,4323,2026-03-11 18:55:56,18,design,1362,988,85,4,3,369,3,9.31,12.65,Corto
4323,4324,2026-05-01 20:50:28,20,design,1350,1134,58,7,3,305,5,6.0,9.7,Corto
4324,4325,2026-04-06 11:32:26,11,business,3686,2538,43,14,10,175,4,2.64,7.05,Muy Corto
4325,4326,2026-06-20 19:39:24,19,business,11794,8504,217,25,75,121,6,3.73,10.78,Muy Corto
4326,4327,2026-03-14 21:03:34,21,design,4708,4018,277,31,16,220,3,8.06,13.17,Corto
4327,4328,2026-05-03 09:50:54,9,business,2160,1926,30,8,10,167,5,2.49,7.37,Muy Corto
4328,4329,2026-05-08 10:32:57,10,design,10519,9572,567,33,52,284,5,6.81,11.65,Corto
4329,4330,2026-06-18 15:34:01,15,design,6576,4368,298,28,14,308,6,7.78,11.95,Corto
4330,4331,2026-02-23 15:57:52,15,business,3143,2721,52,18,21,187,2,3.34,10.73,Muy Corto
4331,4332,2026-04-24 14:22:41,14,design,921,800,41,3,3,273,4,5.88,9.62,Corto
4332,4333,2026-07-13 17:13:41,17,business,25212,19361,308,156,83,181,7,2.83,8.24,Muy Corto
4333,4334,2026-03-26 15:00:33,15,tech,10575,9299,278,118,151,253,3,5.88,21.06,Corto
4334,4335,2026-06-09 06:08:16,6,business,814,679,7,5,6,176,6,2.65,11.05,Muy Corto
4335,4336,2026-07-02 21:37:04,21,tech,779,612,22,7,5,317,7,5.56,14.71,Corto
4336,4337,2026-03-25 11:23:06,11,design,3295,2861,153,20,8,263,3,6.33,10.38,Corto
4337,4338,2026-05-19 12:27:43,12,tech,4659,4421,102,49,69,409,5,4.98,19.23,Medio
4338,4339,2026-06-15 00:07:02,0,tech,5055,4036,152,48,36,197,6,5.85,15.66,Muy Corto
4339,4340,2026-06-03 14:59:20,14,tech,8995,6176,220,65,104,362,6,6.3,21.24,Corto
4340,4341,2026-02-21 10:54:33,10,business,668,557,9,5,4,170,2,3.23,10.95,Muy Corto
4341,4342,2026-06-25 23:22:30,23,tech,237,196,7,2,2,465,6,5.61,15.82,Medio
4342,4343,2026-04-11 17:26:13,17,tech,1515,1327,33,10,13,386,4,4.22,13.34,Medio
4343,4344,2026-05-06 16:06:29,16,tech,2264,2084,74,21,33,435,5,6.14,20.25,Medio
4344,4345,2026-03-03 11:32:26,11,tech,15745,14064,397,102,205,560,3,5.01,17.38,Largo
4345,4346,2026-03-08 11:46:33,11,tech,384,288,6,2,3,323,3,3.82,13.19,Corto
4346,4347,2026-04-23 08:04:30,8,design,4083,2890,199,11,11,328,4,7.65,11.45,Corto
4347,4348,2026-03-24 12:42:07,12,business,7700,5678,144,42,54,231,3,4.23,13.1,Corto
4348,4349,2026-05-14 16:32:09,16,design,5829,5348,315,30,28,252,5,6.97,12.32,Corto
4349,4350,2026-08-06 18:35:31,18,design,8449,6267,358,19,21,372,8,6.35,9.61,Corto
4350,4351,2026-03-04 06:38:21,6,tech,2637,1759,55,17,21,464,3,5.29,16.54,Medio
4351,4352,2026-08-12 12:33:18,12,business,533,459,8,2,2,152,8,2.61,6.97,Muy Corto
4352,4353,2026-04-14 17:54:48,17,design,5662,5253,271,26,22,255,4,6.07,10.49,Corto
4353,4354,2026-03-19 08:30:46,8,design,632,578,40,3,3,308,3,7.96,13.15,Corto
4354,4355,2026-06-22 10:10:12,10,tech,2813,2498,50,15,38,373,6,4.12,16.57,Corto
4355,4356,2026-03-10 09:53:00,9,design,7113,5379,436,10,19,386,3,8.64,11.68,Medio
4356,4357,2026-07-18 03:58:24,3,tech,347,234,7,2,3,367,7,5.13,16.67,Corto
4357,4358,2026-07-25 09:09:32,9,tech,61838,48608,1778,592,810,343,7,6.54,21.86,Corto
4358,4359,2026-07-22 16:12:39,16,business,2234,1649,43,9,9,173,7,3.7,9.16,Muy Corto
4359,4360,2026-03-05 14:26:12,14,tech,2507,1995,53,19,33,262,3,5.26,19.7,Corto
4360,4361,2026-07-23 20:05:31,20,design,573,526,39,2,2,237,7,8.17,11.98,Corto
4361,4362,2026-08-19 11:04:20,11,design,12381,9098,713,28,42,215,8,8.61,12.76,Corto
4362,4363,2026-04-03 16:06:21,16,design,2219,1740,98,12,5,334,4,6.61,10.69,Corto
4363,4364,2026-07-15 08:37:36,8,tech,16648,15593,613,192,136,403,7,6.03,15.83,Medio
4364,4365,2026-07-23 10:11:16,10,design,2178,1536,109,7,4,290,7,7.81,11.0,Corto
4365,4366,2026-08-15 11:39:17,11,business,3052,2292,36,13,16,136,8,2.84,9.42,Muy Corto
4366,4367,2026-08-16 10:34:58,10,tech,28979,24841,727,139,436,475,8,5.24,19.21,Medio
4367,4368,2026-07-01 15:34:21,15,design,1293,1222,75,5,7,301,7,7.12,12.36,Corto
4368,4369,2026-04-15 15:46:30,15,tech,900,662,16,5,12,498,4,4.98,19.94,Medio
4369,4370,2026-04-09 11:02:05,11,tech,8042,7583,243,41,118,340,4,5.3,17.82,Corto
4370,4371,2026-04-02 11:14:58,11,design,26405,20262,1252,142,111,355,4,7.43,13.36,Corto
4371,4372,2026-03-17 12:51:23,12,tech,2198,1770,53,15,20,382,3,4.97,15.42,Medio
4372,4373,2026-03-24 02:39:58,2,tech,13791,12762,341,173,232,386,3,5.85,22.64,Medio
4373,4374,2026-08-08 08:26:23,8,design,434,315,24,2,1,301,8,8.57,12.7,Corto
4374,4375,2026-04-16 04:21:53,4,tech,3796,3243,125,27,56,449,4,6.41,21.0,Medio
4375,4376,2026-06-22 19:02:35,19,business,1260,965,27,6,9,162,6,4.35,12.75,Muy Corto
4376,4377,2026-05-04 17:38:07,17,tech,12194,10484,364,54,185,375,5,5.75,19.65,Medio
4377,4378,2026-03-29 09:57:28,9,design,2473,1698,136,6,3,296,3,8.54,10.84,Corto
4378,4379,2026-04-22 09:55:10,9,business,2663,2190,45,21,8,165,4,3.38,8.81,Muy Corto
4379,4380,2026-03-30 11:01:51,11,design,6267,4648,325,13,25,345,3,7.81,12.41,Corto
4380,4381,2026-04-04 17:34:37,17,tech,11604,7858,297,57,89,326,4,5.64,15.74,Corto
4381,4382,2026-03-14 10:49:51,10,business,1900,1473,35,10,9,125,3,3.67,9.98,Muy Corto
4382,4383,2026-04-10 09:48:30,9,design,8917,7391,427,24,32,208,4,6.53,10.54,Corto
4383,4384,2026-03-30 18:22:36,18,tech,5173,3414,120,24,32,242,3,5.16,13.83,Corto
4384,4385,2026-03-13 16:16:34,16,design,7117,5242,407,24,18,290,3,8.57,12.34,Corto
4385,4386,2026-06-16 16:00:16,16,design,6479,4341,307,21,14,333,6,7.88,11.59,Corto
4386,4387,2026-05-15 08:51:33,8,design,805,636,50,2,2,285,5,8.49,11.64,Corto
4387,4388,2026-05-27 07:16:31,7,design,567,468,25,1,2,346,5,5.98,9.62,Corto
4388,4389,2026-04-28 08:13:09,8,tech,5822,5174,125,61,87,353,4,5.28,20.58,Corto
4389,4390,2026-03-19 09:32:24,9,tech,3927,3479,73,45,68,624,3,5.35,22.91,Largo
4390,4391,2026-07-22 11:04:19,11,tech,1176,1018,25,14,11,679,7,4.91,16.6,Largo
4391,4392,2026-04-29 05:55:58,5,tech,916,664,17,3,7,482,4,4.07,12.8,Medio
4392,4393,2026-08-04 17:40:56,17,tech,6322,4947,182,52,42,402,8,5.58,14.68,Medio
4393,4394,2026-08-04 05:50:56,5,tech,2072,1388,42,14,17,134,8,5.26,16.86,Muy Corto
4394,4395,2026-07-26 18:33:22,18,design,5974,4401,309,12,16,427,7,7.66,11.02,Medio
4395,4396,2026-05-09 00:05:22,0,tech,868,720,26,4,7,442,5,5.14,13.61,Medio
4396,4397,2026-08-12 11:16:52,11,business,19869,15155,182,62,87,136,8,2.18,7.43,Muy Corto
4397,4398,2026-06-14 09:07:24,9,business,3045,2576,40,24,24,140,6,3.42,12.73,Muy Corto
4398,4399,2026-07-23 11:03:05,11,design,20921,19216,1229,41,73,347,7,6.99,10.29,Corto
4399,4400,2026-05-03 00:31:59,0,design,3280,2912,175,6,17,241,5,6.8,11.5,Corto
4400,4401,2026-06-21 08:47:17,8,tech,1745,1289,51,16,24,519,6,7.06,23.82,Medio
4401,4402,2026-08-16 14:51:53,14,business,368,299,6,1,2,131,8,3.01,8.7,Muy Corto
4402,4403,2026-07-16 15:38:44,15,tech,12902,8709,214,45,128,545,7,4.44,16.28,Medio
4403,4404,2026-05-04 14:24:12,14,design,1035,794,47,5,3,272,5,6.93,11.46,Corto
4404,4405,2026-03-16 07:54:19,7,design,1798,1555,96,3,6,303,3,6.75,10.03,Corto
4405,4406,2026-05-29 16:07:54,16,tech,582,506,10,6,4,463,5,3.95,13.04,Medio
4406,4407,2026-08-01 11:03:15,11,business,4069,2688,53,14,26,151,8,3.46,11.79,Muy Corto
4407,4408,2026-05-30 13:46:42,13,design,10968,7407,464,45,24,264,5,7.2,11.29,Corto
4408,4409,2026-07-23 12:29:27,12,design,3157,2498,174,8,13,241,7,7.81,12.41,Corto
4409,4410,2026-05-19 07:17:22,7,tech,12015,7937,278,50,72,428,5,5.04,13.28,Medio
4410,4411,2026-04-06 15:17:01,15,design,2328,2036,181,13,7,286,4,9.87,14.19,Corto
4411,4412,2026-04-11 05:26:53,5,tech,741,669,21,6,5,430,4,4.78,12.71,Medio
4412,4413,2026-04-22 17:12:48,17,tech,4457,3370,126,49,64,518,4,7.09,24.75,Medio
4413,4414,2026-07-10 15:50:57,15,design,915,745,65,4,1,295,7,9.4,11.95,Corto
4414,4415,2026-03-08 11:28:21,11,design,997,667,51,2,3,355,3,8.4,12.44,Corto
4415,4416,2026-05-10 17:34:52,17,design,7206,5298,316,23,12,237,5,6.63,9.51,Corto
4416,4417,2026-08-15 06:35:11,6,tech,3641,3375,78,19,39,275,8,4.03,13.81,Corto
4417,4418,2026-03-29 12:28:47,12,tech,13388,10013,297,92,133,381,3,5.21,17.27,Medio
4418,4419,2026-08-10 11:15:36,11,tech,37558,28470,578,395,460,345,8,5.03,20.51,Corto
4419,4420,2026-05-22 18:33:41,18,business,49685,39258,407,373,255,166,5,2.64,10.03,Muy Corto
4420,4421,2026-03-22 15:44:02,15,design,7063,5317,353,32,24,253,3,7.69,12.66,Corto
4421,4422,2026-04-03 13:33:19,13,tech,2087,1664,39,8,19,299,4,3.97,13.4,Corto
4422,4423,2026-05-21 10:49:38,10,tech,2842,2536,88,15,26,419,5,5.09,14.04,Medio
4423,4424,2026-03-04 12:31:13,12,design,1124,1018,79,7,4,305,3,8.84,13.65,Corto
4424,4425,2026-08-10 06:37:44,6,business,1348,1215,19,8,10,145,8,3.05,10.78,Muy Corto
4425,4426,2026-08-11 17:23:52,17,design,1001,780,52,4,4,367,8,7.69,12.82,Corto
4426,4427,2026-04-06 10:49:26,10,business,1008,956,28,5,8,122,4,4.29,11.72,Muy Corto
4427,4428,2026-02-28 17:27:55,17,tech,3394,3137,100,39,59,518,2,6.31,23.21,Medio
4428,4429,2026-07-16 20:20:47,20,tech,2327,1529,49,12,24,501,7,5.56,18.9,Medio
4429,4430,2026-06-16 08:01:42,8,business,2416,2260,38,17,13,157,6,3.01,9.29,Muy Corto
4430,4431,2026-03-22 07:40:45,7,design,3766,2694,231,6,10,221,3,9.17,12.44,Corto
4431,4432,2026-07-02 11:06:34,11,tech,5653,4231,129,45,65,504,7,5.65,19.59,Medio
4432,4433,2026-03-03 13:36:07,13,tech,15139,11454,309,140,122,313,3,4.99,16.11,Corto
4433,4434,2026-05-23 15:18:07,15,design,8599,7794,519,18,22,304,5,7.17,9.84,Corto
4434,4435,2026-03-23 20:41:39,20,tech,4467,3592,133,37,33,523,3,5.65,15.17,Medio
4435,4436,2026-06-27 17:47:02,17,business,631,424,11,2,2,123,6,3.54,8.25,Muy Corto
4436,4437,2026-03-24 03:46:53,3,tech,1455,1177,41,6,11,292,3,4.93,13.0,Corto
4437,4438,2026-02-27 09:50:45,9,design,4266,3428,190,19,16,287,2,6.56,11.49,Corto
4438,4439,2026-06-14 16:56:17,16,business,4171,3481,44,22,24,163,6,2.59,9.31,Muy Corto
4439,4440,2026-04-04 07:42:41,7,design,787,656,47,1,2,238,4,7.62,10.21,Corto
4440,4441,2026-06-27 08:13:18,8,tech,1663,1127,32,13,11,514,6,4.97,15.26,Medio
4441,4442,2026-03-10 16:27:08,16,design,7028,5421,365,27,15,248,3,7.51,10.94,Corto
4442,4443,2026-06-02 18:03:48,18,design,5053,3387,176,10,13,267,6,5.88,9.45,Corto
4443,4444,2026-04-23 08:37:56,8,design,16223,15146,1203,100,72,215,4,9.08,14.39,Corto
4444,4445,2026-05-09 08:52:44,8,business,1151,976,14,4,5,90,5,2.36,7.17,Muy Corto
4445,4446,2026-07-28 09:01:56,9,business,12924,12048,266,53,119,170,7,3.64,11.87,Muy Corto
4446,4447,2026-05-22 18:47:02,18,design,2637,2051,117,6,4,232,5,6.19,8.43,Corto
4447,4448,2026-05-13 10:38:56,10,tech,1123,775,30,4,9,309,5,5.55,15.23,Corto
4448,4449,2026-07-25 09:13:24,9,tech,1576,1140,37,15,16,190,7,5.96,19.74,Muy Corto
4449,4450,2026-07-05 13:43:13,13,business,1712,1122,30,6,4,133,7,3.57,7.66,Muy Corto
4450,4451,2026-02-27 18:54:40,18,tech,3976,2836,82,40,40,385,2,5.71,19.82,Medio
4451,4452,2026-06-19 10:47:40,10,design,517,346,28,2,1,306,6,8.96,12.72,Corto
4452,4453,2026-05-08 20:50:39,20,tech,846,658,15,8,9,436,5,4.86,18.09,Medio
4453,4454,2026-04-02 14:40:44,14,tech,752,677,20,9,10,544,4,5.76,20.09,Medio
4454,4455,2026-04-26 08:25:05,8,tech,2730,2057,55,24,37,486,4,5.64,21.73,Medio
4455,4456,2026-03-29 11:46:31,11,design,2921,2339,172,14,5,311,3,8.17,11.46,Corto
4456,4457,2026-08-11 12:46:18,12,tech,2273,2100,42,17,24,518,8,3.95,14.38,Medio
4457,4458,2026-04-14 09:56:36,9,design,30259,26241,1943,202,133,277,4,8.68,14.54,Corto
4458,4459,2026-05-28 09:42:21,9,tech,10030,8460,200,52,160,283,5,4.87,19.95,Corto
4459,4460,2026-05-18 19:30:34,19,tech,201,131,3,1,1,656,5,3.82,11.45,Largo
4460,4461,2026-07-20 08:13:38,8,tech,57868,53105,1631,397,1053,507,7,5.8,21.92,Medio
4461,4462,2026-06-02 07:26:06,7,business,1232,848,16,7,6,133,6,3.42,10.85,Muy Corto
4462,4463,2026-05-07 16:40:15,16,tech,846,782,23,4,11,381,5,4.86,16.24,Medio
4463,4464,2026-03-12 16:48:15,16,tech,6619,5918,212,85,76,444,3,6.3,19.6,Medio
4464,4465,2026-05-21 04:27:46,4,business,3404,2324,48,11,14,161,5,3.14,8.78,Muy Corto
4465,4466,2026-08-07 16:40:45,16,design,1080,1022,68,7,5,313,8,7.83,13.31,Corto
4466,4467,2026-03-04 18:15:55,18,tech,15918,14728,344,105,217,288,3,4.52,16.97,Corto
4467,4468,2026-04-22 14:22:31,14,tech,2198,1954,45,10,35,257,4,4.61,18.68,Corto
4468,4469,2026-04-23 21:35:21,21,design,900,826,70,2,2,311,4,8.96,11.38,Corto
4469,4470,2026-07-15 15:30:25,15,design,2069,1386,122,7,5,292,7,9.67,13.71,Corto
4470,4471,2026-05-11 08:03:33,8,design,5647,5239,337,27,22,341,5,7.37,11.85,Corto
4471,4472,2026-04-27 10:47:34,10,design,3979,2879,242,13,8,316,4,9.14,12.43,Corto
4472,4473,2026-07-13 17:40:55,17,tech,2242,1837,51,26,33,354,7,5.99,22.81,Corto
4473,4474,2026-04-18 17:00:51,17,design,2161,1593,82,6,4,228,4,5.78,8.66,Corto
4474,4475,2026-06-18 08:30:48,8,business,17149,12726,298,77,110,176,6,3.81,11.68,Muy Corto
4475,4476,2026-08-10 09:25:19,9,tech,1030,956,29,14,13,485,8,5.86,19.77,Medio
4476,4477,2026-05-13 14:22:15,14,tech,19140,12932,505,122,233,315,5,6.65,22.09,Corto
4477,4478,2026-07-26 09:33:26,9,tech,20528,14447,329,164,269,479,7,5.27,21.71,Medio
4478,4479,2026-08-19 16:13:50,16,tech,1314,899,27,7,16,387,8,5.56,20.36,Medio
4479,4480,2026-06-04 16:16:40,16,tech,1611,1378,30,15,27,510,6,5.22,22.21,Medio
4480,4481,2026-06-27 10:09:02,10,tech,22846,17571,373,226,293,480,6,5.08,20.61,Medio
4481,4482,2026-08-07 12:35:54,12,business,1968,1863,51,13,10,126,8,3.97,9.82,Muy Corto
4482,4483,2026-07-07 07:43:19,7,tech,4487,3848,150,54,67,329,7,7.04,23.44,Corto
4483,4484,2026-07-23 18:49:00,18,design,8599,8159,510,47,39,265,7,7.3,12.38,Corto
4484,4485,2026-03-12 10:13:36,10,tech,3523,2470,97,28,42,331,3,6.76,22.06,Corto
4485,4486,2026-04-08 20:06:11,20,business,49192,40841,463,322,281,121,4,2.61,9.79,Muy Corto
4486,4487,2026-08-06 10:43:13,10,tech,17297,11486,334,103,141,446,8,5.03,16.32,Medio
4487,4488,2026-02-28 19:49:05,19,tech,4346,3260,128,44,41,306,2,6.53,19.39,Corto
4488,4489,2026-03-16 12:08:17,12,tech,1910,1690,37,18,33,519,3,5.21,22.07,Medio
4489,4490,2026-03-27 18:03:11,18,tech,4627,3503,107,48,48,545,3,5.8,19.5,Medio
4490,4491,2026-04-14 04:40:17,4,tech,14771,10586,233,116,178,305,4,4.98,20.04,Corto
4491,4492,2026-06-30 19:46:11,19,tech,16911,15368,603,90,128,534,6,5.34,12.93,Medio
4492,4493,2026-04-13 18:50:52,18,tech,7100,6573,182,51,128,240,4,5.49,21.45,Corto
4493,4494,2026-04-25 11:04:06,11,tech,1813,1403,50,7,11,529,4,4.85,11.83,Medio
4494,4495,2026-03-31 17:13:48,17,business,10423,7842,180,71,40,183,3,3.71,10.0,Muy Corto
4495,4496,2026-07-10 16:17:53,16,tech,16493,14098,362,107,194,264,7,4.7,16.61,Corto
4496,4497,2026-02-23 08:13:00,8,business,7457,6823,125,29,35,145,2,2.77,7.64,Muy Corto
4497,4498,2026-07-03 16:37:37,16,business,1377,956,22,7,9,116,7,3.97,12.76,Muy Corto
4498,4499,2026-04-01 09:07:38,9,design,3409,2388,194,15,5,251,4,8.96,12.31,Corto
4499,4500,2026-04-10 18:42:42,18,tech,4027,2824,77,34,33,562,4,5.1,16.89,Largo
4500,4501,2026-05-21 19:28:08,19,tech,1202,1002,23,5,10,283,5,3.79,12.28,Corto
4501,4502,2026-06-19 16:06:16,16,design,1759,1480,118,9,3,325,6,8.78,12.03,Corto
4502,4503,2026-07-07 11:13:35,11,tech,6571,4674,109,30,37,218,7,3.77,11.23,Corto
4503,4504,2026-07-16 06:50:28,6,design,2588,1708,121,12,10,349,7,8.37,14.58,Corto
4504,4505,2026-03-20 19:03:21,19,tech,2270,2137,60,22,33,500,3,5.38,19.28,Medio
4505,4506,2026-04-03 18:49:13,18,design,13581,11993,618,41,51,327,4,5.92,9.92,Corto
4506,4507,2026-05-12 18:32:50,18,tech,3290,3066,108,16,27,424,5,4.92,12.65,Medio
4507,4508,2026-03-16 13:44:29,13,tech,3608,2454,70,31,33,508,3,5.46,18.66,Medio
4508,4509,2026-08-18 13:46:05,13,tech,1320,1036,35,5,18,441,8,5.6,19.21,Medio
4509,4510,2026-04-05 17:52:24,17,design,8711,7356,645,29,37,257,4,9.67,14.37,Corto
4510,4511,2026-06-12 13:02:43,13,tech,14633,10798,263,110,157,264,6,4.91,18.14,Corto
4511,4512,2026-04-21 07:23:25,7,tech,354,265,6,1,3,536,4,3.77,12.83,Medio
4512,4513,2026-05-28 15:00:12,15,design,1933,1787,148,12,6,229,5,9.29,13.65,Corto
4513,4514,2026-07-14 10:10:03,10,design,3118,2806,227,22,9,294,7,9.19,13.79,Corto
4514,4515,2026-06-09 07:52:09,7,design,2474,2046,173,8,8,289,6,9.24,13.15,Corto
4515,4516,2026-03-25 20:27:40,20,tech,2030,1577,50,8,24,594,3,5.2,17.37,Largo
4516,4517,2026-05-06 17:09:03,17,tech,51015,37778,1329,399,358,308,5,5.52,15.32,Corto
4517,4518,2026-08-04 20:13:05,20,design,3862,3483,296,25,17,308,8,9.7,15.27,Corto
4518,4519,2026-04-15 16:39:31,16,business,3413,2448,68,12,24,116,4,4.25,12.58,Muy Corto
4519,4520,2026-07-14 09:45:30,9,design,29692,20035,1330,118,102,349,7,7.74,13.07,Corto
4520,4521,2026-04-09 14:57:31,14,tech,4474,3763,129,43,61,634,4,6.19,20.97,Largo
4521,4522,2026-05-27 13:18:42,13,tech,2442,2227,59,28,24,271,5,4.98,16.3,Corto
4522,4523,2026-07-07 17:03:48,17,business,1444,1139,11,9,4,117,7,2.11,6.94,Muy Corto
4523,4524,2026-08-17 08:55:08,8,tech,2949,2194,60,17,43,413,8,5.47,21.51,Medio
4524,4525,2026-03-30 00:35:57,0,design,8455,7631,410,41,44,300,3,6.49,12.13,Corto
4525,4526,2026-04-03 11:23:33,11,tech,3642,3215,100,24,41,469,4,5.13,16.3,Medio
4526,4527,2026-05-26 17:41:13,17,design,4098,3041,218,10,10,370,5,7.83,11.11,Corto
4527,4528,2026-07-27 19:02:01,19,tech,1642,1486,39,20,22,397,7,5.45,19.85,Medio
4528,4529,2026-07-07 06:44:44,6,business,4275,3879,101,21,17,208,7,3.58,8.28,Corto
4529,4530,2026-05-27 16:09:28,16,tech,13126,12128,273,88,234,465,5,4.91,20.59,Medio
4530,4531,2026-04-10 14:11:38,14,business,4201,3048,66,14,26,201,4,3.48,10.83,Muy Corto
4531,4532,2026-07-21 10:21:15,10,design,21093,17198,1532,105,82,308,7,10.0,15.16,Corto
4532,4533,2026-04-19 09:43:01,9,tech,9198,7112,250,53,114,438,4,5.86,19.32,Medio
4533,4534,2026-04-23 13:55:42,13,design,18815,14686,1119,36,52,267,4,8.22,11.43,Corto
4534,4535,2026-04-26 17:53:17,17,business,1269,1197,33,3,9,189,4,3.76,9.77,Muy Corto
4535,4536,2026-06-16 17:10:57,17,tech,5875,4431,155,45,57,450,6,5.8,17.85,Medio
4536,4537,2026-04-18 17:07:52,17,tech,4784,4353,98,62,71,413,4,5.31,21.0,Medio
4537,4538,2026-03-29 10:54:05,10,tech,7073,6056,150,54,113,363,3,5.23,20.97,Corto
4538,4539,2026-04-04 11:04:52,11,tech,8511,7464,200,74,120,348,4,5.28,19.51,Corto
4539,4540,2026-04-06 10:33:50,10,tech,4412,3049,118,15,40,537,4,5.67,16.33,Medio
4540,4541,2026-05-20 08:01:18,8,tech,16000,12012,383,100,168,439,5,5.42,17.71,Medio
4541,4542,2026-08-04 06:24:16,6,tech,5411,4688,120,69,45,553,8,4.99,16.13,Largo
4542,4543,2026-05-12 19:55:08,19,design,6084,5432,272,24,19,299,5,5.8,9.57,Corto
4543,4544,2026-07-27 08:06:53,8,business,1148,991,19,9,7,139,7,3.53,11.2,Muy Corto
4544,4545,2026-03-22 16:17:40,16,tech,266,247,8,3,4,227,3,6.07,21.05,Corto
4545,4546,2026-03-29 11:26:04,11,tech,3057,2707,82,14,35,420,3,4.84,15.44,Medio
4546,4547,2026-05-05 17:06:24,17,design,6694,4539,265,12,13,367,5,6.39,9.19,Corto
4547,4548,2026-05-21 17:18:07,17,business,27764,19555,455,160,114,158,5,3.73,10.26,Muy Corto
4548,4549,2026-05-08 06:16:52,6,tech,8950,6779,193,66,86,435,5,5.09,16.89,Medio
4549,4550,2026-03-24 14:32:54,14,design,15534,13262,1187,102,66,260,3,10.22,16.01,Corto
4550,4551,2026-04-04 13:37:50,13,design,719,501,37,1,2,297,4,7.98,11.38,Corto
4551,4552,2026-07-21 00:54:23,0,tech,4258,3794,91,51,51,251,7,5.09,18.53,Corto
4552,4553,2026-04-14 13:03:44,13,business,2137,1999,36,12,18,190,4,3.3,11.41,Muy Corto
4553,4554,2026-07-30 17:52:50,17,business,2203,1572,31,9,14,110,7,3.44,11.39,Muy Corto
4554,4555,2026-08-17 10:53:42,10,business,2198,2009,50,13,17,182,8,3.98,11.85,Muy Corto
4555,4556,2026-08-19 17:03:33,17,tech,354,273,7,3,2,331,8,4.4,12.82,Corto
4556,4557,2026-03-16 10:27:55,10,tech,4024,2840,99,24,26,405,3,5.25,14.19,Medio
4557,4558,2026-04-17 00:38:38,0,tech,45605,29668,849,259,495,415,4,5.4,19.7,Medio
4558,4559,2026-08-03 17:39:45,17,tech,4183,2855,79,17,28,415,8,4.34,12.99,Medio
4559,4560,2026-05-04 17:50:02,17,tech,17221,11897,432,98,107,374,5,5.35,14.12,Corto
4560,4561,2026-08-12 20:50:21,20,business,7095,4664,95,17,19,142,8,2.81,6.75,Muy Corto
4561,4562,2026-07-01 13:47:55,13,tech,5161,3834,118,44,38,325,7,5.22,15.6,Corto
4562,4563,2026-08-06 00:04:23,0,design,3801,2664,199,9,14,237,8,8.33,13.03,Corto
4563,4564,2026-08-15 18:33:51,18,design,2664,1909,140,14,4,311,8,8.28,11.94,Corto
4564,4565,2026-07-10 11:10:43,11,design,15591,14542,990,95,49,400,7,7.8,12.12,Medio
4565,4566,2026-04-12 13:55:59,13,design,1250,1033,80,4,5,309,4,8.62,13.17,Corto
4566,4567,2026-06-04 10:30:58,10,tech,6356,4721,164,38,81,458,6,5.99,20.42,Medio
4567,4568,2026-04-23 08:01:44,8,tech,4123,3074,110,19,58,252,4,6.08,21.15,Corto
4568,4569,2026-03-16 09:04:04,9,design,3402,2314,122,10,8,275,3,6.05,9.77,Corto
4569,4570,2026-05-01 10:34:11,10,tech,1263,897,22,10,11,489,5,4.79,16.72,Medio
4570,4571,2026-08-16 16:34:26,16,design,2277,1709,135,5,5,309,8,8.48,11.41,Corto
4571,4572,2026-02-21 11:59:04,11,tech,3223,2293,64,25,44,478,2,5.8,22.5,Medio
4572,4573,2026-04-22 06:53:58,6,tech,1824,1295,45,13,15,392,4,5.64,16.76,Medio
4573,4574,2026-05-30 07:14:45,7,business,2995,2288,58,15,22,101,5,4.15,12.85,Muy Corto
4574,4575,2026-08-03 19:12:25,19,tech,5755,4798,147,60,48,496,8,5.31,16.07,Medio
4575,4576,2026-05-31 16:17:23,16,business,5102,4438,50,41,34,106,5,2.82,10.95,Muy Corto
4576,4577,2026-08-06 20:28:37,20,business,1750,1300,36,9,11,144,8,4.31,12.31,Muy Corto
4577,4578,2026-05-17 11:20:38,11,tech,10864,8734,249,56,131,235,5,4.99,17.41,Corto
4578,4579,2026-06-18 15:11:47,15,tech,4416,3029,115,31,26,375,6,5.68,14.76,Medio
4579,4580,2026-05-10 20:50:12,20,tech,5183,4737,186,61,55,263,5,6.38,18.37,Corto
4580,4581,2026-07-16 18:43:20,18,design,10627,8687,490,54,35,229,7,6.67,11.35,Corto
4581,4582,2026-06-26 18:03:07,18,business,9340,8344,234,25,76,124,6,4.01,11.29,Muy Corto
4582,4583,2026-03-14 08:46:48,8,tech,3421,2540,68,32,39,274,3,5.47,20.0,Corto
4583,4584,2026-04-30 18:03:36,18,business,1097,742,19,5,6,112,4,4.04,11.73,Muy Corto
4584,4585,2026-07-09 15:41:05,15,design,551,440,24,1,0,302,7,5.68,6.36,Corto
4585,4586,2026-04-01 04:59:52,4,tech,480,429,10,4,4,385,4,4.2,13.52,Medio
4586,4587,2026-02-21 17:12:15,17,tech,62229,44766,1540,456,391,378,2,5.33,14.5,Medio
4587,4588,2026-07-11 10:42:54,10,tech,22360,17084,373,104,204,505,7,3.99,14.17,Medio
4588,4589,2026-08-04 08:04:22,8,tech,9748,7081,219,104,122,219,8,6.28,22.75,Corto
4589,4590,2026-02-21 14:54:12,14,tech,336,251,6,2,4,288,2,4.78,18.33,Corto
4590,4591,2026-06-14 18:25:53,18,tech,18824,17364,486,200,178,397,6,4.98,15.61,Medio
4591,4592,2026-05-21 15:25:26,15,design,1142,985,74,7,3,304,5,8.53,12.79,Corto
4592,4593,2026-06-01 14:33:22,14,business,11992,8505,87,35,74,134,6,2.3,9.63,Muy Corto
4593,4594,2026-04-22 19:32:44,19,business,6725,5685,156,41,23,179,4,3.87,8.87,Muy Corto
4594,4595,2026-06-12 08:12:37,8,tech,7114,5075,193,74,79,420,6,6.82,22.09,Medio
4595,4596,2026-03-03 12:55:03,12,tech,4282,3299,70,48,51,443,3,5.12,20.31,Medio
4596,4597,2026-04-04 07:25:05,7,design,12221,8731,754,20,29,299,4,9.2,12.21,Corto
4597,4598,2026-03-27 19:26:56,19,design,7288,4801,360,19,25,285,3,8.41,13.25,Corto
4598,4599,2026-07-12 15:47:31,15,design,4492,3276,254,9,9,303,7,8.3,11.05,Corto
4599,4600,2026-03-28 17:09:25,17,design,6496,4737,420,37,25,395,3,10.18,16.21,Medio
4600,4601,2026-07-18 17:17:10,17,tech,40741,33067,1110,310,418,698,7,5.56,17.22,Largo
4601,4602,2026-06-15 12:10:06,12,tech,1399,1011,22,12,9,388,6,4.25,14.05,Medio
4602,4603,2026-07-12 10:25:49,10,design,25795,18309,937,111,75,264,7,6.13,10.82,Corto
4603,4604,2026-06-18 12:10:34,12,tech,1422,1017,35,12,8,584,6,5.41,14.45,Largo
4604,4605,2026-05-01 15:51:24,15,business,417,342,10,3,2,126,5,4.39,11.11,Muy Corto
4605,4606,2026-05-23 14:38:28,14,tech,980,893,26,5,8,435,5,4.37,12.32,Medio
4606,4607,2026-08-10 14:24:03,14,tech,2690,1894,70,24,19,422,8,5.97,16.79,Medio
4607,4608,2026-07-13 18:49:28,18,tech,985,718,22,8,5,587,7,4.87,13.09,Largo
4608,4609,2026-06-30 17:53:08,17,tech,1250,1122,28,8,20,328,6,4.99,19.61,Corto
4609,4610,2026-04-16 07:44:19,7,tech,27108,18991,688,114,232,239,4,5.44,15.8,Corto
4610,4611,2026-02-27 13:22:21,13,design,1319,864,60,3,3,264,2,7.64,11.11,Corto
4611,4612,2026-06-25 09:00:44,9,tech,38522,27043,1007,341,476,273,6,6.74,22.85,Corto
4612,4613,2026-05-31 12:17:48,12,tech,12573,11617,455,96,208,554,5,6.53,21.55,Largo
4613,4614,2026-08-05 09:45:19,9,design,7339,6629,592,20,32,281,8,9.71,14.0,Corto
4614,4615,2026-07-07 14:28:18,14,tech,1473,1220,42,18,23,378,7,6.8,24.43,Medio
4615,4616,2026-03-19 16:40:15,16,tech,1150,770,17,5,10,243,3,4.16,15.19,Corto
4616,4617,2026-03-01 10:07:27,10,tech,8082,7370,286,66,63,621,3,5.63,14.3,Largo
4617,4618,2026-06-28 08:44:45,8,business,1354,1201,13,10,8,172,6,2.58,9.74,Muy Corto
4618,4619,2026-03-16 06:34:18,6,tech,796,701,18,8,9,258,3,4.99,17.4,Corto
4619,4620,2026-03-15 10:08:41,10,design,7043,5314,292,12,12,235,3,5.95,8.2,Corto
4620,4621,2026-05-04 17:45:21,17,design,1528,1277,99,3,6,213,5,8.46,12.45,Corto
4621,4622,2026-05-19 18:38:38,18,tech,2410,2137,48,19,39,274,5,4.96,20.4,Corto
4622,4623,2026-03-02 13:38:52,13,design,2886,1914,96,10,4,228,3,5.75,8.78,Corto
4623,4624,2026-03-10 21:56:05,21,design,1954,1576,93,9,7,251,3,6.92,11.74,Corto
4624,4625,2026-03-12 09:19:36,9,design,9282,6664,552,42,20,289,3,9.21,13.21,Corto
4625,4626,2026-07-03 12:45:02,12,business,9639,7489,125,25,42,114,7,2.56,7.49,Muy Corto
4626,4627,2026-03-29 19:39:41,19,design,727,545,43,2,3,337,3,8.81,13.76,Corto
4627,4628,2026-05-02 10:19:03,10,tech,3344,2277,47,22,27,385,5,4.22,15.42,Medio
4628,4629,2026-04-30 19:23:54,19,tech,9655,6382,236,74,69,219,4,5.94,16.99,Corto
4629,4630,2026-03-31 07:59:42,7,tech,18530,13301,485,164,233,600,3,6.63,22.59,Largo
4630,4631,2026-04-11 08:25:10,8,tech,1523,1140,27,6,13,367,4,4.04,13.6,Corto
4631,4632,2026-03-23 15:47:47,15,tech,4690,3370,100,46,47,251,3,5.73,19.58,Corto
4632,4633,2026-03-05 10:29:37,10,tech,484,444,9,4,7,465,3,4.5,18.24,Medio
4633,4634,2026-05-30 18:29:07,18,design,9389,7778,619,58,29,223,5,9.08,13.92,Corto
4634,4635,2026-05-28 15:47:39,15,design,1322,1118,63,2,6,321,5,6.35,10.64,Corto
4635,4636,2026-03-06 09:42:19,9,tech,2167,1718,47,18,14,321,3,4.6,13.45,Corto
4636,4637,2026-06-08 13:42:40,13,business,6159,4548,84,36,21,86,6,3.1,8.71,Muy Corto
4637,4638,2026-03-18 09:22:21,9,business,1989,1880,37,13,18,144,3,3.62,12.39,Muy Corto
4638,4639,2026-05-18 09:07:51,9,business,7826,6770,135,43,53,135,5,3.41,10.8,Muy Corto
4639,4640,2026-08-16 11:21:24,11,business,34059,32078,537,230,307,196,8,3.35,12.2,Muy Corto
4640,4641,2026-06-20 08:31:00,8,tech,15483,11835,427,112,205,360,6,6.29,21.25,Corto
4641,4642,2026-07-06 14:25:54,14,design,22230,18877,1681,37,70,281,7,9.47,12.66,Corto
4642,4643,2026-04-11 08:53:23,8,tech,1317,1074,29,15,10,402,4,5.03,15.74,Medio
4643,4644,2026-03-31 09:10:46,9,tech,4935,3330,117,16,62,377,3,5.86,20.33,Medio
4644,4645,2026-03-11 11:05:31,11,tech,2972,2078,56,19,30,487,3,5.05,17.9,Medio
4645,4646,2026-03-07 17:47:25,17,design,730,531,27,3,1,334,3,5.84,8.85,Corto
4646,4647,2026-07-07 08:33:43,8,tech,879,826,26,5,12,362,7,5.21,17.19,Corto
4647,4648,2026-03-31 03:29:42,3,design,7831,5379,296,24,11,304,3,6.15,8.92,Corto
4648,4649,2026-07-07 08:25:38,8,business,1094,1010,13,6,6,168,7,2.48,8.42,Muy Corto
4649,4650,2026-06-23 13:53:47,13,business,360,325,4,1,2,111,6,2.15,7.38,Muy Corto
4650,4651,2026-08-08 16:09:50,16,tech,4576,3684,117,37,41,420,8,5.29,16.1,Medio
4651,4652,2026-07-24 07:45:28,7,design,4860,3384,182,17,15,224,7,6.32,10.93,Corto
4652,4653,2026-07-19 12:22:57,12,tech,4905,4026,111,40,40,500,7,4.74,14.68,Medio
4653,4654,2026-03-24 11:03:34,11,tech,7659,5541,180,46,98,496,3,5.85,20.72,Medio
4654,4655,2026-03-06 21:19:32,21,tech,13049,10053,240,137,175,519,3,5.49,21.76,Medio
4655,4656,2026-06-19 17:22:19,17,tech,12747,9414,374,89,96,465,6,5.94,15.91,Medio
4656,4657,2026-08-03 16:13:53,16,tech,10134,7119,226,80,112,397,8,5.87,20.26,Medio
4657,4658,2026-07-19 18:43:03,18,tech,7035,4783,182,66,80,413,7,6.86,22.71,Medio
4658,4659,2026-06-30 10:22:07,10,business,1475,1299,35,8,10,125,6,4.08,11.32,Muy Corto
4659,4660,2026-07-06 15:07:31,15,design,861,733,37,3,3,286,7,5.87,9.96,Corto
4660,4661,2026-06-11 09:04:56,9,design,2408,1847,130,5,10,421,6,7.85,12.45,Medio
4661,4662,2026-04-20 16:00:02,16,design,2293,1845,148,4,9,220,4,8.73,12.79,Corto
4662,4663,2026-06-12 09:59:21,9,tech,3970,3561,118,51,70,394,6,6.71,24.77,Medio
4663,4664,2026-08-16 11:40:02,11,business,58099,47490,659,279,248,113,8,2.5,7.92,Muy Corto
4664,4665,2026-03-02 10:14:17,10,design,27500,20477,1681,113,113,308,3,9.31,14.83,Corto
4665,4666,2026-04-20 11:23:46,11,business,3379,2446,51,14,24,133,4,3.64,12.22,Muy Corto
4666,4667,2026-06-02 10:57:40,10,design,131590,89558,5837,318,301,341,6,7.21,10.63,Corto
4667,4668,2026-08-02 18:17:03,18,business,17976,15363,371,106,66,147,8,3.53,8.61,Muy Corto
4668,4669,2026-05-27 11:39:05,11,tech,1652,1168,37,15,10,217,5,5.31,15.15,Corto
4669,4670,2026-05-18 01:21:18,1,design,1073,799,47,2,2,365,5,6.38,8.89,Corto
4670,4671,2026-06-19 09:39:33,9,tech,3721,2543,58,30,25,340,6,4.44,14.86,Corto
4671,4672,2026-06-03 16:17:29,16,design,7138,6420,336,14,15,282,6,5.69,7.98,Corto
4672,4673,2026-07-24 09:44:27,9,tech,12890,8856,337,55,131,115,7,5.91,18.12,Muy Corto
4673,4674,2026-02-25 13:24:39,13,tech,11172,8547,326,96,91,485,2,6.0,16.82,Medio
4674,4675,2026-07-27 18:56:54,18,tech,5091,4788,119,24,54,431,7,4.11,13.51,Medio
4675,4676,2026-05-22 17:52:02,17,design,6515,5380,382,10,18,342,5,7.62,10.52,Corto
4676,4677,2026-07-22 19:22:47,19,tech,3297,2988,108,15,46,446,7,5.66,17.94,Medio
4677,4678,2026-03-28 13:47:00,13,business,11571,8551,116,45,47,121,3,2.43,7.86,Muy Corto
4678,4679,2026-05-23 15:39:36,15,tech,1506,1090,29,8,18,524,5,5.05,18.81,Medio
4679,4680,2026-05-31 17:02:11,17,business,1236,958,14,4,6,150,5,2.51,8.14,Muy Corto
4680,4681,2026-07-16 16:40:51,16,design,5586,4531,238,18,10,316,7,5.87,8.61,Corto
4681,4682,2026-03-20 18:39:39,18,business,3151,2734,77,14,14,201,3,3.84,8.96,Muy Corto
4682,4683,2026-04-11 09:25:18,9,business,3372,2929,59,16,20,220,4,3.24,9.66,Corto
4683,4684,2026-05-28 16:55:27,16,tech,13768,10494,353,99,180,580,5,6.02,20.86,Largo
4684,4685,2026-03-03 20:17:10,20,tech,1893,1428,53,9,24,444,3,6.02,19.68,Medio
4685,4686,2026-04-14 10:18:59,10,business,29523,27266,386,89,161,96,4,2.33,7.45,Muy Corto
4686,4687,2026-07-17 10:20:49,10,design,4246,2962,237,8,7,359,7,8.51,10.97,Corto
4687,4688,2026-07-05 19:12:11,19,business,8047,6553,128,30,54,160,7,3.24,10.38,Muy Corto
4688,4689,2026-05-10 09:23:21,9,design,2597,2157,171,11,10,267,5,8.9,13.68,Corto
4689,4690,2026-06-07 12:20:24,12,business,2528,2071,43,20,8,183,6,3.43,9.03,Muy Corto
4690,4691,2026-08-08 15:40:28,15,business,3800,3343,38,24,15,131,8,2.3,7.6,Muy Corto
4691,4692,2026-08-10 10:44:29,10,design,2706,2162,186,10,9,357,8,9.48,13.78,Corto
4692,4693,2026-03-18 17:01:55,17,design,8398,7544,481,21,26,306,3,7.0,10.25,Corto
4693,4694,2026-05-14 18:38:47,18,business,8154,7003,150,38,43,197,5,3.3,9.22,Muy Corto
4694,4695,2026-03-24 13:39:50,13,tech,3053,2105,76,25,32,435,3,6.32,20.52,Medio
4695,4696,2026-03-09 18:15:02,18,business,56236,38451,861,329,218,162,3,3.66,10.2,Muy Corto
4696,4697,2026-08-03 16:21:18,16,tech,6385,4277,98,55,37,365,8,4.44,14.36,Corto
4697,4698,2026-05-26 07:30:57,7,business,8737,5771,86,56,31,155,5,3.0,9.67,Muy Corto
4698,4699,2026-04-11 12:22:49,12,tech,11116,9986,373,89,170,278,4,6.33,20.92,Corto
4699,4700,2026-07-06 10:45:11,10,business,1278,1030,13,5,8,152,7,2.52,9.42,Muy Corto
4700,4701,2026-04-18 18:21:10,18,design,15245,13147,697,87,41,324,4,6.28,10.44,Corto
4701,4702,2026-06-28 15:29:00,15,business,921,687,20,4,4,141,6,4.08,9.9,Muy Corto
4702,4703,2026-02-28 10:43:46,10,tech,3547,2329,85,30,34,441,2,6.4,20.48,Medio
4703,4704,2026-05-13 07:57:51,7,tech,5362,3741,136,24,41,523,5,5.37,14.97,Medio
4704,4705,2026-05-03 08:18:10,8,design,5221,3444,232,21,9,314,5,7.61,11.27,Corto
4705,4706,2026-04-06 15:41:45,15,business,6264,4250,58,17,27,135,4,2.4,8.05,Muy Corto
4706,4707,2026-04-23 18:00:51,18,tech,23902,19378,473,174,320,354,4,4.99,19.24,Corto
4707,4708,2026-06-11 08:45:23,8,tech,8246,6706,257,79,110,455,6,6.65,21.67,Medio
4708,4709,2026-07-07 17:07:30,17,design,1233,975,66,5,5,339,7,7.79,12.92,Corto
4709,4710,2026-04-28 10:25:57,10,design,5158,4360,355,34,21,315,4,9.4,15.11,Corto
4710,4711,2026-05-12 09:02:56,9,tech,10828,7044,145,77,70,531,5,4.15,14.38,Medio
4711,4712,2026-05-25 18:00:41,18,tech,3947,3070,84,38,44,447,5,5.41,19.15,Medio
4712,4713,2026-06-26 10:23:54,10,tech,1644,1304,29,18,24,145,6,5.44,22.47,Muy Corto
4713,4714,2026-03-07 05:05:17,5,design,3930,2971,171,14,8,291,3,6.5,9.79,Corto
4714,4715,2026-05-01 16:00:34,16,tech,2887,2077,78,28,33,412,5,6.69,21.86,Medio
4715,4716,2026-05-20 12:03:24,12,design,9952,6564,374,26,31,268,5,6.57,11.06,Corto
4716,4717,2026-07-12 14:15:10,14,tech,2052,1620,39,20,16,342,7,4.63,15.25,Corto
4717,4718,2026-06-30 11:11:52,11,tech,6252,4277,154,36,68,500,6,6.03,19.69,Medio
4718,4719,2026-07-14 05:47:52,5,tech,4293,3030,82,25,42,232,7,4.92,17.1,Corto
4719,4720,2026-08-03 19:59:52,19,design,5170,4121,277,20,16,323,8,7.6,11.77,Corto
4720,4721,2026-08-04 10:59:43,10,business,433,402,8,2,1,124,8,2.74,5.97,Muy Corto
4721,4722,2026-07-26 06:52:07,6,tech,4383,3461,113,20,49,366,7,5.26,16.9,Corto
4722,4723,2026-08-15 16:23:05,16,tech,3552,3346,119,24,54,328,8,5.89,19.34,Corto
4723,4724,2026-07-28 17:50:41,17,design,6174,4749,333,36,10,286,7,7.98,11.73,Corto
4724,4725,2026-03-20 15:22:57,15,design,5205,4008,327,12,12,251,3,8.76,11.75,Corto
4725,4726,2026-04-01 10:22:00,10,tech,1960,1466,35,14,15,474,4,4.37,14.39,Medio
4726,4727,2026-04-14 15:26:08,15,tech,4097,2800,107,41,45,396,4,6.89,22.54,Medio
4727,4728,2026-06-18 14:01:29,14,tech,462,316,12,3,2,394,6,5.38,12.66,Medio
4728,4729,2026-02-26 18:42:12,18,business,26409,18306,515,71,161,161,2,4.08,11.4,Muy Corto
4729,4730,2026-06-13 19:47:34,19,design,712,558,49,2,3,337,6,9.68,14.52,Corto
4730,4731,2026-04-24 11:27:54,11,business,5566,5190,86,16,49,145,4,2.91,10.44,Muy Corto
4731,4732,2026-03-20 08:47:31,8,tech,900,690,23,4,12,403,3,5.65,19.57,Medio
4732,4733,2026-05-04 13:53:40,13,business,10700,8917,223,37,67,141,5,3.67,10.17,Muy Corto
4733,4734,2026-05-22 17:08:41,17,design,3065,2551,144,19,13,338,5,6.9,12.7,Corto
4734,4735,2026-07-11 08:56:36,8,tech,12520,9302,322,64,105,344,7,5.28,15.24,Corto
4735,4736,2026-05-25 09:08:54,9,design,9195,7163,468,45,26,293,5,7.52,11.95,Corto
4736,4737,2026-06-05 14:52:23,14,business,9338,8865,173,26,72,156,6,3.06,9.62,Muy Corto
4737,4738,2026-04-23 10:44:15,10,tech,16618,11532,257,161,155,342,4,4.97,18.57,Corto
4738,4739,2026-03-21 10:35:38,10,design,4692,3207,222,22,13,272,3,8.01,12.91,Corto
4739,4740,2026-05-17 16:29:18,16,business,5451,5012,60,41,31,151,5,2.63,9.42,Muy Corto
4740,4741,2026-04-27 08:00:37,8,business,11371,9972,220,66,89,128,4,3.76,11.99,Muy Corto
4741,4742,2026-05-19 20:07:43,20,business,667,554,15,4,4,141,5,4.15,11.37,Muy Corto
4742,4743,2026-05-10 17:40:18,17,tech,2395,1720,49,16,23,326,5,5.12,17.27,Corto
4743,4744,2026-03-31 20:41:39,20,tech,1906,1643,34,15,30,409,3,4.81,20.33,Medio
4744,4745,2026-02-26 18:56:51,18,design,744,550,35,4,3,240,2,7.64,13.64,Corto
4745,4746,2026-06-19 12:50:54,12,design,839,574,48,4,2,309,6,9.41,13.94,Corto
4746,4747,2026-03-09 05:23:53,5,tech,837,553,11,5,8,330,3,4.34,17.18,Corto
4747,4748,2026-07-24 09:40:59,9,design,17939,14624,752,114,34,190,7,6.15,10.12,Muy Corto
4748,4749,2026-03-04 21:19:55,21,business,12469,9146,123,30,60,147,3,2.33,7.91,Muy Corto
4749,4750,2026-06-14 13:34:31,13,tech,803,565,17,5,6,238,6,4.96,15.04,Corto
4750,4751,2026-06-11 06:08:28,6,design,788,607,37,4,2,306,6,7.08,11.37,Corto
4751,4752,2026-03-31 20:22:47,20,design,629,558,32,1,3,290,3,6.45,10.75,Corto
4752,4753,2026-08-07 10:45:56,10,business,1180,1095,31,9,5,127,8,4.11,9.77,Muy Corto
4753,4754,2026-03-16 11:48:58,11,tech,44838,39178,1168,496,360,266,3,5.17,15.4,Corto
4754,4755,2026-07-30 12:14:34,12,tech,80830,66205,1736,724,666,353,7,4.72,15.04,Corto
4755,4756,2026-08-03 11:11:43,11,tech,5015,3871,113,45,56,389,8,5.53,19.14,Medio
4756,4757,2026-08-11 06:50:57,6,tech,2375,2088,70,28,28,260,8,6.03,19.44,Corto
4757,4758,2026-05-21 12:49:23,12,business,1000,931,12,3,4,144,5,2.04,6.02,Muy Corto
4758,4759,2026-03-16 20:27:52,20,tech,4141,2785,103,19,23,362,3,5.21,13.03,Corto
4759,4760,2026-03-10 08:39:24,8,design,4768,3734,266,11,20,256,3,7.95,12.59,Corto
4760,4761,2026-06-27 12:50:24,12,tech,1478,1137,27,8,10,480,6,3.96,12.23,Medio
4761,4762,2026-07-29 19:31:34,19,design,8940,6280,480,48,19,276,7,8.71,13.12,Corto
4762,4763,2026-05-25 12:21:57,12,tech,1308,883,30,8,9,111,5,5.32,15.18,Muy Corto
4763,4764,2026-07-22 05:43:11,5,design,3685,3418,173,11,7,281,7,5.59,7.99,Corto
4764,4765,2026-03-18 16:46:52,16,tech,6381,5922,219,45,101,351,3,6.16,20.38,Corto
4765,4766,2026-07-03 14:57:45,14,tech,4086,3676,113,20,47,293,7,4.9,15.48,Corto
4766,4767,2026-05-26 23:07:19,23,tech,2902,2303,90,19,23,386,5,5.73,15.2,Medio
4767,4768,2026-03-03 12:00:26,12,tech,10356,8998,223,53,129,407,3,4.5,16.3,Medio
4768,4769,2026-07-06 16:41:55,16,business,2124,1706,19,12,9,121,7,2.34,8.15,Muy Corto
4769,4770,2026-06-27 09:53:17,9,design,12080,8068,433,64,45,337,6,6.72,13.0,Corto
4770,4771,2026-04-24 14:10:52,14,tech,6879,6234,240,86,84,451,4,6.58,20.15,Medio
4771,4772,2026-05-30 18:24:18,18,tech,1515,1095,43,8,15,139,5,6.03,17.81,Muy Corto
4772,4773,2026-05-16 19:41:29,19,design,2394,2175,155,14,7,310,5,8.09,12.28,Corto
4773,4774,2026-07-23 12:35:14,12,tech,3954,3471,122,18,40,550,7,5.19,14.81,Largo
4774,4775,2026-07-06 15:53:02,15,tech,4496,3565,71,26,71,555,7,4.71,20.84,Largo
4775,4776,2026-07-03 10:09:55,10,business,3213,2477,58,11,18,162,7,3.51,9.93,Muy Corto
4776,4777,2026-03-29 14:18:15,14,business,20705,14004,390,124,133,92,3,4.62,13.92,Muy Corto
4777,4778,2026-08-07 16:27:00,16,business,11889,8473,119,80,49,117,8,2.93,9.81,Muy Corto
4778,4779,2026-06-30 17:27:58,17,design,9456,6271,498,15,33,393,6,8.71,13.11,Medio
4779,4780,2026-07-19 13:45:41,13,business,10992,7972,134,30,73,157,7,2.97,10.51,Muy Corto
4780,4781,2026-04-22 13:09:20,13,business,33572,22797,617,218,211,124,4,4.59,13.94,Muy Corto
4781,4782,2026-03-01 19:07:47,19,design,888,815,73,5,4,324,3,10.06,15.34,Corto
4782,4783,2026-06-27 14:20:16,14,tech,1359,1215,44,9,15,612,6,5.6,16.46,Largo
4783,4784,2026-04-23 17:01:43,17,tech,9556,8422,200,46,138,317,4,4.56,17.67,Corto
4784,4785,2026-05-26 16:10:20,16,business,1711,1472,20,6,7,89,5,2.24,6.79,Muy Corto
4785,4786,2026-06-14 17:05:30,17,tech,12193,10894,277,145,200,442,6,5.71,22.55,Medio
4786,4787,2026-03-21 15:10:30,15,tech,7116,5570,207,64,107,607,3,6.79,23.68,Largo
4787,4788,2026-08-05 09:19:32,9,design,881,611,39,1,3,302,8,7.04,10.97,Corto
4788,4789,2026-08-03 18:41:57,18,tech,3222,2276,63,14,37,361,8,5.01,18.23,Corto
4789,4790,2026-08-02 14:19:50,14,design,1461,1372,97,4,3,383,8,7.58,9.99,Medio
4790,4791,2026-07-21 19:31:43,19,tech,5478,4961,179,43,92,480,7,6.33,21.91,Medio
4791,4792,2026-08-02 11:04:09,11,business,4628,4104,109,21,36,102,8,4.04,11.72,Muy Corto
4792,4793,2026-03-07 13:02:51,13,design,1062,907,62,3,4,353,3,7.61,11.69,Corto
4793,4794,2026-05-01 13:27:10,13,design,5103,3439,231,22,8,230,5,7.59,11.14,Corto
4794,4795,2026-08-07 12:20:15,12,tech,5770,4876,136,29,62,417,8,4.66,15.34,Medio
4795,4796,2026-07-18 13:16:49,13,tech,9388,7813,166,75,143,462,7,4.91,20.61,Medio
4796,4797,2026-06-20 21:25:42,21,design,11532,10595,877,81,51,324,6,9.52,15.19,Corto
4797,4798,2026-08-14 08:49:54,8,design,5299,4344,327,22,10,321,8,8.26,11.4,Corto
4798,4799,2026-06-21 17:59:10,17,tech,15985,12965,395,177,228,396,6,6.17,22.58,Medio
4799,4800,2026-06-24 07:17:32,7,tech,14385,11929,351,111,168,406,6,5.28,17.93,Medio
4800,4801,2026-03-18 16:25:48,16,business,6123,4308,58,41,42,103,3,3.27,12.95,Muy Corto
4801,4802,2026-03-01 10:17:54,10,tech,13404,9245,302,62,138,217,3,5.43,17.89,Corto
4802,4803,2026-07-17 10:16:05,10,design,3997,3279,291,17,17,347,7,9.91,15.1,Corto
4803,4804,2026-05-12 10:40:28,10,business,5878,4843,97,27,24,169,5,3.06,8.2,Muy Corto
4804,4805,2026-05-18 09:02:18,9,tech,3807,2896,76,34,38,426,5,5.11,17.82,Medio
4805,4806,2026-03-26 07:30:33,7,design,4766,3126,175,18,10,373,3,6.49,10.46,Corto
4806,4807,2026-04-10 20:12:45,20,tech,1785,1342,52,11,17,567,4,5.96,17.29,Largo
4807,4808,2026-05-25 22:24:45,22,tech,13945,9092,188,125,160,571,5,5.2,21.65,Largo
4808,4809,2026-04-21 10:59:16,10,business,6463,5826,173,50,51,187,4,4.7,13.41,Muy Corto
4809,4810,2026-06-28 11:56:19,11,tech,1259,877,33,5,8,421,6,5.25,13.34,Medio
4810,4811,2026-07-10 21:50:29,21,design,2227,1685,89,12,9,341,7,6.53,12.4,Corto
4811,4812,2026-04-03 09:35:30,9,design,3676,2955,218,8,14,357,4,8.12,12.25,Corto
4812,4813,2026-06-02 15:38:58,15,design,20741,17157,1075,75,87,263,6,7.21,12.07,Corto
4813,4814,2026-03-21 09:39:35,9,tech,27441,25995,622,227,379,520,3,4.72,17.55,Medio
4814,4815,2026-03-18 14:52:15,14,business,12100,9529,228,33,48,142,3,3.24,7.81,Muy Corto
4815,4816,2026-03-31 10:33:26,10,tech,13442,8966,323,90,144,504,3,6.21,20.47,Medio
4816,4817,2026-04-12 21:07:02,21,tech,4661,3621,74,44,50,396,4,4.64,17.95,Medio
4817,4818,2026-08-01 18:51:59,18,tech,5958,4702,148,51,69,245,8,5.7,19.23,Corto
4818,4819,2026-08-19 10:26:12,10,tech,11076,8840,323,55,137,352,8,5.83,18.54,Corto
4819,4820,2026-04-18 14:48:30,14,design,10292,7102,498,39,31,277,4,8.0,12.7,Corto
4820,4821,2026-08-19 13:14:27,13,design,3463,2349,130,8,13,255,8,6.43,11.32,Corto
4821,4822,2026-05-12 10:50:52,10,tech,10289,7066,198,61,130,273,5,5.51,20.97,Corto
4822,4823,2026-05-11 15:07:16,15,design,4034,3327,219,9,18,326,5,7.39,11.99,Corto
4823,4824,2026-05-23 09:01:46,9,design,5239,4222,367,21,17,315,5,9.59,13.9,Corto
4824,4825,2026-07-22 11:06:26,11,tech,2806,2235,59,22,28,390,7,4.88,16.6,Medio
4825,4826,2026-05-31 09:16:02,9,tech,3479,3048,90,21,46,294,5,5.15,17.78,Corto
4826,4827,2026-07-11 14:45:19,14,tech,1787,1194,29,9,23,528,7,5.11,20.85,Medio
4827,4828,2026-02-24 23:25:24,23,design,8247,6626,565,25,35,313,2,9.43,14.26,Corto
4828,4829,2026-04-27 13:36:04,13,business,4839,4473,84,18,29,174,4,2.93,8.67,Muy Corto
4829,4830,2026-02-27 12:56:02,12,tech,3022,2604,85,13,26,550,2,4.76,13.25,Largo
4830,4831,2026-04-24 16:56:47,16,design,2038,1465,118,9,6,313,4,9.08,13.79,Corto
4831,4832,2026-04-09 15:37:24,15,business,1170,1005,29,8,7,113,4,4.38,11.64,Muy Corto
4832,4833,2026-07-07 11:31:40,11,business,7825,6125,136,59,60,176,7,4.16,13.91,Muy Corto
4833,4834,2026-06-28 09:10:33,9,tech,5254,4825,163,39,71,345,6,5.66,18.38,Corto
4834,4835,2026-04-26 17:33:55,17,tech,4863,3551,131,20,53,482,4,5.74,17.88,Medio
4835,4836,2026-06-20 12:05:26,12,design,3644,3192,276,21,13,357,6,9.71,14.54,Corto
4836,4837,2026-03-18 10:51:41,10,tech,1546,1135,35,9,15,381,3,5.2,16.83,Medio
4837,4838,2026-06-11 21:04:45,21,design,51507,43881,2982,279,118,284,6,7.7,11.49,Corto
4838,4839,2026-07-21 15:01:45,15,tech,11067,7327,237,41,103,198,7,5.2,16.72,Muy Corto
4839,4840,2026-02-20 16:23:23,16,tech,2172,1703,53,9,31,509,2,5.46,19.79,Medio
4840,4841,2026-04-27 09:54:13,9,tech,31547,26718,658,326,473,344,4,5.45,21.51,Corto
4841,4842,2026-07-05 13:12:53,13,business,709,515,14,2,4,120,7,3.88,10.49,Muy Corto
4842,4843,2026-04-18 08:39:59,8,design,6525,5332,406,29,29,334,4,8.7,14.14,Corto
4843,4844,2026-08-16 08:07:10,8,design,1685,1166,98,5,6,227,8,9.35,14.24,Corto
4844,4845,2026-06-18 11:40:19,11,design,6176,4690,336,34,10,306,6,8.1,11.77,Corto
4845,4846,2026-05-01 09:28:06,9,design,32015,22104,1458,133,107,336,5,7.68,12.88,Corto
4846,4847,2026-06-18 19:01:09,19,tech,4298,3947,89,33,77,383,6,5.04,21.21,Medio
4847,4848,2026-07-29 18:02:19,18,design,431,302,17,2,1,257,7,6.62,10.93,Corto
4848,4849,2026-08-08 09:15:44,9,tech,8973,8517,261,125,148,456,8,6.27,22.84,Medio
4849,4850,2026-06-23 18:11:19,18,tech,20367,17405,596,157,280,488,6,5.94,19.9,Medio
4850,4851,2026-03-06 20:36:29,20,design,2330,1784,100,12,10,326,3,6.84,12.78,Corto
4851,4852,2026-04-22 12:36:46,12,tech,1612,1083,38,12,18,346,4,6.28,21.24,Corto
4852,4853,2026-06-24 16:24:24,16,tech,5494,5019,103,28,77,331,6,4.14,16.56,Corto
4853,4854,2026-03-10 18:13:07,18,tech,15294,12175,419,154,213,338,3,6.46,22.5,Corto
4854,4855,2026-07-25 17:14:07,17,business,35867,28668,639,111,140,132,7,3.1,7.68,Muy Corto
4855,4856,2026-03-22 07:36:12,7,business,2225,1885,28,18,12,132,3,3.08,10.4,Muy Corto
4856,4857,2026-04-19 09:44:41,9,business,1579,1064,28,6,4,186,4,3.57,7.89,Muy Corto
4857,4858,2026-07-16 09:59:11,9,business,10892,7117,199,56,36,162,7,4.09,9.99,Muy Corto
4858,4859,2026-07-22 14:41:53,14,business,4485,3000,81,16,22,109,7,3.97,10.7,Muy Corto
4859,4860,2026-05-31 18:00:32,18,tech,3570,3321,99,32,27,396,5,4.76,13.34,Medio
4860,4861,2026-03-24 14:30:25,14,tech,679,457,16,5,4,435,3,5.47,14.88,Medio
4861,4862,2026-03-25 16:18:14,16,tech,21174,14402,412,99,116,413,3,4.35,12.05,Medio
4862,4863,2026-03-08 08:49:21,8,design,9808,8873,506,37,25,281,3,6.4,9.62,Corto
4863,4864,2026-05-17 16:40:24,16,design,19607,12843,784,94,70,305,5,7.38,13.39,Corto
4864,4865,2026-03-13 16:04:20,16,design,3838,3289,170,20,17,273,3,6.29,11.74,Corto
4865,4866,2026-03-03 23:36:26,23,tech,2597,2302,80,32,23,390,3,5.86,17.03,Medio
4866,4867,2026-08-13 12:59:16,12,tech,754,600,13,5,7,495,8,4.17,14.83,Medio
4867,4868,2026-05-06 18:00:22,18,tech,1770,1246,41,15,23,484,5,6.34,22.87,Medio
4868,4869,2026-04-19 19:32:09,19,tech,4292,3941,137,27,53,250,4,5.51,16.98,Corto
4869,4870,2026-05-23 18:09:16,18,tech,1114,1011,30,7,17,455,5,5.34,19.19,Medio
4870,4871,2026-07-06 16:08:29,16,design,2553,1977,137,9,6,325,7,7.69,11.18,Corto
4871,4872,2026-03-28 14:01:54,14,business,5044,4526,96,38,40,185,3,3.84,12.55,Muy Corto
4872,4873,2026-07-04 17:57:10,17,tech,6838,5307,199,49,99,348,7,6.54,22.37,Corto
4873,4874,2026-03-23 13:55:41,13,design,6523,5628,354,18,25,281,3,7.05,11.12,Corto
4874,4875,2026-03-07 11:14:05,11,design,684,646,52,1,3,235,3,8.67,12.38,Corto
4875,4876,2026-05-02 07:30:30,7,tech,1587,1396,49,15,15,520,5,5.66,16.4,Medio
4876,4877,2026-03-17 10:32:10,10,business,865,712,20,3,5,103,3,3.93,10.11,Muy Corto
4877,4878,2026-04-03 16:16:32,16,business,11975,11118,140,37,53,100,4,2.07,6.4,Muy Corto
4878,4879,2026-05-24 17:27:37,17,tech,44437,41136,1552,456,415,273,5,5.89,16.28,Corto
4879,4880,2026-08-14 15:34:26,15,design,2617,1890,105,11,10,281,8,6.67,12.12,Corto
4880,4881,2026-05-16 10:31:27,10,tech,3551,2930,73,15,31,276,5,4.06,13.0,Corto
4881,4882,2026-08-01 08:03:24,8,design,11904,10560,906,70,43,260,8,9.65,14.49,Corto
4882,4883,2026-07-20 12:16:27,12,design,22650,21300,1401,80,120,308,7,7.52,12.59,Corto
4883,4884,2026-04-24 14:11:00,14,tech,1307,1222,36,10,20,332,4,5.4,19.31,Corto
4884,4885,2026-03-19 23:31:48,23,design,15923,12308,1034,88,57,392,3,9.58,14.97,Medio
4885,4886,2026-06-29 13:51:00,13,design,5789,4661,322,29,13,276,6,7.81,11.63,Corto
4886,4887,2026-02-24 12:53:40,12,tech,6124,4403,156,61,69,377,2,6.5,21.62,Medio
4887,4888,2026-04-27 14:44:25,14,design,3709,3237,184,6,15,244,4,6.33,10.13,Corto
4888,4889,2026-04-29 08:05:35,8,tech,1123,737,20,4,6,499,4,4.07,11.4,Medio
4889,4890,2026-03-10 12:36:17,12,tech,2442,1981,49,26,31,339,3,5.35,20.24,Corto
4890,4891,2026-03-01 10:24:58,10,tech,11670,9062,275,120,134,489,3,5.84,20.16,Medio
4891,4892,2026-06-03 18:51:23,18,design,7761,7068,488,55,35,307,6,8.18,13.98,Corto
4892,4893,2026-07-29 13:13:50,13,tech,4123,2692,68,38,53,377,7,5.91,23.92,Medio
4893,4894,2026-05-05 16:52:01,16,business,1102,1011,11,3,7,185,5,2.08,7.81,Muy Corto
4894,4895,2026-05-21 18:21:49,18,design,3391,2733,207,16,11,230,5,8.56,13.14,Corto
4895,4896,2026-07-30 19:22:50,19,business,9386,7517,105,25,60,168,7,2.53,9.11,Muy Corto
4896,4897,2026-03-04 19:13:16,19,tech,339,298,10,3,2,426,3,5.03,12.75,Medio
4897,4898,2026-04-08 19:31:47,19,tech,1933,1472,47,10,25,270,4,5.57,19.5,Corto
4898,4899,2026-06-02 09:23:39,9,business,437,294,8,1,1,132,6,3.4,6.8,Muy Corto
4899,4900,2026-02-22 18:30:10,18,design,24137,20253,1484,123,64,199,2,8.25,12.28,Muy Corto
4900,4901,2026-07-21 11:28:36,11,business,7784,5089,146,17,41,174,7,4.01,10.65,Muy Corto
4901,4902,2026-08-14 16:09:10,16,design,916,711,37,3,1,232,8,5.77,8.02,Corto
4902,4903,2026-04-30 17:36:17,17,tech,4331,3881,136,24,48,239,4,5.36,15.87,Corto
4903,4904,2026-05-23 16:45:03,16,tech,6353,5878,212,40,98,236,5,5.95,19.67,Corto
4904,4905,2026-05-12 07:48:16,7,business,17726,16448,397,112,111,159,5,3.77,10.54,Muy Corto
4905,4906,2026-03-04 17:23:04,17,tech,6566,5916,231,64,57,327,3,5.95,15.94,Corto
4906,4907,2026-03-28 16:36:45,16,tech,22449,17553,490,205,141,412,3,4.76,13.89,Medio
4907,4908,2026-07-07 00:31:58,0,design,5987,5173,319,32,17,390,7,7.11,11.27,Medio
4908,4909,2026-04-22 21:55:30,21,tech,1688,1310,39,18,19,240,4,5.8,20.08,Corto
4909,4910,2026-03-06 19:56:02,19,design,1265,901,49,4,2,304,3,6.1,8.99,Corto
4910,4911,2026-05-19 15:08:31,15,design,3123,2895,256,15,14,408,5,9.84,14.78,Medio
4911,4912,2026-03-20 19:56:19,19,design,1377,1101,68,6,3,316,3,6.99,10.54,Corto
4912,4913,2026-04-30 19:28:01,19,design,4455,3329,251,16,8,304,4,8.26,11.38,Corto
4913,4914,2026-08-04 12:29:21,12,tech,860,659,20,7,9,362,8,5.46,18.21,Corto
4914,4915,2026-04-07 10:36:09,10,business,1826,1299,32,7,7,142,4,3.54,8.93,Muy Corto
4915,4916,2026-04-11 07:48:10,7,tech,9366,6567,246,40,72,425,4,5.45,14.95,Medio
4916,4917,2026-03-22 12:57:23,12,design,4707,3518,214,19,8,322,3,6.85,10.06,Corto
4917,4918,2026-06-27 17:58:34,17,business,318,297,7,2,1,100,6,3.37,7.74,Muy Corto
4918,4919,2026-04-16 12:33:04,12,tech,4355,3843,100,39,71,292,4,5.46,21.44,Corto
4919,4920,2026-07-09 11:23:03,11,business,2347,2120,49,17,17,206,7,3.92,11.93,Corto
4920,4921,2026-04-29 14:13:41,14,tech,10640,7914,235,95,100,425,4,5.43,17.88,Medio
4921,4922,2026-08-19 08:03:57,8,tech,543,354,9,3,5,394,8,4.8,17.23,Medio
4922,4923,2026-07-02 14:15:53,14,design,862,560,35,3,2,312,7,7.14,11.25,Corto
4923,4924,2026-04-06 14:02:31,14,tech,3666,3021,76,42,49,294,4,5.53,21.05,Corto
4924,4925,2026-02-28 13:27:53,13,business,2209,1699,39,14,14,148,2,3.94,12.18,Muy Corto
4925,4926,2026-05-01 12:00:46,12,tech,436,360,12,4,5,364,5,5.83,18.89,Corto
4926,4927,2026-04-25 17:56:11,17,design,42864,35954,2801,234,98,302,4,8.71,12.57,Corto
4927,4928,2026-04-24 14:19:36,14,design,708,587,42,3,1,173,4,7.84,10.56,Muy Corto
4928,4929,2026-08-13 07:14:37,7,tech,2016,1762,38,17,23,466,8,4.43,16.46,Medio
4929,4930,2026-03-31 09:46:38,9,tech,3597,2393,95,12,32,400,3,5.81,16.67,Medio
4930,4931,2026-05-02 13:38:42,13,tech,4354,2960,96,21,29,360,5,4.93,13.92,Corto
4931,4932,2026-05-21 17:45:34,17,business,6147,5133,137,35,46,114,5,4.25,12.57,Muy Corto
4932,4933,2026-06-04 23:49:35,23,design,1214,1069,92,7,4,221,6,9.64,14.22,Corto
4933,4934,2026-07-08 11:36:45,11,tech,29631,21597,541,148,276,451,7,4.47,15.47,Medio
4934,4935,2026-08-08 11:32:35,11,tech,3430,2363,87,31,25,397,8,6.05,17.39,Medio
4935,4936,2026-03-13 09:03:20,9,design,599,440,28,2,2,308,3,7.27,11.82,Corto
4936,4937,2026-08-13 13:40:31,13,business,3424,2840,75,18,18,164,8,3.91,10.25,Muy Corto
4937,4938,2026-05-02 08:25:15,8,design,1308,852,46,2,4,327,5,6.1,10.09,Corto
4938,4939,2026-07-18 09:06:29,9,design,1280,968,72,6,3,276,7,8.37,12.4,Corto
4939,4940,2026-06-04 13:38:23,13,tech,2575,2125,52,28,24,371,6,4.89,16.75,Corto
4940,4941,2026-04-16 10:12:25,10,business,1427,972,13,5,4,126,4,2.26,6.69,Muy Corto
4941,4942,2026-08-03 00:32:44,0,design,306,237,18,0,1,218,8,8.02,10.97,Corto
4942,4943,2026-03-26 13:00:37,13,tech,1769,1546,30,21,17,396,3,4.4,16.17,Medio
4943,4944,2026-03-25 12:54:34,12,business,5036,4428,71,24,41,134,3,3.07,11.18,Muy Corto
4944,4945,2026-07-03 15:07:37,15,tech,2611,2342,82,28,19,390,7,5.51,14.77,Medio
4945,4946,2026-08-14 11:28:08,11,tech,1341,1146,39,8,12,525,8,5.15,14.57,Medio
4946,4947,2026-03-12 09:42:21,9,business,11178,8603,223,43,68,171,3,3.88,10.91,Muy Corto
4947,4948,2026-03-20 16:31:36,16,business,10510,7749,148,77,75,121,3,3.87,13.63,Muy Corto
4948,4949,2026-07-20 14:08:41,14,tech,1949,1833,69,9,29,357,7,5.84,18.39,Corto
4949,4950,2026-06-11 10:05:39,10,design,10944,9190,671,58,21,294,6,8.16,11.65,Corto
4950,4951,2026-03-14 08:23:10,8,tech,23703,18346,382,229,152,402,3,4.16,13.7,Medio
4951,4952,2026-02-22 12:39:49,12,design,11641,8092,538,44,46,300,2,7.76,13.37,Corto
4952,4953,2026-03-15 17:34:24,17,business,503,372,4,2,1,149,3,1.88,5.38,Muy Corto
4953,4954,2026-07-05 17:06:02,17,design,4303,3774,250,24,17,289,7,7.71,12.77,Corto
4954,4955,2026-06-25 10:29:07,10,tech,3003,2072,78,19,21,389,6,5.69,15.54,Medio
4955,4956,2026-05-30 08:24:43,8,business,2035,1724,28,17,12,202,5,3.31,11.14,Muy Corto
4956,4957,2026-07-02 18:23:46,18,design,19546,13189,823,105,51,302,7,7.42,12.52,Corto
4957,4958,2026-03-31 17:50:06,17,design,1681,1200,77,8,5,323,3,7.5,12.42,Corto
4958,4959,2026-08-15 23:33:22,23,business,1092,913,11,5,8,115,8,2.63,10.41,Muy Corto
4959,4960,2026-03-16 14:22:01,14,tech,1988,1692,36,22,19,413,3,4.55,16.31,Medio
4960,4961,2026-04-23 13:43:07,13,tech,9412,6768,169,33,103,270,4,4.51,16.62,Corto
4961,4962,2026-06-08 06:18:43,6,tech,4492,3294,97,24,36,360,6,4.77,14.6,Corto
4962,4963,2026-05-13 10:06:20,10,design,34432,27304,1639,159,81,357,5,6.88,10.71,Corto
4963,4964,2026-02-24 16:00:09,16,tech,19386,15084,401,216,243,404,2,5.7,21.27,Medio
4964,4965,2026-08-14 17:33:23,17,business,404,330,8,1,2,182,8,3.33,8.48,Muy Corto
4965,4966,2026-04-12 07:56:09,7,design,4184,3626,203,7,20,274,4,6.34,10.78,Corto
4966,4967,2026-06-12 10:43:07,10,design,1320,991,66,7,5,319,6,7.87,13.52,Corto
4967,4968,2026-06-12 12:16:27,12,tech,8699,6324,219,56,123,205,6,6.29,22.56,Corto
4968,4969,2026-03-07 16:31:00,16,tech,2055,1826,62,25,16,356,3,5.64,15.88,Corto
4969,4970,2026-02-26 12:20:26,12,tech,8828,5819,219,56,87,438,2,6.22,19.57,Medio
4970,4971,2026-03-20 21:18:51,21,tech,2800,1891,37,22,37,260,3,5.08,22.26,Corto
4971,4972,2026-07-19 10:03:12,10,design,1736,1522,90,4,5,201,7,6.5,9.59,Muy Corto
4972,4973,2026-06-28 17:01:19,17,design,915,595,30,1,3,316,6,5.71,9.75,Corto
4973,4974,2026-03-19 09:42:10,9,tech,11033,7705,220,76,85,546,3,4.94,15.63,Medio
4974,4975,2026-07-29 02:07:26,2,business,3038,2658,33,24,26,95,7,3.12,12.68,Muy Corto
4975,4976,2026-06-13 06:59:57,6,tech,4418,3093,68,37,50,392,6,5.01,19.92,Medio
4976,4977,2026-05-29 15:23:28,15,tech,6141,5402,199,53,85,315,5,6.24,20.2,Corto
4977,4978,2026-04-15 16:31:18,16,tech,1328,1176,45,12,9,461,4,5.61,14.03,Medio
4978,4979,2026-08-03 18:27:19,18,tech,8949,8052,246,94,116,392,8,5.66,19.25,Medio
4979,4980,2026-04-24 08:50:56,8,business,2327,1616,37,12,13,117,4,3.84,11.7,Muy Corto
4980,4981,2026-06-01 14:29:27,14,business,2015,1371,38,12,7,149,6,4.16,10.36,Muy Corto
4981,4982,2026-08-12 15:33:46,15,tech,2566,2211,73,23,22,388,8,5.34,15.42,Medio
4982,4983,2026-05-09 18:28:06,18,tech,19577,13538,328,158,151,255,5,4.71,16.01,Corto
4983,4984,2026-05-07 10:33:50,10,tech,1238,983,32,9,9,427,5,5.09,14.24,Medio
4984,4985,2026-05-28 10:14:12,10,business,11224,10455,266,31,78,144,5,3.59,9.7,Muy Corto
4985,4986,2026-08-14 12:51:59,12,tech,701,591,13,4,8,514,8,4.23,15.74,Medio
4986,4987,2026-04-21 10:33:51,10,design,8106,6847,399,33,25,338,4,6.67,10.68,Corto
4987,4988,2026-07-23 22:10:00,22,design,4474,3125,176,23,9,264,7,6.66,10.88,Corto
4988,4989,2026-03-17 13:17:00,13,tech,1568,1363,44,10,17,511,3,5.21,16.14,Medio
4989,4990,2026-07-27 15:00:23,15,tech,4150,3897,84,45,38,344,7,4.29,14.58,Corto
4990,4991,2026-07-06 15:20:09,15,tech,2842,2627,70,24,36,429,7,4.95,17.28,Medio
4991,4992,2026-07-18 10:41:00,10,design,2024,1496,120,5,3,297,7,8.56,10.96,Corto
4992,4993,2026-05-08 09:55:13,9,design,45944,40362,2769,166,98,341,5,7.51,10.45,Corto
4993,4994,2026-07-18 10:09:09,10,tech,13621,10836,300,155,98,386,7,5.1,15.73,Medio
4994,4995,2026-04-18 14:00:45,14,tech,253,217,7,2,2,350,4,5.07,14.29,Corto
4995,4996,2026-04-07 15:21:45,15,design,1537,1320,81,6,5,303,4,6.97,10.98,Corto
4996,4997,2026-06-26 12:10:34,12,design,8742,6240,508,39,33,371,6,9.29,14.87,Corto
4997,4998,2026-05-29 13:29:06,13,tech,883,767,15,8,6,498,5,3.78,12.39,Medio
4998,4999,2026-08-18 15:40:57,15,design,10783,8828,709,47,23,292,8,8.82,12.25,Corto
4999,5000,2026-03-17 11:15:18,11,tech,2705,1933,77,24,17,282,3,6.1,15.99,Corto
